 50:45.679  100:45.679  150:45.679  200:45.679  250:45.679  300:45.679  350:43.21  400:43.21  450:43.21  500:40.741 TEST REPORT=>
CLASS[  0 (  6)] FAIL=100.00% 
CLASS[  1 (  4)] FAIL=50.00% 
CLASS[  2 (  7)] FAIL= 0.00% 
GENERATION=    1 FITNESS=    -40.74% TEST_ERROR=     47.06%
PROGRAMS=
if(x6>(x6-(-4.9))) CLASS=0.00
else 
if(x12>=x3) CLASS=1.00
else 
CLASS=2.00
** CONFUSION MATRIX ** Number of classes: 3
   0    5    1 
   0    2    2 
   0    0    7 
TEST REPORT=>
CLASS[  0 (  6)] FAIL=100.00% 
CLASS[  1 (  4)] FAIL=50.00% 
CLASS[  2 (  7)] FAIL= 0.00% 
CLASS_ERROR:   47.0588235294 PRECISION:    0.4928571429 RECALL:    0.5000000000 F1SCORE:    0.4964028777
 50:40.741  100:40.741  150:34.568  200:25.309  250:25.309  300:25.309  350:25.309  400:25.309  450:25.309  500:25.309 TEST REPORT=>
CLASS[  0 (  6)] FAIL=83.33% 
CLASS[  1 (  4)] FAIL=50.00% 
CLASS[  2 (  7)] FAIL= 0.00% 
GENERATION=    2 FITNESS=    -25.31% TEST_ERROR=     41.18%
PROGRAMS=
if(!(x9<=((-4.7)-(-86.0))&x7>=x10&x12>=x10|!(x7>=exp(x11)))) CLASS=0.00
else 
if(x12>=x3) CLASS=1.00
else 
CLASS=2.00
** CONFUSION MATRIX ** Number of classes: 3
   1    4    1 
   0    2    2 
   0    0    7 
TEST REPORT=>
CLASS[  0 (  6)] FAIL=83.33% 
CLASS[  1 (  4)] FAIL=50.00% 
CLASS[  2 (  7)] FAIL= 0.00% 
CLASS_ERROR:   41.1764705882 PRECISION:    0.6777777778 RECALL:    0.5555555556 F1SCORE:    0.6106106106
 50:25.309  100:23.457  150:23.457  200:17.284  250:17.284  300:17.284  350:17.284  400:17.284  450:17.284  500:17.284 TEST REPORT=>
CLASS[  0 (  6)] FAIL= 0.00% 
CLASS[  1 (  4)] FAIL=50.00% 
CLASS[  2 (  7)] FAIL=14.29% 
GENERATION=    3 FITNESS=    -17.28% TEST_ERROR=     17.65%
PROGRAMS=
if(!(x8<=cos(sin(sin((exp(((x13+sin((-70.3)))+(-6.0)))/(x10+x3+(-12.27))))))&!(x4<=((-5.9)/(-3.0))&x8>=(-9.88)&x11>x7))) CLASS=0.00
else 
if(x12>=x3) CLASS=1.00
else 
CLASS=2.00
** CONFUSION MATRIX ** Number of classes: 3
   6    0    0 
   1    2    1 
   1    0    6 
TEST REPORT=>
CLASS[  0 (  6)] FAIL= 0.00% 
CLASS[  1 (  4)] FAIL=50.00% 
CLASS[  2 (  7)] FAIL=14.29% 
CLASS_ERROR:   17.6470588235 PRECISION:    0.8690476190 RECALL:    0.7857142857 F1SCORE:    0.8252826310
 50:17.284  100:17.284  150:17.284  200:17.284  250:17.284  300:17.284  350:17.284  400:17.284  450:17.284  500:17.284 TEST REPORT=>
CLASS[  0 (  6)] FAIL= 0.00% 
CLASS[  1 (  4)] FAIL=50.00% 
CLASS[  2 (  7)] FAIL=14.29% 
GENERATION=    4 FITNESS=    -17.28% TEST_ERROR=     17.65%
PROGRAMS=
if(!(x8<=cos(sin(sin((exp(((x13+sin((-70.3)))+(-6.0)))/(x10+x3+(-12.27))))))&!(x4<=((-5.9)/(-3.0))&x8>=(-9.88)&x11>x7))) CLASS=0.00
else 
if(x12>=x3) CLASS=1.00
else 
CLASS=2.00
** CONFUSION MATRIX ** Number of classes: 3
   6    0    0 
   1    2    1 
   1    0    6 
TEST REPORT=>
CLASS[  0 (  6)] FAIL= 0.00% 
CLASS[  1 (  4)] FAIL=50.00% 
CLASS[  2 (  7)] FAIL=14.29% 
CLASS_ERROR:   17.6470588235 PRECISION:    0.8690476190 RECALL:    0.7857142857 F1SCORE:    0.8252826310
 50:17.284  100:17.284  150:17.284  200:17.284  250:17.284  300:17.284  350:17.284  400:17.284  450:17.284  500:16.667 TEST REPORT=>
CLASS[  0 (  6)] FAIL= 0.00% 
CLASS[  1 (  4)] FAIL=50.00% 
CLASS[  2 (  7)] FAIL=14.29% 
GENERATION=    5 FITNESS=    -16.67% TEST_ERROR=     17.65%
PROGRAMS=
if(!(x8<=cos(sin(sin((exp(((x13+sin((-75.3)))+(-9.3)))/x9))))&x10>x8)) CLASS=0.00
else 
if(x12>=x3) CLASS=1.00
else 
CLASS=2.00
** CONFUSION MATRIX ** Number of classes: 3
   6    0    0 
   1    2    1 
   1    0    6 
TEST REPORT=>
CLASS[  0 (  6)] FAIL= 0.00% 
CLASS[  1 (  4)] FAIL=50.00% 
CLASS[  2 (  7)] FAIL=14.29% 
CLASS_ERROR:   17.6470588235 PRECISION:    0.8690476190 RECALL:    0.7857142857 F1SCORE:    0.8252826310
 50:16.667  100:16.667  150:16.667  200:16.667  250:16.667  300:16.667  350:16.667  400:16.667  450:16.667  500:16.667 TEST REPORT=>
CLASS[  0 (  6)] FAIL= 0.00% 
CLASS[  1 (  4)] FAIL=50.00% 
CLASS[  2 (  7)] FAIL=14.29% 
GENERATION=    6 FITNESS=    -16.67% TEST_ERROR=     17.65%
PROGRAMS=
if(!(x8<=cos(sin(sin((exp(((x13+sin((-75.3)))+(-9.3)))/x9))))&x10>x8)) CLASS=0.00
else 
if(x12>=x3) CLASS=1.00
else 
CLASS=2.00
** CONFUSION MATRIX ** Number of classes: 3
   6    0    0 
   1    2    1 
   1    0    6 
TEST REPORT=>
CLASS[  0 (  6)] FAIL= 0.00% 
CLASS[  1 (  4)] FAIL=50.00% 
CLASS[  2 (  7)] FAIL=14.29% 
CLASS_ERROR:   17.6470588235 PRECISION:    0.8690476190 RECALL:    0.7857142857 F1SCORE:    0.8252826310
 50:14.815  100:14.815  150:14.815  200:14.815  250:14.815  300:14.815  350:14.815  400:14.815  450:14.815  500:14.815 TEST REPORT=>
CLASS[  0 (  6)] FAIL=16.67% 
CLASS[  1 (  4)] FAIL=50.00% 
CLASS[  2 (  7)] FAIL= 0.00% 
GENERATION=    7 FITNESS=    -14.81% TEST_ERROR=     17.65%
PROGRAMS=
if(!(x8<=cos(sin(log((exp(((x13+sin((-10.3)))+(-62.74)))/(x3/(x4+(x13-x6)))))))&x1>(-5.8))) CLASS=0.00
else 
if(x12>=x3) CLASS=1.00
else 
CLASS=2.00
** CONFUSION MATRIX ** Number of classes: 3
   5    1    0 
   1    2    1 
   0    0    7 
TEST REPORT=>
CLASS[  0 (  6)] FAIL=16.67% 
CLASS[  1 (  4)] FAIL=50.00% 
CLASS[  2 (  7)] FAIL= 0.00% 
CLASS_ERROR:   17.6470588235 PRECISION:    0.7916666667 RECALL:    0.7777777778 F1SCORE:    0.7846607670
 50:14.815  100:14.815  150:14.815  200:14.815  250:14.815  300:14.815  350:14.815  400:14.815  450:14.815  500:13.58 TEST REPORT=>
CLASS[  0 (  6)] FAIL=16.67% 
CLASS[  1 (  4)] FAIL=50.00% 
CLASS[  2 (  7)] FAIL= 0.00% 
GENERATION=    8 FITNESS=    -13.58% TEST_ERROR=     17.65%
PROGRAMS=
if(!(x8<=cos(sin(sin((exp(((x13+sin((-70.3)))+(-42.7)))+x10+x10))))&x9<=log(x13)|!(!(x4<((-5.9)/((-4.1)*sin((-68.80)))))))) CLASS=0.00
else 
if(x12>=x3) CLASS=1.00
else 
CLASS=2.00
** CONFUSION MATRIX ** Number of classes: 3
   5    1    0 
   1    2    1 
   0    0    7 
TEST REPORT=>
CLASS[  0 (  6)] FAIL=16.67% 
CLASS[  1 (  4)] FAIL=50.00% 
CLASS[  2 (  7)] FAIL= 0.00% 
CLASS_ERROR:   17.6470588235 PRECISION:    0.7916666667 RECALL:    0.7777777778 F1SCORE:    0.7846607670
 50:13.58  100:13.58  150:13.58  200:13.58  250:13.58  300:13.58  350:13.58  400:13.58  450:13.58  500:13.58 TEST REPORT=>
CLASS[  0 (  6)] FAIL=16.67% 
CLASS[  1 (  4)] FAIL=50.00% 
CLASS[  2 (  7)] FAIL= 0.00% 
GENERATION=    9 FITNESS=    -13.58% TEST_ERROR=     17.65%
PROGRAMS=
if(!(x8<=cos(sin(sin((exp(((x13+sin((-70.3)))+(-42.7)))+x10+x10))))&x9<=log(x13)|!(!(x4<((-5.9)/((-4.1)*sin((-68.80)))))))) CLASS=0.00
else 
if(x12>=x3) CLASS=1.00
else 
CLASS=2.00
** CONFUSION MATRIX ** Number of classes: 3
   5    1    0 
   1    2    1 
   0    0    7 
TEST REPORT=>
CLASS[  0 (  6)] FAIL=16.67% 
CLASS[  1 (  4)] FAIL=50.00% 
CLASS[  2 (  7)] FAIL= 0.00% 
CLASS_ERROR:   17.6470588235 PRECISION:    0.7916666667 RECALL:    0.7777777778 F1SCORE:    0.7846607670
 50:13.58  100:13.58  150:13.58  200:13.58  250:13.58  300:13.58  350:13.58  400:13.58  450:13.58  500:13.58 TEST REPORT=>
CLASS[  0 (  6)] FAIL=16.67% 
CLASS[  1 (  4)] FAIL=50.00% 
CLASS[  2 (  7)] FAIL= 0.00% 
GENERATION=   10 FITNESS=    -13.58% TEST_ERROR=     17.65%
PROGRAMS=
if(!(x8<=cos(sin(sin((exp(((x13+sin((-70.3)))+(-42.7)))+x10+x10))))&x9<=log(x13)|!(!(x4<((-5.9)/((-4.1)*sin((-68.80)))))))) CLASS=0.00
else 
if(x12>=x3) CLASS=1.00
else 
CLASS=2.00
** CONFUSION MATRIX ** Number of classes: 3
   5    1    0 
   1    2    1 
   0    0    7 
TEST REPORT=>
CLASS[  0 (  6)] FAIL=16.67% 
CLASS[  1 (  4)] FAIL=50.00% 
CLASS[  2 (  7)] FAIL= 0.00% 
CLASS_ERROR:   17.6470588235 PRECISION:    0.7916666667 RECALL:    0.7777777778 F1SCORE:    0.7846607670
 50:13.58  100:13.58  150:13.58  200:13.58  250:11.111  300:11.111  350:11.111  400:11.111  450:11.111  500:11.111 TEST REPORT=>
CLASS[  0 (  6)] FAIL=16.67% 
CLASS[  1 (  4)] FAIL=25.00% 
CLASS[  2 (  7)] FAIL= 0.00% 
GENERATION=   11 FITNESS=    -11.11% TEST_ERROR=     11.76%
PROGRAMS=
if(!(x8<=cos(sin(sin((exp(((x13+sin((-70.3)))+(-52.7)))+x10+x3))))&x9<=log(x13)|!(!(x4<((-5.9)/((-48.2)-(-96.18))))))) CLASS=0.00
else 
if(x12>=x10-x3) CLASS=1.00
else 
CLASS=2.00
** CONFUSION MATRIX ** Number of classes: 3
   5    1    0 
   1    3    0 
   0    0    7 
TEST REPORT=>
CLASS[  0 (  6)] FAIL=16.67% 
CLASS[  1 (  4)] FAIL=25.00% 
CLASS[  2 (  7)] FAIL= 0.00% 
CLASS_ERROR:   11.7647058824 PRECISION:    0.8611111111 RECALL:    0.8611111111 F1SCORE:    0.8611111111
 50:11.111  100:11.111  150:11.111  200:11.111  250:11.111  300:11.111  350:11.111  400:11.111  450:11.111  500:11.111 TEST REPORT=>
CLASS[  0 (  6)] FAIL=16.67% 
CLASS[  1 (  4)] FAIL=25.00% 
CLASS[  2 (  7)] FAIL= 0.00% 
GENERATION=   12 FITNESS=    -11.11% TEST_ERROR=     11.76%
PROGRAMS=
if(!(x8<=cos(sin(sin((exp(((x13+sin((-70.3)))+(-52.7)))+x10+x3))))&x9<=log(x13)|!(!(x4<((-5.9)/((-48.2)-(-96.18))))))) CLASS=0.00
else 
if(x12>=x10-x3) CLASS=1.00
else 
CLASS=2.00
** CONFUSION MATRIX ** Number of classes: 3
   5    1    0 
   1    3    0 
   0    0    7 
TEST REPORT=>
CLASS[  0 (  6)] FAIL=16.67% 
CLASS[  1 (  4)] FAIL=25.00% 
CLASS[  2 (  7)] FAIL= 0.00% 
CLASS_ERROR:   11.7647058824 PRECISION:    0.8611111111 RECALL:    0.8611111111 F1SCORE:    0.8611111111
 50:11.111  100:10.494  150:10.494  200:10.494  250:10.494  300:10.494  350:10.494  400:10.494  450:10.494  500:10.494 TEST REPORT=>
CLASS[  0 (  6)] FAIL=16.67% 
CLASS[  1 (  4)] FAIL=25.00% 
CLASS[  2 (  7)] FAIL= 0.00% 
GENERATION=   13 FITNESS=    -10.49% TEST_ERROR=     11.76%
PROGRAMS=
if(!(x8<=cos(sin(sin((exp(((x13+sin((-73.3)))+(-42.7)))+(-9.4)))))&x9<=log(x13)|!(!(x4<cos((-49.20)))))) CLASS=0.00
else 
if(x12>=x10-x3) CLASS=1.00
else 
CLASS=2.00
** CONFUSION MATRIX ** Number of classes: 3
   5    1    0 
   1    3    0 
   0    0    7 
TEST REPORT=>
CLASS[  0 (  6)] FAIL=16.67% 
CLASS[  1 (  4)] FAIL=25.00% 
CLASS[  2 (  7)] FAIL= 0.00% 
CLASS_ERROR:   11.7647058824 PRECISION:    0.8611111111 RECALL:    0.8611111111 F1SCORE:    0.8611111111
 50:9.8765  100:9.8765  150:9.2593  200:9.2593  250:9.2593  300:9.2593  350:9.2593  400:9.2593  450:9.2593  500:9.2593 TEST REPORT=>
CLASS[  0 (  6)] FAIL=16.67% 
CLASS[  1 (  4)] FAIL=25.00% 
CLASS[  2 (  7)] FAIL= 0.00% 
GENERATION=   14 FITNESS=    -9.259% TEST_ERROR=     11.76%
PROGRAMS=
if(!(x8<=(x10+sin((exp(((x13+sin((-70.3)))+(-46.7)))+x10+x3)))&x9<=log(x13))) CLASS=0.00
else 
if(x12>=x10-x3|x3<=(x12+exp((-7.50)))|x3>=(-1.9)&!(x12>sin(x8-x11))) CLASS=1.00
else 
CLASS=2.00
** CONFUSION MATRIX ** Number of classes: 3
   5    1    0 
   1    3    0 
   0    0    7 
TEST REPORT=>
CLASS[  0 (  6)] FAIL=16.67% 
CLASS[  1 (  4)] FAIL=25.00% 
CLASS[  2 (  7)] FAIL= 0.00% 
CLASS_ERROR:   11.7647058824 PRECISION:    0.8611111111 RECALL:    0.8611111111 F1SCORE:    0.8611111111
 50:9.2593  100:9.2593  150:9.2593  200:9.2593  250:9.2593  300:9.2593  350:9.2593  400:9.2593  450:9.2593  500:9.2593 TEST REPORT=>
CLASS[  0 (  6)] FAIL=16.67% 
CLASS[  1 (  4)] FAIL=25.00% 
CLASS[  2 (  7)] FAIL= 0.00% 
GENERATION=   15 FITNESS=    -9.259% TEST_ERROR=     11.76%
PROGRAMS=
if(!(x8<=(x10+sin((exp(((x13+sin((-70.3)))+(-46.7)))+x10+x3)))&x9<=log(x13))) CLASS=0.00
else 
if(x12>=x10-x3|x3<=(x12+exp((-7.50)))|x3>=(-1.9)&!(x12>sin(x8-x11))) CLASS=1.00
else 
CLASS=2.00
** CONFUSION MATRIX ** Number of classes: 3
   5    1    0 
   1    3    0 
   0    0    7 
TEST REPORT=>
CLASS[  0 (  6)] FAIL=16.67% 
CLASS[  1 (  4)] FAIL=25.00% 
CLASS[  2 (  7)] FAIL= 0.00% 
CLASS_ERROR:   11.7647058824 PRECISION:    0.8611111111 RECALL:    0.8611111111 F1SCORE:    0.8611111111
 50:9.2593  100:9.2593  150:9.2593  200:8.642  250:8.642  300:8.642  350:8.642  400:8.642  450:8.642  500:8.642 TEST REPORT=>
CLASS[  0 (  6)] FAIL=16.67% 
CLASS[  1 (  4)] FAIL=25.00% 
CLASS[  2 (  7)] FAIL= 0.00% 
GENERATION=   16 FITNESS=    -8.642% TEST_ERROR=     11.76%
PROGRAMS=
if(!(x8<=cos(sin(sin((exp(((x13+sin((-70.3)))+(-40.9)))*(-1.4)))))&x9<=log(x13)|!(!(x4<(x7-(cos((cos((-4.7))*exp((-1.0))))+x7)))))) CLASS=0.00
else 
if(x12>=x10-x6) CLASS=1.00
else 
CLASS=2.00
** CONFUSION MATRIX ** Number of classes: 3
   5    1    0 
   1    3    0 
   0    0    7 
TEST REPORT=>
CLASS[  0 (  6)] FAIL=16.67% 
CLASS[  1 (  4)] FAIL=25.00% 
CLASS[  2 (  7)] FAIL= 0.00% 
CLASS_ERROR:   11.7647058824 PRECISION:    0.8611111111 RECALL:    0.8611111111 F1SCORE:    0.8611111111
 50:8.642  100:8.642  150:8.642  200:8.642  250:8.642  300:8.642  350:8.642  400:8.642  450:8.642  500:7.4074 TEST REPORT=>
CLASS[  0 (  6)] FAIL=16.67% 
CLASS[  1 (  4)] FAIL=25.00% 
CLASS[  2 (  7)] FAIL= 0.00% 
GENERATION=   17 FITNESS=    -7.407% TEST_ERROR=     11.76%
PROGRAMS=
if(!(x8<=(x10+sin((exp(((x13+sin((-70.3)))+(-46.2)))+x10+x3)))&x9<=log(x13))) CLASS=0.00
else 
if(x12>=x10-x6|x3<=(x12+exp((-7.57)))|x3>=(-0.9)&!(x12>sin(x1-x2))) CLASS=1.00
else 
CLASS=2.00
** CONFUSION MATRIX ** Number of classes: 3
   5    1    0 
   1    3    0 
   0    0    7 
TEST REPORT=>
CLASS[  0 (  6)] FAIL=16.67% 
CLASS[  1 (  4)] FAIL=25.00% 
CLASS[  2 (  7)] FAIL= 0.00% 
CLASS_ERROR:   11.7647058824 PRECISION:    0.8611111111 RECALL:    0.8611111111 F1SCORE:    0.8611111111
 50:7.4074  100:7.4074  150:7.4074  200:7.4074  250:7.4074  300:7.4074  350:7.4074  400:7.4074  450:7.4074  500:7.4074 TEST REPORT=>
CLASS[  0 (  6)] FAIL=16.67% 
CLASS[  1 (  4)] FAIL=25.00% 
CLASS[  2 (  7)] FAIL= 0.00% 
GENERATION=   18 FITNESS=    -7.407% TEST_ERROR=     11.76%
PROGRAMS=
if(!(x8<=(x10+sin((exp(((x13+sin((-70.3)))+(-46.2)))+x10+x3)))&x9<=log(x13))) CLASS=0.00
else 
if(x12>=x10-x6|x3<=(x12+exp((-7.57)))|x3>=(-0.9)&!(x12>sin(x1-x2))) CLASS=1.00
else 
CLASS=2.00
** CONFUSION MATRIX ** Number of classes: 3
   5    1    0 
   1    3    0 
   0    0    7 
TEST REPORT=>
CLASS[  0 (  6)] FAIL=16.67% 
CLASS[  1 (  4)] FAIL=25.00% 
CLASS[  2 (  7)] FAIL= 0.00% 
CLASS_ERROR:   11.7647058824 PRECISION:    0.8611111111 RECALL:    0.8611111111 F1SCORE:    0.8611111111
 50:7.4074  100:7.4074  150:7.4074  200:7.4074  250:7.4074  300:7.4074  350:7.4074  400:7.4074  450:7.4074  500:7.4074 TEST REPORT=>
CLASS[  0 (  6)] FAIL=16.67% 
CLASS[  1 (  4)] FAIL=25.00% 
CLASS[  2 (  7)] FAIL= 0.00% 
GENERATION=   19 FITNESS=    -7.407% TEST_ERROR=     11.76%
PROGRAMS=
if(!(x8<=(x10+sin((exp(((x13+sin((-70.3)))+(-46.2)))+x10+x3)))&x9<=log(x13))) CLASS=0.00
else 
if(x12>=x10-x6|x3<=(x12+exp((-7.57)))|x3>=(-0.9)&!(x12>sin(x1-x2))) CLASS=1.00
else 
CLASS=2.00
** CONFUSION MATRIX ** Number of classes: 3
   5    1    0 
   1    3    0 
   0    0    7 
TEST REPORT=>
CLASS[  0 (  6)] FAIL=16.67% 
CLASS[  1 (  4)] FAIL=25.00% 
CLASS[  2 (  7)] FAIL= 0.00% 
CLASS_ERROR:   11.7647058824 PRECISION:    0.8611111111 RECALL:    0.8611111111 F1SCORE:    0.8611111111
 50:7.4074  100:7.4074  150:7.4074  200:7.4074  250:7.4074  300:7.4074  350:7.4074  400:7.4074  450:7.4074  500:7.4074 TEST REPORT=>
CLASS[  0 (  6)] FAIL=16.67% 
CLASS[  1 (  4)] FAIL=25.00% 
CLASS[  2 (  7)] FAIL= 0.00% 
GENERATION=   20 FITNESS=    -7.407% TEST_ERROR=     11.76%
PROGRAMS=
if(!(x8<=(x10+sin((exp(((x13+sin((-70.3)))+(-46.2)))+x10+x3)))&x9<=log(x13))) CLASS=0.00
else 
if(x12>=x10-x6|x3<=(x12+exp((-7.57)))|x3>=(-0.9)&!(x12>sin(x1-x2))) CLASS=1.00
else 
CLASS=2.00
** CONFUSION MATRIX ** Number of classes: 3
   5    1    0 
   1    3    0 
   0    0    7 
TEST REPORT=>
CLASS[  0 (  6)] FAIL=16.67% 
CLASS[  1 (  4)] FAIL=25.00% 
CLASS[  2 (  7)] FAIL= 0.00% 
CLASS_ERROR:   11.7647058824 PRECISION:    0.8611111111 RECALL:    0.8611111111 F1SCORE:    0.8611111111
 50:7.4074  100:7.4074  150:7.4074  200:7.4074  250:7.4074  300:7.4074  350:7.4074  400:7.4074  450:7.4074  500:7.4074 TEST REPORT=>
CLASS[  0 (  6)] FAIL=16.67% 
CLASS[  1 (  4)] FAIL=25.00% 
CLASS[  2 (  7)] FAIL= 0.00% 
GENERATION=   21 FITNESS=    -7.407% TEST_ERROR=     11.76%
PROGRAMS=
if(!(x8<=(x10+sin((exp(((x13+sin((-70.3)))+(-46.2)))+x10+x3)))&x9<=log(x13))) CLASS=0.00
else 
if(x12>=x10-x6|x3<=(x12+exp((-7.57)))|x3>=(-0.9)&!(x12>sin(x1-x2))) CLASS=1.00
else 
CLASS=2.00
** CONFUSION MATRIX ** Number of classes: 3
   5    1    0 
   1    3    0 
   0    0    7 
TEST REPORT=>
CLASS[  0 (  6)] FAIL=16.67% 
CLASS[  1 (  4)] FAIL=25.00% 
CLASS[  2 (  7)] FAIL= 0.00% 
CLASS_ERROR:   11.7647058824 PRECISION:    0.8611111111 RECALL:    0.8611111111 F1SCORE:    0.8611111111
 50:7.4074  100:7.4074  150:7.4074  200:7.4074  250:7.4074  300:6.7901  350:6.7901  400:6.7901  450:6.7901  500:6.7901 TEST REPORT=>
CLASS[  0 (  6)] FAIL=16.67% 
CLASS[  1 (  4)] FAIL=25.00% 
CLASS[  2 (  7)] FAIL= 0.00% 
GENERATION=   22 FITNESS=     -6.79% TEST_ERROR=     11.76%
PROGRAMS=
if(!(x12<=(x13+sin((exp(((x13+sin((-92.4)))+(-46.7)))+x5/x3)))&x9<log(x13))) CLASS=0.00
else 
if(x12>=x10-x12*x7|x11>(exp(x13)-x11)) CLASS=1.00
else 
CLASS=2.00
** CONFUSION MATRIX ** Number of classes: 3
   5    1    0 
   1    3    0 
   0    0    7 
TEST REPORT=>
CLASS[  0 (  6)] FAIL=16.67% 
CLASS[  1 (  4)] FAIL=25.00% 
CLASS[  2 (  7)] FAIL= 0.00% 
CLASS_ERROR:   11.7647058824 PRECISION:    0.8611111111 RECALL:    0.8611111111 F1SCORE:    0.8611111111
 50:6.7901  100:6.7901  150:6.7901  200:6.7901  250:6.7901  300:6.7901  350:6.7901  400:6.7901  450:6.7901  500:6.7901 TEST REPORT=>
CLASS[  0 (  6)] FAIL=16.67% 
CLASS[  1 (  4)] FAIL=25.00% 
CLASS[  2 (  7)] FAIL= 0.00% 
GENERATION=   23 FITNESS=     -6.79% TEST_ERROR=     11.76%
PROGRAMS=
if(!(x12<=(x13+sin((exp(((x13+sin((-92.4)))+(-46.7)))+x5/x3)))&x9<log(x13))) CLASS=0.00
else 
if(x12>=x10-x12*x7|x11>(exp(x13)-x11)) CLASS=1.00
else 
CLASS=2.00
** CONFUSION MATRIX ** Number of classes: 3
   5    1    0 
   1    3    0 
   0    0    7 
TEST REPORT=>
CLASS[  0 (  6)] FAIL=16.67% 
CLASS[  1 (  4)] FAIL=25.00% 
CLASS[  2 (  7)] FAIL= 0.00% 
CLASS_ERROR:   11.7647058824 PRECISION:    0.8611111111 RECALL:    0.8611111111 F1SCORE:    0.8611111111
 50:6.7901  100:6.7901  150:6.7901  200:6.7901  250:6.7901  300:6.7901  350:6.7901  400:6.7901  450:6.7901  500:6.7901 TEST REPORT=>
CLASS[  0 (  6)] FAIL=16.67% 
CLASS[  1 (  4)] FAIL=25.00% 
CLASS[  2 (  7)] FAIL= 0.00% 
GENERATION=   24 FITNESS=     -6.79% TEST_ERROR=     11.76%
PROGRAMS=
if(!(x12<=(x13+sin((exp(((x13+sin((-92.4)))+(-46.7)))+x5/x3)))&x9<log(x13))) CLASS=0.00
else 
if(x12>=x10-x12*x7|x11>(exp(x13)-x11)) CLASS=1.00
else 
CLASS=2.00
** CONFUSION MATRIX ** Number of classes: 3
   5    1    0 
   1    3    0 
   0    0    7 
TEST REPORT=>
CLASS[  0 (  6)] FAIL=16.67% 
CLASS[  1 (  4)] FAIL=25.00% 
CLASS[  2 (  7)] FAIL= 0.00% 
CLASS_ERROR:   11.7647058824 PRECISION:    0.8611111111 RECALL:    0.8611111111 F1SCORE:    0.8611111111
 50:6.7901  100:6.7901  150:6.7901  200:6.7901  250:6.7901  300:6.7901  350:6.7901  400:6.7901  450:6.7901  500:6.7901 TEST REPORT=>
CLASS[  0 (  6)] FAIL=16.67% 
CLASS[  1 (  4)] FAIL=25.00% 
CLASS[  2 (  7)] FAIL= 0.00% 
GENERATION=   25 FITNESS=     -6.79% TEST_ERROR=     11.76%
PROGRAMS=
if(!(x12<=(x13+sin((exp(((x13+sin((-92.4)))+(-46.7)))+x5/x3)))&x9<log(x13))) CLASS=0.00
else 
if(x12>=x10-x12*x7|x11>(exp(x13)-x11)) CLASS=1.00
else 
CLASS=2.00
** CONFUSION MATRIX ** Number of classes: 3
   5    1    0 
   1    3    0 
   0    0    7 
TEST REPORT=>
CLASS[  0 (  6)] FAIL=16.67% 
CLASS[  1 (  4)] FAIL=25.00% 
CLASS[  2 (  7)] FAIL= 0.00% 
CLASS_ERROR:   11.7647058824 PRECISION:    0.8611111111 RECALL:    0.8611111111 F1SCORE:    0.8611111111
 50:6.7901  100:6.7901  150:6.7901  200:6.7901  250:6.7901  300:6.7901  350:6.7901  400:6.7901  450:6.7901  500:6.7901 TEST REPORT=>
CLASS[  0 (  6)] FAIL=16.67% 
CLASS[  1 (  4)] FAIL=25.00% 
CLASS[  2 (  7)] FAIL= 0.00% 
GENERATION=   26 FITNESS=     -6.79% TEST_ERROR=     11.76%
PROGRAMS=
if(!(x12<=(x13+sin((exp(((x13+sin((-92.4)))+(-46.7)))+x5/x3)))&x9<log(x13))) CLASS=0.00
else 
if(x12>=x10-x12*x7|x11>(exp(x13)-x11)) CLASS=1.00
else 
CLASS=2.00
** CONFUSION MATRIX ** Number of classes: 3
   5    1    0 
   1    3    0 
   0    0    7 
TEST REPORT=>
CLASS[  0 (  6)] FAIL=16.67% 
CLASS[  1 (  4)] FAIL=25.00% 
CLASS[  2 (  7)] FAIL= 0.00% 
CLASS_ERROR:   11.7647058824 PRECISION:    0.8611111111 RECALL:    0.8611111111 F1SCORE:    0.8611111111
 50:6.7901  100:6.7901  150:6.7901  200:6.7901  250:6.7901  300:6.7901  350:6.7901  400:6.7901  450:6.7901  500:6.7901 TEST REPORT=>
CLASS[  0 (  6)] FAIL=16.67% 
CLASS[  1 (  4)] FAIL=25.00% 
CLASS[  2 (  7)] FAIL= 0.00% 
GENERATION=   27 FITNESS=     -6.79% TEST_ERROR=     11.76%
PROGRAMS=
if(!(x12<=(x13+sin((exp(((x13+sin((-92.4)))+(-46.7)))+x5/x3)))&x9<log(x13))) CLASS=0.00
else 
if(x12>=x10-x12*x7|x11>(exp(x13)-x11)) CLASS=1.00
else 
CLASS=2.00
** CONFUSION MATRIX ** Number of classes: 3
   5    1    0 
   1    3    0 
   0    0    7 
TEST REPORT=>
CLASS[  0 (  6)] FAIL=16.67% 
CLASS[  1 (  4)] FAIL=25.00% 
CLASS[  2 (  7)] FAIL= 0.00% 
CLASS_ERROR:   11.7647058824 PRECISION:    0.8611111111 RECALL:    0.8611111111 F1SCORE:    0.8611111111
 50:6.7901  100:6.7901  150:6.7901  200:6.7901  250:6.7901  300:6.7901  350:6.7901  400:6.7901  450:6.7901  500:6.7901 TEST REPORT=>
CLASS[  0 (  6)] FAIL=16.67% 
CLASS[  1 (  4)] FAIL=25.00% 
CLASS[  2 (  7)] FAIL= 0.00% 
GENERATION=   28 FITNESS=     -6.79% TEST_ERROR=     11.76%
PROGRAMS=
if(!(x12<=(x13+sin((exp(((x13+sin((-92.4)))+(-46.7)))+x5/x3)))&x9<log(x13))) CLASS=0.00
else 
if(x12>=x10-x12*x7|x11>(exp(x13)-x11)) CLASS=1.00
else 
CLASS=2.00
** CONFUSION MATRIX ** Number of classes: 3
   5    1    0 
   1    3    0 
   0    0    7 
TEST REPORT=>
CLASS[  0 (  6)] FAIL=16.67% 
CLASS[  1 (  4)] FAIL=25.00% 
CLASS[  2 (  7)] FAIL= 0.00% 
CLASS_ERROR:   11.7647058824 PRECISION:    0.8611111111 RECALL:    0.8611111111 F1SCORE:    0.8611111111
 50:6.7901  100:6.7901  150:6.1728  200:6.1728  250:6.1728  300:6.1728  350:6.1728  400:6.1728  450:6.1728  500:6.1728 TEST REPORT=>
CLASS[  0 (  6)] FAIL=16.67% 
CLASS[  1 (  4)] FAIL=25.00% 
CLASS[  2 (  7)] FAIL= 0.00% 
GENERATION=   29 FITNESS=    -6.173% TEST_ERROR=     11.76%
PROGRAMS=
if(!(x8<=(x13+sin((exp(((x13+sin((-92.4)))+(-46.9)))+x5+x3))))) CLASS=0.00
else 
if(x3>=x10-x12*x7|x11>(x2/x7)) CLASS=1.00
else 
CLASS=2.00
** CONFUSION MATRIX ** Number of classes: 3
   5    1    0 
   1    3    0 
   0    0    7 
TEST REPORT=>
CLASS[  0 (  6)] FAIL=16.67% 
CLASS[  1 (  4)] FAIL=25.00% 
CLASS[  2 (  7)] FAIL= 0.00% 
CLASS_ERROR:   11.7647058824 PRECISION:    0.8611111111 RECALL:    0.8611111111 F1SCORE:    0.8611111111
 50:6.1728  100:6.1728  150:6.1728  200:6.1728  250:6.1728  300:6.1728  350:6.1728  400:6.1728  450:6.1728  500:6.1728 TEST REPORT=>
CLASS[  0 (  6)] FAIL=16.67% 
CLASS[  1 (  4)] FAIL=25.00% 
CLASS[  2 (  7)] FAIL= 0.00% 
GENERATION=   30 FITNESS=    -6.173% TEST_ERROR=     11.76%
PROGRAMS=
if(!(x8<=(x13+sin((exp(((x13+sin((-92.4)))+(-46.9)))+x5+x3))))) CLASS=0.00
else 
if(x3>=x10-x12*x7|x11>(x2/x7)) CLASS=1.00
else 
CLASS=2.00
** CONFUSION MATRIX ** Number of classes: 3
   5    1    0 
   1    3    0 
   0    0    7 
TEST REPORT=>
CLASS[  0 (  6)] FAIL=16.67% 
CLASS[  1 (  4)] FAIL=25.00% 
CLASS[  2 (  7)] FAIL= 0.00% 
CLASS_ERROR:   11.7647058824 PRECISION:    0.8611111111 RECALL:    0.8611111111 F1SCORE:    0.8611111111
 50:6.1728  100:6.1728  150:6.1728  200:6.1728  250:6.1728  300:6.1728  350:6.1728  400:6.1728  450:6.1728  500:6.1728 TEST REPORT=>
CLASS[  0 (  6)] FAIL=16.67% 
CLASS[  1 (  4)] FAIL=25.00% 
CLASS[  2 (  7)] FAIL= 0.00% 
GENERATION=   31 FITNESS=    -6.173% TEST_ERROR=     11.76%
PROGRAMS=
if(!(x8<=(x13+sin((exp(((x13+sin((-92.4)))+(-46.9)))+x5+x3))))) CLASS=0.00
else 
if(x3>=x10-x12*x7|x11>(x2/x7)) CLASS=1.00
else 
CLASS=2.00
** CONFUSION MATRIX ** Number of classes: 3
   5    1    0 
   1    3    0 
   0    0    7 
TEST REPORT=>
CLASS[  0 (  6)] FAIL=16.67% 
CLASS[  1 (  4)] FAIL=25.00% 
CLASS[  2 (  7)] FAIL= 0.00% 
CLASS_ERROR:   11.7647058824 PRECISION:    0.8611111111 RECALL:    0.8611111111 F1SCORE:    0.8611111111
 50:6.1728  100:6.1728  150:6.1728  200:6.1728  250:6.1728  300:6.1728  350:6.1728  400:6.1728  450:6.1728  500:6.1728 TEST REPORT=>
CLASS[  0 (  6)] FAIL=16.67% 
CLASS[  1 (  4)] FAIL=25.00% 
CLASS[  2 (  7)] FAIL= 0.00% 
GENERATION=   32 FITNESS=    -6.173% TEST_ERROR=     11.76%
PROGRAMS=
if(!(x8<=(x13+sin((exp(((x13+sin((-92.4)))+(-46.9)))+x5+x3))))) CLASS=0.00
else 
if(x3>=x10-x12*x7|x11>(x2/x7)) CLASS=1.00
else 
CLASS=2.00
** CONFUSION MATRIX ** Number of classes: 3
   5    1    0 
   1    3    0 
   0    0    7 
TEST REPORT=>
CLASS[  0 (  6)] FAIL=16.67% 
CLASS[  1 (  4)] FAIL=25.00% 
CLASS[  2 (  7)] FAIL= 0.00% 
CLASS_ERROR:   11.7647058824 PRECISION:    0.8611111111 RECALL:    0.8611111111 F1SCORE:    0.8611111111
 50:6.1728  100:6.1728  150:6.1728  200:6.1728  250:6.1728  300:6.1728  350:6.1728  400:6.1728  450:6.1728  500:6.1728 TEST REPORT=>
CLASS[  0 (  6)] FAIL=16.67% 
CLASS[  1 (  4)] FAIL=25.00% 
CLASS[  2 (  7)] FAIL= 0.00% 
GENERATION=   33 FITNESS=    -6.173% TEST_ERROR=     11.76%
PROGRAMS=
if(!(x8<=(x13+sin((exp(((x13+sin((-92.4)))+(-46.9)))+x5+x3))))) CLASS=0.00
else 
if(x3>=x10-x12*x7|x11>(x2/x7)) CLASS=1.00
else 
CLASS=2.00
** CONFUSION MATRIX ** Number of classes: 3
   5    1    0 
   1    3    0 
   0    0    7 
TEST REPORT=>
CLASS[  0 (  6)] FAIL=16.67% 
CLASS[  1 (  4)] FAIL=25.00% 
CLASS[  2 (  7)] FAIL= 0.00% 
CLASS_ERROR:   11.7647058824 PRECISION:    0.8611111111 RECALL:    0.8611111111 F1SCORE:    0.8611111111
 50:6.1728  100:6.1728  150:6.1728  200:6.1728  250:6.1728  300:6.1728  350:5.5556  400:5.5556  450:5.5556  500:5.5556 TEST REPORT=>
CLASS[  0 (  6)] FAIL=16.67% 
CLASS[  1 (  4)] FAIL=25.00% 
CLASS[  2 (  7)] FAIL= 0.00% 
GENERATION=   34 FITNESS=    -5.556% TEST_ERROR=     11.76%
PROGRAMS=
if(!(x8<=(x13+sin((exp(((x13+sin((-92.4)))+(-46.9)))+x8+x3)))|x9<=sin(exp((cos((-0.8))/(-12.04)))))) CLASS=0.00
else 
if(x3>=x10-x12*x7|x11>(x2/x7)) CLASS=1.00
else 
CLASS=2.00
** CONFUSION MATRIX ** Number of classes: 3
   5    1    0 
   1    3    0 
   0    0    7 
TEST REPORT=>
CLASS[  0 (  6)] FAIL=16.67% 
CLASS[  1 (  4)] FAIL=25.00% 
CLASS[  2 (  7)] FAIL= 0.00% 
CLASS_ERROR:   11.7647058824 PRECISION:    0.8611111111 RECALL:    0.8611111111 F1SCORE:    0.8611111111
 50:5.5556  100:5.5556  150:5.5556  200:5.5556  250:5.5556  300:5.5556  350:5.5556  400:5.5556  450:5.5556  500:5.5556 TEST REPORT=>
CLASS[  0 (  6)] FAIL=16.67% 
CLASS[  1 (  4)] FAIL=25.00% 
CLASS[  2 (  7)] FAIL= 0.00% 
GENERATION=   35 FITNESS=    -5.556% TEST_ERROR=     11.76%
PROGRAMS=
if(!(x8<=(x13+sin((exp(((x13+sin((-92.4)))+(-46.9)))+x8+x3)))|x9<=sin(exp((cos((-0.8))/(-12.04)))))) CLASS=0.00
else 
if(x3>=x10-x12*x7|x11>(x2/x7)) CLASS=1.00
else 
CLASS=2.00
** CONFUSION MATRIX ** Number of classes: 3
   5    1    0 
   1    3    0 
   0    0    7 
TEST REPORT=>
CLASS[  0 (  6)] FAIL=16.67% 
CLASS[  1 (  4)] FAIL=25.00% 
CLASS[  2 (  7)] FAIL= 0.00% 
CLASS_ERROR:   11.7647058824 PRECISION:    0.8611111111 RECALL:    0.8611111111 F1SCORE:    0.8611111111
 50:5.5556  100:5.5556  150:5.5556  200:5.5556  250:5.5556  300:5.5556  350:5.5556  400:5.5556  450:5.5556  500:5.5556 TEST REPORT=>
CLASS[  0 (  6)] FAIL=16.67% 
CLASS[  1 (  4)] FAIL=25.00% 
CLASS[  2 (  7)] FAIL= 0.00% 
GENERATION=   36 FITNESS=    -5.556% TEST_ERROR=     11.76%
PROGRAMS=
if(!(x8<=(x13+sin((exp(((x13+sin((-92.4)))+(-46.9)))+x8+x3)))|x9<=sin(exp((cos((-0.8))/(-12.04)))))) CLASS=0.00
else 
if(x3>=x10-x12*x7|x11>(x2/x7)) CLASS=1.00
else 
CLASS=2.00
** CONFUSION MATRIX ** Number of classes: 3
   5    1    0 
   1    3    0 
   0    0    7 
TEST REPORT=>
CLASS[  0 (  6)] FAIL=16.67% 
CLASS[  1 (  4)] FAIL=25.00% 
CLASS[  2 (  7)] FAIL= 0.00% 
CLASS_ERROR:   11.7647058824 PRECISION:    0.8611111111 RECALL:    0.8611111111 F1SCORE:    0.8611111111
 50:5.5556  100:5.5556  150:5.5556  200:5.5556  250:5.5556  300:5.5556  350:2.4691  400:2.4691  450:2.4691  500:2.4691 TEST REPORT=>
CLASS[  0 (  6)] FAIL=16.67% 
CLASS[  1 (  4)] FAIL=25.00% 
CLASS[  2 (  7)] FAIL= 0.00% 
GENERATION=   37 FITNESS=    -2.469% TEST_ERROR=     11.76%
PROGRAMS=
if(!(x8<=(x13+sin((exp(((x13+sin((-92.4)))+(-46.4)))+x8+x3)))|x11<sin(exp((cos((-0.8))/(-12.04)))))) CLASS=0.00
else 
if(x3>x10-x12*x7|x11>(x2/x7)) CLASS=1.00
else 
CLASS=2.00
** CONFUSION MATRIX ** Number of classes: 3
   5    1    0 
   1    3    0 
   0    0    7 
TEST REPORT=>
CLASS[  0 (  6)] FAIL=16.67% 
CLASS[  1 (  4)] FAIL=25.00% 
CLASS[  2 (  7)] FAIL= 0.00% 
CLASS_ERROR:   11.7647058824 PRECISION:    0.8611111111 RECALL:    0.8611111111 F1SCORE:    0.8611111111
 50:2.4691  100:2.4691  150:2.4691  200:2.4691  250:2.4691  300:2.4691  350:2.4691  400:2.4691  450:2.4691  500:2.4691 TEST REPORT=>
CLASS[  0 (  6)] FAIL=16.67% 
CLASS[  1 (  4)] FAIL=25.00% 
CLASS[  2 (  7)] FAIL= 0.00% 
GENERATION=   38 FITNESS=    -2.469% TEST_ERROR=     11.76%
PROGRAMS=
if(!(x8<=(x13+sin((exp(((x13+sin((-92.4)))+(-46.4)))+x8+x3)))|x11<sin(exp((cos((-0.8))/(-12.04)))))) CLASS=0.00
else 
if(x3>x10-x12*x7|x11>(x2/x7)) CLASS=1.00
else 
CLASS=2.00
** CONFUSION MATRIX ** Number of classes: 3
   5    1    0 
   1    3    0 
   0    0    7 
TEST REPORT=>
CLASS[  0 (  6)] FAIL=16.67% 
CLASS[  1 (  4)] FAIL=25.00% 
CLASS[  2 (  7)] FAIL= 0.00% 
CLASS_ERROR:   11.7647058824 PRECISION:    0.8611111111 RECALL:    0.8611111111 F1SCORE:    0.8611111111
 50:2.4691  100:2.4691  150:2.4691  200:2.4691  250:2.4691  300:2.4691  350:2.4691  400:2.4691  450:2.4691  500:2.4691 TEST REPORT=>
CLASS[  0 (  6)] FAIL=16.67% 
CLASS[  1 (  4)] FAIL=25.00% 
CLASS[  2 (  7)] FAIL= 0.00% 
GENERATION=   39 FITNESS=    -2.469% TEST_ERROR=     11.76%
PROGRAMS=
if(!(x8<=(x13+sin((exp(((x13+sin((-92.4)))+(-46.4)))+x8+x3)))|x11<sin(exp((cos((-0.8))/(-12.04)))))) CLASS=0.00
else 
if(x3>x10-x12*x7|x11>(x2/x7)) CLASS=1.00
else 
CLASS=2.00
** CONFUSION MATRIX ** Number of classes: 3
   5    1    0 
   1    3    0 
   0    0    7 
TEST REPORT=>
CLASS[  0 (  6)] FAIL=16.67% 
CLASS[  1 (  4)] FAIL=25.00% 
CLASS[  2 (  7)] FAIL= 0.00% 
CLASS_ERROR:   11.7647058824 PRECISION:    0.8611111111 RECALL:    0.8611111111 F1SCORE:    0.8611111111
 50:2.4691  100:2.4691  150:2.4691  200:2.4691  250:2.4691  300:2.4691  350:2.4691  400:2.4691  450:2.4691  500:2.4691 TEST REPORT=>
CLASS[  0 (  6)] FAIL=16.67% 
CLASS[  1 (  4)] FAIL=25.00% 
CLASS[  2 (  7)] FAIL= 0.00% 
GENERATION=   40 FITNESS=    -2.469% TEST_ERROR=     11.76%
PROGRAMS=
if(!(x8<=(x13+sin((exp(((x13+sin((-92.4)))+(-46.4)))+x8+x3)))|x11<sin(exp((cos((-0.8))/(-12.04)))))) CLASS=0.00
else 
if(x3>x10-x12*x7|x11>(x2/x7)) CLASS=1.00
else 
CLASS=2.00
** CONFUSION MATRIX ** Number of classes: 3
   5    1    0 
   1    3    0 
   0    0    7 
TEST REPORT=>
CLASS[  0 (  6)] FAIL=16.67% 
CLASS[  1 (  4)] FAIL=25.00% 
CLASS[  2 (  7)] FAIL= 0.00% 
CLASS_ERROR:   11.7647058824 PRECISION:    0.8611111111 RECALL:    0.8611111111 F1SCORE:    0.8611111111
 50:2.4691  100:2.4691  150:2.4691  200:2.4691  250:2.4691  300:2.4691  350:2.4691  400:2.4691  450:2.4691  500:2.4691 TEST REPORT=>
CLASS[  0 (  6)] FAIL=16.67% 
CLASS[  1 (  4)] FAIL=25.00% 
CLASS[  2 (  7)] FAIL= 0.00% 
GENERATION=   41 FITNESS=    -2.469% TEST_ERROR=     11.76%
PROGRAMS=
if(!(x8<=(x13+sin((exp(((x13+sin((-92.4)))+(-46.4)))+x8+x3)))|x11<sin(exp((cos((-0.8))/(-12.04)))))) CLASS=0.00
else 
if(x3>x10-x12*x7|x11>(x2/x7)) CLASS=1.00
else 
CLASS=2.00
** CONFUSION MATRIX ** Number of classes: 3
   5    1    0 
   1    3    0 
   0    0    7 
TEST REPORT=>
CLASS[  0 (  6)] FAIL=16.67% 
CLASS[  1 (  4)] FAIL=25.00% 
CLASS[  2 (  7)] FAIL= 0.00% 
CLASS_ERROR:   11.7647058824 PRECISION:    0.8611111111 RECALL:    0.8611111111 F1SCORE:    0.8611111111
 50:2.4691  100:2.4691  150:2.4691  200:2.4691  250:2.4691  300:2.4691  350:2.4691  400:2.4691  450:2.4691  500:2.4691 TEST REPORT=>
CLASS[  0 (  6)] FAIL=16.67% 
CLASS[  1 (  4)] FAIL=25.00% 
CLASS[  2 (  7)] FAIL= 0.00% 
GENERATION=   42 FITNESS=    -2.469% TEST_ERROR=     11.76%
PROGRAMS=
if(!(x8<=(x13+sin((exp(((x13+sin((-92.4)))+(-46.4)))+x8+x3)))|x11<sin(exp((cos((-0.8))/(-12.04)))))) CLASS=0.00
else 
if(x3>x10-x12*x7|x11>(x2/x7)) CLASS=1.00
else 
CLASS=2.00
** CONFUSION MATRIX ** Number of classes: 3
   5    1    0 
   1    3    0 
   0    0    7 
TEST REPORT=>
CLASS[  0 (  6)] FAIL=16.67% 
CLASS[  1 (  4)] FAIL=25.00% 
CLASS[  2 (  7)] FAIL= 0.00% 
CLASS_ERROR:   11.7647058824 PRECISION:    0.8611111111 RECALL:    0.8611111111 F1SCORE:    0.8611111111
 50:2.4691  100:2.4691  150:2.4691  200:2.4691  250:2.4691  300:2.4691  350:2.4691  400:2.4691  450:2.4691  500:2.4691 TEST REPORT=>
CLASS[  0 (  6)] FAIL=16.67% 
CLASS[  1 (  4)] FAIL=25.00% 
CLASS[  2 (  7)] FAIL= 0.00% 
GENERATION=   43 FITNESS=    -2.469% TEST_ERROR=     11.76%
PROGRAMS=
if(!(x8<=(x13+sin((exp(((x13+sin((-92.4)))+(-46.4)))+x8+x3)))|x11<sin(exp((cos((-0.8))/(-12.04)))))) CLASS=0.00
else 
if(x3>x10-x12*x7|x11>(x2/x7)) CLASS=1.00
else 
CLASS=2.00
** CONFUSION MATRIX ** Number of classes: 3
   5    1    0 
   1    3    0 
   0    0    7 
TEST REPORT=>
CLASS[  0 (  6)] FAIL=16.67% 
CLASS[  1 (  4)] FAIL=25.00% 
CLASS[  2 (  7)] FAIL= 0.00% 
CLASS_ERROR:   11.7647058824 PRECISION:    0.8611111111 RECALL:    0.8611111111 F1SCORE:    0.8611111111
 50:2.4691  100:2.4691  150:2.4691  200:2.4691  250:2.4691  300:2.4691  350:2.4691  400:2.4691  450:2.4691  500:2.4691 TEST REPORT=>
CLASS[  0 (  6)] FAIL=16.67% 
CLASS[  1 (  4)] FAIL=25.00% 
CLASS[  2 (  7)] FAIL= 0.00% 
GENERATION=   44 FITNESS=    -2.469% TEST_ERROR=     11.76%
PROGRAMS=
if(!(x8<=(x13+sin((exp(((x13+sin((-92.4)))+(-46.4)))+x8+x3)))|x11<sin(exp((cos((-0.8))/(-12.04)))))) CLASS=0.00
else 
if(x3>x10-x12*x7|x11>(x2/x7)) CLASS=1.00
else 
CLASS=2.00
** CONFUSION MATRIX ** Number of classes: 3
   5    1    0 
   1    3    0 
   0    0    7 
TEST REPORT=>
CLASS[  0 (  6)] FAIL=16.67% 
CLASS[  1 (  4)] FAIL=25.00% 
CLASS[  2 (  7)] FAIL= 0.00% 
CLASS_ERROR:   11.7647058824 PRECISION:    0.8611111111 RECALL:    0.8611111111 F1SCORE:    0.8611111111
 50:2.4691  100:2.4691  150:2.4691  200:2.4691  250:2.4691  300:2.4691  350:2.4691  400:2.4691  450:2.4691  500:2.4691 TEST REPORT=>
CLASS[  0 (  6)] FAIL=16.67% 
CLASS[  1 (  4)] FAIL=25.00% 
CLASS[  2 (  7)] FAIL= 0.00% 
GENERATION=   45 FITNESS=    -2.469% TEST_ERROR=     11.76%
PROGRAMS=
if(!(x8<=(x13+sin((exp(((x13+sin((-92.4)))+(-46.4)))+x8+x3)))|x11<sin(exp((cos((-0.8))/(-12.04)))))) CLASS=0.00
else 
if(x3>x10-x12*x7|x11>(x2/x7)) CLASS=1.00
else 
CLASS=2.00
** CONFUSION MATRIX ** Number of classes: 3
   5    1    0 
   1    3    0 
   0    0    7 
TEST REPORT=>
CLASS[  0 (  6)] FAIL=16.67% 
CLASS[  1 (  4)] FAIL=25.00% 
CLASS[  2 (  7)] FAIL= 0.00% 
CLASS_ERROR:   11.7647058824 PRECISION:    0.8611111111 RECALL:    0.8611111111 F1SCORE:    0.8611111111
 50:2.4691  100:2.4691  150:2.4691  200:2.4691  250:2.4691  300:2.4691  350:2.4691  400:2.4691  450:2.4691  500:2.4691 TEST REPORT=>
CLASS[  0 (  6)] FAIL=16.67% 
CLASS[  1 (  4)] FAIL=25.00% 
CLASS[  2 (  7)] FAIL= 0.00% 
GENERATION=   46 FITNESS=    -2.469% TEST_ERROR=     11.76%
PROGRAMS=
if(!(x8<=(x13+sin((exp(((x13+sin((-92.4)))+(-46.4)))+x8+x3)))|x11<sin(exp((cos((-0.8))/(-12.04)))))) CLASS=0.00
else 
if(x3>x10-x12*x7|x11>(x2/x7)) CLASS=1.00
else 
CLASS=2.00
** CONFUSION MATRIX ** Number of classes: 3
   5    1    0 
   1    3    0 
   0    0    7 
TEST REPORT=>
CLASS[  0 (  6)] FAIL=16.67% 
CLASS[  1 (  4)] FAIL=25.00% 
CLASS[  2 (  7)] FAIL= 0.00% 
CLASS_ERROR:   11.7647058824 PRECISION:    0.8611111111 RECALL:    0.8611111111 F1SCORE:    0.8611111111
 50:2.4691  100:2.4691  150:2.4691  200:2.4691  250:2.4691  300:2.4691  350:2.4691  400:2.4691  450:2.4691  500:2.4691 TEST REPORT=>
CLASS[  0 (  6)] FAIL=16.67% 
CLASS[  1 (  4)] FAIL=25.00% 
CLASS[  2 (  7)] FAIL= 0.00% 
GENERATION=   47 FITNESS=    -2.469% TEST_ERROR=     11.76%
PROGRAMS=
if(!(x8<=(x13+sin((exp(((x13+sin((-92.4)))+(-46.4)))+x8+x3)))|x11<sin(exp((cos((-0.8))/(-12.04)))))) CLASS=0.00
else 
if(x3>x10-x12*x7|x11>(x2/x7)) CLASS=1.00
else 
CLASS=2.00
** CONFUSION MATRIX ** Number of classes: 3
   5    1    0 
   1    3    0 
   0    0    7 
TEST REPORT=>
CLASS[  0 (  6)] FAIL=16.67% 
CLASS[  1 (  4)] FAIL=25.00% 
CLASS[  2 (  7)] FAIL= 0.00% 
CLASS_ERROR:   11.7647058824 PRECISION:    0.8611111111 RECALL:    0.8611111111 F1SCORE:    0.8611111111
 50:2.4691  100:2.4691  150:2.4691  200:2.4691  250:2.4691  300:2.4691  350:2.4691  400:2.4691  450:2.4691  500:2.4691 TEST REPORT=>
CLASS[  0 (  6)] FAIL=16.67% 
CLASS[  1 (  4)] FAIL=25.00% 
CLASS[  2 (  7)] FAIL= 0.00% 
GENERATION=   48 FITNESS=    -2.469% TEST_ERROR=     11.76%
PROGRAMS=
if(!(x8<=(x13+sin((exp(((x13+sin((-92.4)))+(-46.4)))+x8+x3)))|x11<sin(exp((cos((-0.8))/(-12.04)))))) CLASS=0.00
else 
if(x3>x10-x12*x7|x11>(x2/x7)) CLASS=1.00
else 
CLASS=2.00
** CONFUSION MATRIX ** Number of classes: 3
   5    1    0 
   1    3    0 
   0    0    7 
TEST REPORT=>
CLASS[  0 (  6)] FAIL=16.67% 
CLASS[  1 (  4)] FAIL=25.00% 
CLASS[  2 (  7)] FAIL= 0.00% 
CLASS_ERROR:   11.7647058824 PRECISION:    0.8611111111 RECALL:    0.8611111111 F1SCORE:    0.8611111111
 50:2.4691  100:2.4691  150:2.4691  200:2.4691  250:2.4691  300:2.4691  350:2.4691  400:2.4691  450:2.4691  500:2.4691 TEST REPORT=>
CLASS[  0 (  6)] FAIL=16.67% 
CLASS[  1 (  4)] FAIL=25.00% 
CLASS[  2 (  7)] FAIL= 0.00% 
GENERATION=   49 FITNESS=    -2.469% TEST_ERROR=     11.76%
PROGRAMS=
if(!(x8<=(x13+sin((exp(((x13+sin((-92.4)))+(-46.4)))+x8+x3)))|x11<sin(exp((cos((-0.8))/(-12.04)))))) CLASS=0.00
else 
if(x3>x10-x12*x7|x11>(x2/x7)) CLASS=1.00
else 
CLASS=2.00
** CONFUSION MATRIX ** Number of classes: 3
   5    1    0 
   1    3    0 
   0    0    7 
TEST REPORT=>
CLASS[  0 (  6)] FAIL=16.67% 
CLASS[  1 (  4)] FAIL=25.00% 
CLASS[  2 (  7)] FAIL= 0.00% 
CLASS_ERROR:   11.7647058824 PRECISION:    0.8611111111 RECALL:    0.8611111111 F1SCORE:    0.8611111111
 50:2.4691  100:2.4691  150:2.4691  200:2.4691  250:2.4691  300:2.4691  350:2.4691  400:2.4691  450:2.4691  500:2.4691 TARGETED[0] START fitness=       -2.4691358025
TARGETED[0] END fitness=       -2.4691358025 accepted=0
TARGETED[359] START fitness=      -67.9012345679
TARGETED[359] iter=2 type=VARIABLE codonPos=27 codon=174->180 rule=9->0 fitness=      -67.9012345679->      -33.3333333333
TARGETED[359] END fitness=      -33.3333333333 accepted=1
TARGETED[224] START fitness=      -32.7160493827
TARGETED[224] END fitness=      -32.7160493827 accepted=0
TARGETED[446] START fitness=-100000000.0000000000
TARGETED[446] iter=7 type=VARIABLE codonPos=62 codon=170->164 rule=5->14 fitness=-100000000.0000000000->      -38.2716049383
TARGETED[446] iter=12 type=BINARY_OPERATOR codonPos=25 codon=208->209 rule=0->1 fitness=      -38.2716049383->      -31.4814814815
TARGETED[446] iter=13 type=VARIABLE codonPos=119 codon=141->135 rule=6->0 fitness=      -31.4814814815->       -8.6419753086
TARGETED[446] iter=18 type=UNKNOWN codonPos=29 codon=64->66 rule=4->6 fitness=       -8.6419753086->       -6.7901234568
TARGETED[446] iter=24 type=VARIABLE codonPos=49 codon=174->171 rule=9->6 fitness=       -6.7901234568->       -6.1728395062
TARGETED[446] iter=35 type=UNKNOWN codonPos=38 codon=242->240 rule=2->0 fitness=       -6.1728395062->       -5.5555555556
TARGETED[446] END fitness=       -5.5555555556 accepted=6
TARGETED[118] START fitness=      -27.1604938272
TARGETED[118] iter=1 type=UNKNOWN codonPos=153 codon=56->57 rule=0->1 fitness=      -27.1604938272->      -17.9012345679
TARGETED[118] iter=3 type=VARIABLE codonPos=145 codon=136->135 rule=1->0 fitness=      -17.9012345679->       -3.7037037037
TARGETED[118] iter=9 type=UNKNOWN codonPos=50 codon=129->128 rule=1->0 fitness=       -3.7037037037->       -3.0864197531
TARGETED[118] END fitness=       -3.0864197531 accepted=3
TARGETED[202] START fitness=      -32.7160493827
TARGETED[202] END fitness=      -32.7160493827 accepted=0
TARGETED[468] START fitness=-100000000.0000000000
TARGETED[468] iter=22 type=FUNCTION codonPos=29 codon=64->65 rule=0->1 fitness=-100000000.0000000000->      -32.7160493827
TARGETED[468] END fitness=      -32.7160493827 accepted=1
TARGETED[372] START fitness=-100000000.0000000000
TARGETED[372] iter=8 type=VARIABLE codonPos=1 codon=99->104 rule=9->14 fitness=-100000000.0000000000->      -32.7160493827
TARGETED[372] END fitness=      -32.7160493827 accepted=1
TARGETED[364] START fitness=      -77.1604938272
TARGETED[364] iter=5 type=VARIABLE codonPos=2 codon=52->57 rule=7->12 fitness=      -77.1604938272->      -51.8518518519
TARGETED[364] iter=9 type=VARIABLE codonPos=101 codon=212->210 rule=2->0 fitness=      -51.8518518519->      -38.8888888889
TARGETED[364] iter=13 type=VARIABLE codonPos=36 codon=112->105 rule=7->0 fitness=      -38.8888888889->      -33.9506172840
TARGETED[364] iter=17 type=FUNCTION codonPos=48 codon=59->57 rule=3->1 fitness=      -33.9506172840->      -33.3333333333
TARGETED[364] iter=32 type=VARIABLE codonPos=121 codon=114->111 rule=9->6 fitness=      -33.3333333333->      -30.2469135802
TARGETED[364] iter=33 type=VARIABLE codonPos=111 codon=164->163 rule=14->13 fitness=      -30.2469135802->      -26.5432098765
TARGETED[364] iter=38 type=VARIABLE codonPos=113 codon=236->242 rule=11->2 fitness=      -26.5432098765->      -24.0740740741
TARGETED[364] iter=47 type=VARIABLE codonPos=118 codon=251->255 rule=11->0 fitness=      -24.0740740741->      -23.4567901235
TARGETED[364] END fitness=      -23.4567901235 accepted=8
TARGETED[161] START fitness=      -29.0123456790
TARGETED[161] iter=2 type=VARIABLE codonPos=101 codon=212->217 rule=2->7 fitness=      -29.0123456790->      -28.3950617284
TARGETED[161] iter=4 type=VARIABLE codonPos=105 codon=173->167 rule=8->2 fitness=      -28.3950617284->       -6.7901234568
TARGETED[161] iter=5 type=VARIABLE codonPos=62 codon=110->111 rule=5->6 fitness=       -6.7901234568->       -6.1728395062
TARGETED[161] iter=8 type=VARIABLE codonPos=116 codon=1->6 rule=1->6 fitness=       -6.1728395062->       -5.5555555556
TARGETED[161] iter=9 type=FUNCTION codonPos=57 codon=117->116 rule=1->0 fitness=       -5.5555555556->       -3.0864197531
TARGETED[161] END fitness=       -3.0864197531 accepted=5
TARGETED[269] START fitness=      -40.7407407407
TARGETED[269] iter=10 type=VARIABLE codonPos=116 codon=1->0 rule=1->0 fitness=      -40.7407407407->      -33.3333333333
TARGETED[269] END fitness=      -33.3333333333 accepted=1
TARGETED[407] START fitness=-100000000.0000000000
TARGETED[407] iter=4 type=VARIABLE codonPos=41 codon=38->43 rule=8->13 fitness=-100000000.0000000000->      -32.7160493827
TARGETED[407] END fitness=      -32.7160493827 accepted=1
TARGETED[146] START fitness=      -28.3950617284
TARGETED[146] END fitness=      -28.3950617284 accepted=0
TARGETED[328] START fitness=      -66.0493827160
TARGETED[328] iter=2 type=VARIABLE codonPos=22 codon=99->100 rule=9->10 fitness=      -66.0493827160->      -29.6296296296
TARGETED[328] iter=4 type=UNKNOWN codonPos=25 codon=14->15 rule=0->1 fitness=      -29.6296296296->       -9.8765432099
TARGETED[328] END fitness=       -9.8765432099 accepted=2
TARGETED[282] START fitness=      -46.2962962963
TARGETED[282] iter=1 type=UNKNOWN codonPos=28 codon=251->250 rule=1->0 fitness=      -46.2962962963->      -22.2222222222
TARGETED[282] iter=2 type=VARIABLE codonPos=112 codon=235->232 rule=10->7 fitness=      -22.2222222222->      -16.6666666667
TARGETED[282] iter=8 type=BINARY_OPERATOR codonPos=120 codon=111->112 rule=3->0 fitness=      -16.6666666667->      -11.7283950617
TARGETED[282] iter=12 type=UNKNOWN codonPos=29 codon=163->166 rule=3->6 fitness=      -11.7283950617->      -11.1111111111
TARGETED[282] iter=49 type=BINARY_OPERATOR codonPos=17 codon=8->10 rule=0->2 fitness=      -11.1111111111->       -8.6419753086
TARGETED[282] END fitness=       -8.6419753086 accepted=5
TARGETED[437] START fitness=-100000000.0000000000
TARGETED[437] iter=2 type=VARIABLE codonPos=6 codon=222->224 rule=12->14 fitness=-100000000.0000000000->      -32.7160493827
TARGETED[437] END fitness=      -32.7160493827 accepted=1
TARGETED[213] START fitness=      -32.7160493827
TARGETED[213] iter=21 type=VARIABLE codonPos=16 codon=155->162 rule=5->12 fitness=      -32.7160493827->       -2.4691358025
TARGETED[213] END fitness=       -2.4691358025 accepted=1
TARGETED[384] START fitness=-100000000.0000000000
TARGETED[384] iter=6 type=UNKNOWN codonPos=31 codon=60->61 rule=0->1 fitness=-100000000.0000000000->      -32.7160493827
TARGETED[384] END fitness=      -32.7160493827 accepted=1
TARGETED[336] START fitness=      -67.2839506173
TARGETED[336] iter=3 type=FUNCTION codonPos=12 codon=149->148 rule=1->0 fitness=      -67.2839506173->      -32.7160493827
TARGETED[336] END fitness=      -32.7160493827 accepted=1
TARGETED[326] START fitness=      -64.1975308642
TARGETED[326] iter=1 type=UNKNOWN codonPos=24 codon=214->215 rule=0->1 fitness=      -64.1975308642->      -53.7037037037
TARGETED[326] iter=24 type=UNKNOWN codonPos=145 codon=17->20 rule=7->0 fitness=      -53.7037037037->      -51.2345679012
TARGETED[326] iter=28 type=FUNCTION codonPos=140 codon=254->253 rule=2->1 fitness=      -51.2345679012->      -43.8271604938
TARGETED[326] iter=29 type=VARIABLE codonPos=134 codon=245->240 rule=5->0 fitness=      -43.8271604938->      -41.3580246914
TARGETED[326] iter=33 type=BINARY_OPERATOR codonPos=135 codon=248->247 rule=0->3 fitness=      -41.3580246914->      -38.8888888889
TARGETED[326] iter=37 type=UNKNOWN codonPos=147 codon=158->155 rule=8->5 fitness=      -38.8888888889->      -38.2716049383
TARGETED[326] END fitness=      -38.2716049383 accepted=6
TEST REPORT=>
CLASS[  0 (  6)] FAIL=16.67% 
CLASS[  1 (  4)] FAIL=25.00% 
CLASS[  2 (  7)] FAIL= 0.00% 
GENERATION=   50 FITNESS=    -2.469% TEST_ERROR=     11.76%
PROGRAMS=
if(!(x8<=(x13+sin((exp(((x13+sin((-92.4)))+(-46.4)))+x8+x3)))|x11<sin(exp((cos((-0.8))/(-12.04)))))) CLASS=0.00
else 
if(x3>x10-x12*x7|x11>(x2/x7)) CLASS=1.00
else 
CLASS=2.00
** CONFUSION MATRIX ** Number of classes: 3
   5    1    0 
   1    3    0 
   0    0    7 
TEST REPORT=>
CLASS[  0 (  6)] FAIL=16.67% 
CLASS[  1 (  4)] FAIL=25.00% 
CLASS[  2 (  7)] FAIL= 0.00% 
CLASS_ERROR:   11.7647058824 PRECISION:    0.8611111111 RECALL:    0.8611111111 F1SCORE:    0.8611111111
 50:2.4691  100:2.4691  150:2.4691  200:2.4691  250:2.4691  300:2.4691  350:2.4691  400:2.4691  450:2.4691  500:2.4691 TEST REPORT=>
CLASS[  0 (  6)] FAIL=16.67% 
CLASS[  1 (  4)] FAIL=25.00% 
CLASS[  2 (  7)] FAIL= 0.00% 
GENERATION=   51 FITNESS=    -2.469% TEST_ERROR=     11.76%
PROGRAMS=
if(!(x8<=(x13+sin((exp(((x13+sin((-92.4)))+(-46.4)))+x8+x3)))|x11<sin(exp((cos((-0.8))/(-12.04)))))) CLASS=0.00
else 
if(x3>x10-x12*x7|x11>(x2/x7)) CLASS=1.00
else 
CLASS=2.00
** CONFUSION MATRIX ** Number of classes: 3
   5    1    0 
   1    3    0 
   0    0    7 
TEST REPORT=>
CLASS[  0 (  6)] FAIL=16.67% 
CLASS[  1 (  4)] FAIL=25.00% 
CLASS[  2 (  7)] FAIL= 0.00% 
CLASS_ERROR:   11.7647058824 PRECISION:    0.8611111111 RECALL:    0.8611111111 F1SCORE:    0.8611111111
 50:2.4691  100:2.4691  150:2.4691  200:2.4691  250:2.4691  300:2.4691  350:1.8519  400:1.8519  450:1.8519  500:1.8519 TEST REPORT=>
CLASS[  0 (  6)] FAIL=16.67% 
CLASS[  1 (  4)] FAIL= 0.00% 
CLASS[  2 (  7)] FAIL= 0.00% 
GENERATION=   52 FITNESS=    -1.852% TEST_ERROR=     5.882%
PROGRAMS=
if(!(x2<(x13+sin((exp(((x13+sin((-93.4)))+(-46.9)))-x8+(x13-(-36.66))*x1)))|x7<x9&!(!(x5<x6|!(x9<=(-61.3)|x12<=sin(x2)))))) CLASS=0.00
else 
if(x3>=x10-x12*x7|x11>(x2/x7)) CLASS=1.00
else 
CLASS=2.00
** CONFUSION MATRIX ** Number of classes: 3
   5    1    0 
   0    4    0 
   0    0    7 
TEST REPORT=>
CLASS[  0 (  6)] FAIL=16.67% 
CLASS[  1 (  4)] FAIL= 0.00% 
CLASS[  2 (  7)] FAIL= 0.00% 
CLASS_ERROR:    5.8823529412 PRECISION:    0.9333333333 RECALL:    0.9444444444 F1SCORE:    0.9388560158
 50:1.8519  100:1.8519  150:1.8519  200:1.8519  250:1.8519  300:1.8519  350:1.8519  400:1.8519  450:1.8519  500:1.8519 TEST REPORT=>
CLASS[  0 (  6)] FAIL=16.67% 
CLASS[  1 (  4)] FAIL= 0.00% 
CLASS[  2 (  7)] FAIL= 0.00% 
GENERATION=   53 FITNESS=    -1.852% TEST_ERROR=     5.882%
PROGRAMS=
if(!(x2<(x13+sin((exp(((x13+sin((-93.4)))+(-46.9)))-x8+(x13-(-36.66))*x1)))|x7<x9&!(!(x5<x6|!(x9<=(-61.3)|x12<=sin(x2)))))) CLASS=0.00
else 
if(x3>=x10-x12*x7|x11>(x2/x7)) CLASS=1.00
else 
CLASS=2.00
** CONFUSION MATRIX ** Number of classes: 3
   5    1    0 
   0    4    0 
   0    0    7 
TEST REPORT=>
CLASS[  0 (  6)] FAIL=16.67% 
CLASS[  1 (  4)] FAIL= 0.00% 
CLASS[  2 (  7)] FAIL= 0.00% 
CLASS_ERROR:    5.8823529412 PRECISION:    0.9333333333 RECALL:    0.9444444444 F1SCORE:    0.9388560158
 50:1.8519  100:1.8519  150:1.8519  200:1.8519  250:1.8519  300:1.8519  350:1.8519  400:1.8519  450:1.8519  500:1.8519 TEST REPORT=>
CLASS[  0 (  6)] FAIL=16.67% 
CLASS[  1 (  4)] FAIL= 0.00% 
CLASS[  2 (  7)] FAIL= 0.00% 
GENERATION=   54 FITNESS=    -1.852% TEST_ERROR=     5.882%
PROGRAMS=
if(!(x2<(x13+sin((exp(((x13+sin((-93.4)))+(-46.9)))-x8+(x13-(-36.66))*x1)))|x7<x9&!(!(x5<x6|!(x9<=(-61.3)|x12<=sin(x2)))))) CLASS=0.00
else 
if(x3>=x10-x12*x7|x11>(x2/x7)) CLASS=1.00
else 
CLASS=2.00
** CONFUSION MATRIX ** Number of classes: 3
   5    1    0 
   0    4    0 
   0    0    7 
TEST REPORT=>
CLASS[  0 (  6)] FAIL=16.67% 
CLASS[  1 (  4)] FAIL= 0.00% 
CLASS[  2 (  7)] FAIL= 0.00% 
CLASS_ERROR:    5.8823529412 PRECISION:    0.9333333333 RECALL:    0.9444444444 F1SCORE:    0.9388560158
 50:1.8519  100:1.8519  150:1.8519  200:1.8519  250:1.8519  300:1.8519  350:1.8519  400:1.8519  450:1.8519  500:1.8519 TEST REPORT=>
CLASS[  0 (  6)] FAIL=16.67% 
CLASS[  1 (  4)] FAIL= 0.00% 
CLASS[  2 (  7)] FAIL= 0.00% 
GENERATION=   55 FITNESS=    -1.852% TEST_ERROR=     5.882%
PROGRAMS=
if(!(x2<(x13+sin((exp(((x13+sin((-93.4)))+(-46.9)))-x8+(x13-(-36.66))*x1)))|x7<x9&!(!(x5<x6|!(x9<=(-61.3)|x12<=sin(x2)))))) CLASS=0.00
else 
if(x3>=x10-x12*x7|x11>(x2/x7)) CLASS=1.00
else 
CLASS=2.00
** CONFUSION MATRIX ** Number of classes: 3
   5    1    0 
   0    4    0 
   0    0    7 
TEST REPORT=>
CLASS[  0 (  6)] FAIL=16.67% 
CLASS[  1 (  4)] FAIL= 0.00% 
CLASS[  2 (  7)] FAIL= 0.00% 
CLASS_ERROR:    5.8823529412 PRECISION:    0.9333333333 RECALL:    0.9444444444 F1SCORE:    0.9388560158
 50:1.8519  100:1.8519  150:1.8519  200:1.8519  250:1.8519  300:1.8519  350:1.8519  400:1.8519  450:1.8519  500:1.8519 TEST REPORT=>
CLASS[  0 (  6)] FAIL=16.67% 
CLASS[  1 (  4)] FAIL= 0.00% 
CLASS[  2 (  7)] FAIL= 0.00% 
GENERATION=   56 FITNESS=    -1.852% TEST_ERROR=     5.882%
PROGRAMS=
if(!(x2<(x13+sin((exp(((x13+sin((-93.4)))+(-46.9)))-x8+(x13-(-36.66))*x1)))|x7<x9&!(!(x5<x6|!(x9<=(-61.3)|x12<=sin(x2)))))) CLASS=0.00
else 
if(x3>=x10-x12*x7|x11>(x2/x7)) CLASS=1.00
else 
CLASS=2.00
** CONFUSION MATRIX ** Number of classes: 3
   5    1    0 
   0    4    0 
   0    0    7 
TEST REPORT=>
CLASS[  0 (  6)] FAIL=16.67% 
CLASS[  1 (  4)] FAIL= 0.00% 
CLASS[  2 (  7)] FAIL= 0.00% 
CLASS_ERROR:    5.8823529412 PRECISION:    0.9333333333 RECALL:    0.9444444444 F1SCORE:    0.9388560158
 50:1.8519  100:1.8519  150:1.8519  200:1.8519  250:1.8519  300:1.8519  350:1.8519  400:1.8519  450:1.8519  500:1.8519 TEST REPORT=>
CLASS[  0 (  6)] FAIL=16.67% 
CLASS[  1 (  4)] FAIL= 0.00% 
CLASS[  2 (  7)] FAIL= 0.00% 
GENERATION=   57 FITNESS=    -1.852% TEST_ERROR=     5.882%
PROGRAMS=
if(!(x2<(x13+sin((exp(((x13+sin((-93.4)))+(-46.9)))-x8+(x13-(-36.66))*x1)))|x7<x9&!(!(x5<x6|!(x9<=(-61.3)|x12<=sin(x2)))))) CLASS=0.00
else 
if(x3>=x10-x12*x7|x11>(x2/x7)) CLASS=1.00
else 
CLASS=2.00
** CONFUSION MATRIX ** Number of classes: 3
   5    1    0 
   0    4    0 
   0    0    7 
TEST REPORT=>
CLASS[  0 (  6)] FAIL=16.67% 
CLASS[  1 (  4)] FAIL= 0.00% 
CLASS[  2 (  7)] FAIL= 0.00% 
CLASS_ERROR:    5.8823529412 PRECISION:    0.9333333333 RECALL:    0.9444444444 F1SCORE:    0.9388560158
 50:1.8519  100:1.8519  150:1.8519  200:1.8519  250:1.8519  300:1.8519  350:1.8519  400:1.8519  450:1.8519  500:1.8519 TEST REPORT=>
CLASS[  0 (  6)] FAIL=16.67% 
CLASS[  1 (  4)] FAIL= 0.00% 
CLASS[  2 (  7)] FAIL= 0.00% 
GENERATION=   58 FITNESS=    -1.852% TEST_ERROR=     5.882%
PROGRAMS=
if(!(x2<(x13+sin((exp(((x13+sin((-93.4)))+(-46.9)))-x8+(x13-(-36.66))*x1)))|x7<x9&!(!(x5<x6|!(x9<=(-61.3)|x12<=sin(x2)))))) CLASS=0.00
else 
if(x3>=x10-x12*x7|x11>(x2/x7)) CLASS=1.00
else 
CLASS=2.00
** CONFUSION MATRIX ** Number of classes: 3
   5    1    0 
   0    4    0 
   0    0    7 
TEST REPORT=>
CLASS[  0 (  6)] FAIL=16.67% 
CLASS[  1 (  4)] FAIL= 0.00% 
CLASS[  2 (  7)] FAIL= 0.00% 
CLASS_ERROR:    5.8823529412 PRECISION:    0.9333333333 RECALL:    0.9444444444 F1SCORE:    0.9388560158
 50:1.8519  100:1.8519  150:1.8519  200:1.8519  250:1.8519  300:1.8519  350:1.8519  400:1.8519  450:1.8519  500:1.8519 TEST REPORT=>
CLASS[  0 (  6)] FAIL=16.67% 
CLASS[  1 (  4)] FAIL= 0.00% 
CLASS[  2 (  7)] FAIL= 0.00% 
GENERATION=   59 FITNESS=    -1.852% TEST_ERROR=     5.882%
PROGRAMS=
if(!(x2<(x13+sin((exp(((x13+sin((-93.4)))+(-46.9)))-x8+(x13-(-36.66))*x1)))|x7<x9&!(!(x5<x6|!(x9<=(-61.3)|x12<=sin(x2)))))) CLASS=0.00
else 
if(x3>=x10-x12*x7|x11>(x2/x7)) CLASS=1.00
else 
CLASS=2.00
** CONFUSION MATRIX ** Number of classes: 3
   5    1    0 
   0    4    0 
   0    0    7 
TEST REPORT=>
CLASS[  0 (  6)] FAIL=16.67% 
CLASS[  1 (  4)] FAIL= 0.00% 
CLASS[  2 (  7)] FAIL= 0.00% 
CLASS_ERROR:    5.8823529412 PRECISION:    0.9333333333 RECALL:    0.9444444444 F1SCORE:    0.9388560158
 50:1.8519  100:1.8519  150:1.8519  200:1.8519  250:1.8519  300:1.8519  350:1.8519  400:1.8519  450:1.8519  500:1.8519 TEST REPORT=>
CLASS[  0 (  6)] FAIL=16.67% 
CLASS[  1 (  4)] FAIL= 0.00% 
CLASS[  2 (  7)] FAIL= 0.00% 
GENERATION=   60 FITNESS=    -1.852% TEST_ERROR=     5.882%
PROGRAMS=
if(!(x2<(x13+sin((exp(((x13+sin((-93.4)))+(-46.9)))-x8+(x13-(-36.66))*x1)))|x7<x9&!(!(x5<x6|!(x9<=(-61.3)|x12<=sin(x2)))))) CLASS=0.00
else 
if(x3>=x10-x12*x7|x11>(x2/x7)) CLASS=1.00
else 
CLASS=2.00
** CONFUSION MATRIX ** Number of classes: 3
   5    1    0 
   0    4    0 
   0    0    7 
TEST REPORT=>
CLASS[  0 (  6)] FAIL=16.67% 
CLASS[  1 (  4)] FAIL= 0.00% 
CLASS[  2 (  7)] FAIL= 0.00% 
CLASS_ERROR:    5.8823529412 PRECISION:    0.9333333333 RECALL:    0.9444444444 F1SCORE:    0.9388560158
 50:1.8519  100:1.8519  150:1.8519  200:1.8519  250:1.8519  300:1.8519  350:1.8519  400:1.8519  450:1.8519  500:1.8519 TEST REPORT=>
CLASS[  0 (  6)] FAIL=16.67% 
CLASS[  1 (  4)] FAIL= 0.00% 
CLASS[  2 (  7)] FAIL= 0.00% 
GENERATION=   61 FITNESS=    -1.852% TEST_ERROR=     5.882%
PROGRAMS=
if(!(x2<(x13+sin((exp(((x13+sin((-93.4)))+(-46.9)))-x8+(x13-(-36.66))*x1)))|x7<x9&!(!(x5<x6|!(x9<=(-61.3)|x12<=sin(x2)))))) CLASS=0.00
else 
if(x3>=x10-x12*x7|x11>(x2/x7)) CLASS=1.00
else 
CLASS=2.00
** CONFUSION MATRIX ** Number of classes: 3
   5    1    0 
   0    4    0 
   0    0    7 
TEST REPORT=>
CLASS[  0 (  6)] FAIL=16.67% 
CLASS[  1 (  4)] FAIL= 0.00% 
CLASS[  2 (  7)] FAIL= 0.00% 
CLASS_ERROR:    5.8823529412 PRECISION:    0.9333333333 RECALL:    0.9444444444 F1SCORE:    0.9388560158
 50:1.8519  100:1.8519  150:1.8519  200:1.8519  250:1.8519  300:1.8519  350:1.8519  400:1.8519  450:1.8519  500:1.8519 TEST REPORT=>
CLASS[  0 (  6)] FAIL=16.67% 
CLASS[  1 (  4)] FAIL= 0.00% 
CLASS[  2 (  7)] FAIL= 0.00% 
GENERATION=   62 FITNESS=    -1.852% TEST_ERROR=     5.882%
PROGRAMS=
if(!(x2<(x13+sin((exp(((x13+sin((-93.4)))+(-46.9)))-x8+(x13-(-36.66))*x1)))|x7<x9&!(!(x5<x6|!(x9<=(-61.3)|x12<=sin(x2)))))) CLASS=0.00
else 
if(x3>=x10-x12*x7|x11>(x2/x7)) CLASS=1.00
else 
CLASS=2.00
** CONFUSION MATRIX ** Number of classes: 3
   5    1    0 
   0    4    0 
   0    0    7 
TEST REPORT=>
CLASS[  0 (  6)] FAIL=16.67% 
CLASS[  1 (  4)] FAIL= 0.00% 
CLASS[  2 (  7)] FAIL= 0.00% 
CLASS_ERROR:    5.8823529412 PRECISION:    0.9333333333 RECALL:    0.9444444444 F1SCORE:    0.9388560158
 50:1.8519  100:1.8519  150:1.8519  200:1.8519  250:1.8519  300:1.8519  350:1.8519  400:1.8519  450:1.8519  500:1.8519 TEST REPORT=>
CLASS[  0 (  6)] FAIL=16.67% 
CLASS[  1 (  4)] FAIL= 0.00% 
CLASS[  2 (  7)] FAIL= 0.00% 
GENERATION=   63 FITNESS=    -1.852% TEST_ERROR=     5.882%
PROGRAMS=
if(!(x2<(x13+sin((exp(((x13+sin((-93.4)))+(-46.9)))-x8+(x13-(-36.66))*x1)))|x7<x9&!(!(x5<x6|!(x9<=(-61.3)|x12<=sin(x2)))))) CLASS=0.00
else 
if(x3>=x10-x12*x7|x11>(x2/x7)) CLASS=1.00
else 
CLASS=2.00
** CONFUSION MATRIX ** Number of classes: 3
   5    1    0 
   0    4    0 
   0    0    7 
TEST REPORT=>
CLASS[  0 (  6)] FAIL=16.67% 
CLASS[  1 (  4)] FAIL= 0.00% 
CLASS[  2 (  7)] FAIL= 0.00% 
CLASS_ERROR:    5.8823529412 PRECISION:    0.9333333333 RECALL:    0.9444444444 F1SCORE:    0.9388560158
 50:1.8519  100:1.8519  150:1.8519  200:1.8519  250:1.8519  300:1.8519  350:1.8519  400:1.8519  450:1.8519  500:1.8519 TEST REPORT=>
CLASS[  0 (  6)] FAIL=16.67% 
CLASS[  1 (  4)] FAIL= 0.00% 
CLASS[  2 (  7)] FAIL= 0.00% 
GENERATION=   64 FITNESS=    -1.852% TEST_ERROR=     5.882%
PROGRAMS=
if(!(x2<(x13+sin((exp(((x13+sin((-93.4)))+(-46.9)))-x8+(x13-(-36.66))*x1)))|x7<x9&!(!(x5<x6|!(x9<=(-61.3)|x12<=sin(x2)))))) CLASS=0.00
else 
if(x3>=x10-x12*x7|x11>(x2/x7)) CLASS=1.00
else 
CLASS=2.00
** CONFUSION MATRIX ** Number of classes: 3
   5    1    0 
   0    4    0 
   0    0    7 
TEST REPORT=>
CLASS[  0 (  6)] FAIL=16.67% 
CLASS[  1 (  4)] FAIL= 0.00% 
CLASS[  2 (  7)] FAIL= 0.00% 
CLASS_ERROR:    5.8823529412 PRECISION:    0.9333333333 RECALL:    0.9444444444 F1SCORE:    0.9388560158
 50:1.8519  100:1.8519  150:1.8519  200:1.8519  250:1.8519  300:1.8519  350:1.8519  400:1.8519  450:1.8519  500:1.8519 TEST REPORT=>
CLASS[  0 (  6)] FAIL=16.67% 
CLASS[  1 (  4)] FAIL= 0.00% 
CLASS[  2 (  7)] FAIL= 0.00% 
GENERATION=   65 FITNESS=    -1.852% TEST_ERROR=     5.882%
PROGRAMS=
if(!(x2<(x13+sin((exp(((x13+sin((-93.4)))+(-46.9)))-x8+(x13-(-36.66))*x1)))|x7<x9&!(!(x5<x6|!(x9<=(-61.3)|x12<=sin(x2)))))) CLASS=0.00
else 
if(x3>=x10-x12*x7|x11>(x2/x7)) CLASS=1.00
else 
CLASS=2.00
** CONFUSION MATRIX ** Number of classes: 3
   5    1    0 
   0    4    0 
   0    0    7 
TEST REPORT=>
CLASS[  0 (  6)] FAIL=16.67% 
CLASS[  1 (  4)] FAIL= 0.00% 
CLASS[  2 (  7)] FAIL= 0.00% 
CLASS_ERROR:    5.8823529412 PRECISION:    0.9333333333 RECALL:    0.9444444444 F1SCORE:    0.9388560158
 50:1.8519  100:1.8519  150:1.8519  200:1.8519  250:1.8519  300:1.8519  350:1.8519  400:1.8519  450:1.8519  500:1.8519 TEST REPORT=>
CLASS[  0 (  6)] FAIL=16.67% 
CLASS[  1 (  4)] FAIL= 0.00% 
CLASS[  2 (  7)] FAIL= 0.00% 
GENERATION=   66 FITNESS=    -1.852% TEST_ERROR=     5.882%
PROGRAMS=
if(!(x2<(x13+sin((exp(((x13+sin((-93.4)))+(-46.9)))-x8+(x13-(-36.66))*x1)))|x7<x9&!(!(x5<x6|!(x9<=(-61.3)|x12<=sin(x2)))))) CLASS=0.00
else 
if(x3>=x10-x12*x7|x11>(x2/x7)) CLASS=1.00
else 
CLASS=2.00
** CONFUSION MATRIX ** Number of classes: 3
   5    1    0 
   0    4    0 
   0    0    7 
TEST REPORT=>
CLASS[  0 (  6)] FAIL=16.67% 
CLASS[  1 (  4)] FAIL= 0.00% 
CLASS[  2 (  7)] FAIL= 0.00% 
CLASS_ERROR:    5.8823529412 PRECISION:    0.9333333333 RECALL:    0.9444444444 F1SCORE:    0.9388560158
 50:1.8519  100:1.8519  150:1.8519  200:1.8519  250:1.8519  300:1.8519  350:1.8519  400:1.8519  450:1.8519  500:1.8519 TEST REPORT=>
CLASS[  0 (  6)] FAIL=16.67% 
CLASS[  1 (  4)] FAIL= 0.00% 
CLASS[  2 (  7)] FAIL= 0.00% 
GENERATION=   67 FITNESS=    -1.852% TEST_ERROR=     5.882%
PROGRAMS=
if(!(x2<(x13+sin((exp(((x13+sin((-93.4)))+(-46.9)))-x8+(x13-(-36.66))*x1)))|x7<x9&!(!(x5<x6|!(x9<=(-61.3)|x12<=sin(x2)))))) CLASS=0.00
else 
if(x3>=x10-x12*x7|x11>(x2/x7)) CLASS=1.00
else 
CLASS=2.00
** CONFUSION MATRIX ** Number of classes: 3
   5    1    0 
   0    4    0 
   0    0    7 
TEST REPORT=>
CLASS[  0 (  6)] FAIL=16.67% 
CLASS[  1 (  4)] FAIL= 0.00% 
CLASS[  2 (  7)] FAIL= 0.00% 
CLASS_ERROR:    5.8823529412 PRECISION:    0.9333333333 RECALL:    0.9444444444 F1SCORE:    0.9388560158
 50:1.8519  100:1.8519  150:1.8519  200:1.8519  250:1.8519  300:1.8519  350:1.8519  400:1.8519  450:1.8519  500:1.8519 TEST REPORT=>
CLASS[  0 (  6)] FAIL=16.67% 
CLASS[  1 (  4)] FAIL= 0.00% 
CLASS[  2 (  7)] FAIL= 0.00% 
GENERATION=   68 FITNESS=    -1.852% TEST_ERROR=     5.882%
PROGRAMS=
if(!(x2<(x13+sin((exp(((x13+sin((-93.4)))+(-46.9)))-x8+(x13-(-36.66))*x1)))|x7<x9&!(!(x5<x6|!(x9<=(-61.3)|x12<=sin(x2)))))) CLASS=0.00
else 
if(x3>=x10-x12*x7|x11>(x2/x7)) CLASS=1.00
else 
CLASS=2.00
** CONFUSION MATRIX ** Number of classes: 3
   5    1    0 
   0    4    0 
   0    0    7 
TEST REPORT=>
CLASS[  0 (  6)] FAIL=16.67% 
CLASS[  1 (  4)] FAIL= 0.00% 
CLASS[  2 (  7)] FAIL= 0.00% 
CLASS_ERROR:    5.8823529412 PRECISION:    0.9333333333 RECALL:    0.9444444444 F1SCORE:    0.9388560158
 50:1.8519  100:1.8519  150:1.8519  200:1.8519  250:1.8519  300:1.8519  350:1.8519  400:1.8519  450:1.8519  500:1.8519 TEST REPORT=>
CLASS[  0 (  6)] FAIL=16.67% 
CLASS[  1 (  4)] FAIL= 0.00% 
CLASS[  2 (  7)] FAIL= 0.00% 
GENERATION=   69 FITNESS=    -1.852% TEST_ERROR=     5.882%
PROGRAMS=
if(!(x2<(x13+sin((exp(((x13+sin((-93.4)))+(-46.9)))-x8+(x13-(-36.66))*x1)))|x7<x9&!(!(x5<x6|!(x9<=(-61.3)|x12<=sin(x2)))))) CLASS=0.00
else 
if(x3>=x10-x12*x7|x11>(x2/x7)) CLASS=1.00
else 
CLASS=2.00
** CONFUSION MATRIX ** Number of classes: 3
   5    1    0 
   0    4    0 
   0    0    7 
TEST REPORT=>
CLASS[  0 (  6)] FAIL=16.67% 
CLASS[  1 (  4)] FAIL= 0.00% 
CLASS[  2 (  7)] FAIL= 0.00% 
CLASS_ERROR:    5.8823529412 PRECISION:    0.9333333333 RECALL:    0.9444444444 F1SCORE:    0.9388560158
 50:1.8519  100:1.8519  150:1.8519  200:1.8519  250:1.8519  300:1.8519  350:1.8519  400:1.8519  450:1.8519  500:1.8519 TEST REPORT=>
CLASS[  0 (  6)] FAIL=16.67% 
CLASS[  1 (  4)] FAIL= 0.00% 
CLASS[  2 (  7)] FAIL= 0.00% 
GENERATION=   70 FITNESS=    -1.852% TEST_ERROR=     5.882%
PROGRAMS=
if(!(x2<(x13+sin((exp(((x13+sin((-93.4)))+(-46.9)))-x8+(x13-(-36.66))*x1)))|x7<x9&!(!(x5<x6|!(x9<=(-61.3)|x12<=sin(x2)))))) CLASS=0.00
else 
if(x3>=x10-x12*x7|x11>(x2/x7)) CLASS=1.00
else 
CLASS=2.00
** CONFUSION MATRIX ** Number of classes: 3
   5    1    0 
   0    4    0 
   0    0    7 
TEST REPORT=>
CLASS[  0 (  6)] FAIL=16.67% 
CLASS[  1 (  4)] FAIL= 0.00% 
CLASS[  2 (  7)] FAIL= 0.00% 
CLASS_ERROR:    5.8823529412 PRECISION:    0.9333333333 RECALL:    0.9444444444 F1SCORE:    0.9388560158
 50:1.8519  100:1.8519  150:1.8519  200:1.8519  250:1.8519  300:1.8519  350:1.8519  400:1.8519  450:1.8519  500:1.8519 TEST REPORT=>
CLASS[  0 (  6)] FAIL=16.67% 
CLASS[  1 (  4)] FAIL= 0.00% 
CLASS[  2 (  7)] FAIL= 0.00% 
GENERATION=   71 FITNESS=    -1.852% TEST_ERROR=     5.882%
PROGRAMS=
if(!(x2<(x13+sin((exp(((x13+sin((-93.4)))+(-46.9)))-x8+(x13-(-36.66))*x1)))|x7<x9&!(!(x5<x6|!(x9<=(-61.3)|x12<=sin(x2)))))) CLASS=0.00
else 
if(x3>=x10-x12*x7|x11>(x2/x7)) CLASS=1.00
else 
CLASS=2.00
** CONFUSION MATRIX ** Number of classes: 3
   5    1    0 
   0    4    0 
   0    0    7 
TEST REPORT=>
CLASS[  0 (  6)] FAIL=16.67% 
CLASS[  1 (  4)] FAIL= 0.00% 
CLASS[  2 (  7)] FAIL= 0.00% 
CLASS_ERROR:    5.8823529412 PRECISION:    0.9333333333 RECALL:    0.9444444444 F1SCORE:    0.9388560158
 50:1.8519  100:1.8519  150:1.8519  200:1.8519  250:1.8519  300:1.8519  350:1.8519  400:1.8519  450:1.8519  500:1.8519 
TARGETED STAGNATION BURST generation=72 stagnation=20
TARGETED_BEST[0] START fitness=-1.8518518519
TARGETED_BEST[0] END fitness=-1.8518518519 accepted=0
TARGETED_BEST[1] START fitness=-1.8518518519
TARGETED_BEST[1] END fitness=-1.8518518519 accepted=0
TARGETED_BEST[2] START fitness=-1.8518518519
TARGETED_BEST[2] END fitness=-1.8518518519 accepted=0
TARGETED_BEST[3] START fitness=-1.8518518519
TARGETED_BEST[3] END fitness=-1.8518518519 accepted=0
TARGETED_BEST[4] START fitness=-1.8518518519
TARGETED_BEST[4] END fitness=-1.8518518519 accepted=0
TARGETED_BEST[5] START fitness=-1.8518518519
TARGETED_BEST[5] END fitness=-1.8518518519 accepted=0
TARGETED_BEST[6] START fitness=-1.8518518519
TARGETED_BEST[6] END fitness=-1.8518518519 accepted=0
TARGETED_BEST[7] START fitness=-1.8518518519
TARGETED_BEST[7] END fitness=-1.8518518519 accepted=0
TARGETED_BEST[8] START fitness=-1.8518518519
TARGETED_BEST[8] END fitness=-1.8518518519 accepted=0
TARGETED_BEST[9] START fitness=-1.8518518519
TARGETED_BEST[9] END fitness=-1.8518518519 accepted=0
TARGETED_BEST[10] START fitness=-1.8518518519
TARGETED_BEST[10] END fitness=-1.8518518519 accepted=0
TARGETED_BEST[11] START fitness=-1.8518518519
TARGETED_BEST[11] END fitness=-1.8518518519 accepted=0
TARGETED_BEST[12] START fitness=-1.8518518519
TARGETED_BEST[12] END fitness=-1.8518518519 accepted=0
TARGETED_BEST[13] START fitness=-1.8518518519
TARGETED_BEST[13] END fitness=-1.8518518519 accepted=0
TARGETED_BEST[14] START fitness=-1.8518518519
TARGETED_BEST[14] END fitness=-1.8518518519 accepted=0
TARGETED_BEST[15] START fitness=-1.8518518519
TARGETED_BEST[15] END fitness=-1.8518518519 accepted=0
TARGETED_BEST[16] START fitness=-1.8518518519
TARGETED_BEST[16] END fitness=-1.8518518519 accepted=0
TARGETED_BEST[17] START fitness=-1.8518518519
TARGETED_BEST[17] END fitness=-1.8518518519 accepted=0
TARGETED_BEST[18] START fitness=-1.8518518519
TARGETED_BEST[18] END fitness=-1.8518518519 accepted=0
TARGETED_BEST[19] START fitness=-1.8518518519
TARGETED_BEST[19] END fitness=-1.8518518519 accepted=0
TEST REPORT=>
CLASS[  0 (  6)] FAIL=16.67% 
CLASS[  1 (  4)] FAIL= 0.00% 
CLASS[  2 (  7)] FAIL= 0.00% 
GENERATION=   72 FITNESS=    -1.852% TEST_ERROR=     5.882%
PROGRAMS=
if(!(x2<(x13+sin((exp(((x13+sin((-93.4)))+(-46.9)))-x8+(x13-(-36.66))*x1)))|x7<x9&!(!(x5<x6|!(x9<=(-61.3)|x12<=sin(x2)))))) CLASS=0.00
else 
if(x3>=x10-x12*x7|x11>(x2/x7)) CLASS=1.00
else 
CLASS=2.00
** CONFUSION MATRIX ** Number of classes: 3
   5    1    0 
   0    4    0 
   0    0    7 
TEST REPORT=>
CLASS[  0 (  6)] FAIL=16.67% 
CLASS[  1 (  4)] FAIL= 0.00% 
CLASS[  2 (  7)] FAIL= 0.00% 
CLASS_ERROR:    5.8823529412 PRECISION:    0.9333333333 RECALL:    0.9444444444 F1SCORE:    0.9388560158
 50:1.8519  100:1.8519  150:1.8519  200:1.8519  250:1.8519  300:1.8519  350:1.8519  400:1.8519  450:1.8519  500:1.8519 TEST REPORT=>
CLASS[  0 (  6)] FAIL=16.67% 
CLASS[  1 (  4)] FAIL= 0.00% 
CLASS[  2 (  7)] FAIL= 0.00% 
GENERATION=   73 FITNESS=    -1.852% TEST_ERROR=     5.882%
PROGRAMS=
if(!(x2<(x13+sin((exp(((x13+sin((-93.4)))+(-46.9)))-x8+(x13-(-36.66))*x1)))|x7<x9&!(!(x5<x6|!(x9<=(-61.3)|x12<=sin(x2)))))) CLASS=0.00
else 
if(x3>=x10-x12*x7|x11>(x2/x7)) CLASS=1.00
else 
CLASS=2.00
** CONFUSION MATRIX ** Number of classes: 3
   5    1    0 
   0    4    0 
   0    0    7 
TEST REPORT=>
CLASS[  0 (  6)] FAIL=16.67% 
CLASS[  1 (  4)] FAIL= 0.00% 
CLASS[  2 (  7)] FAIL= 0.00% 
CLASS_ERROR:    5.8823529412 PRECISION:    0.9333333333 RECALL:    0.9444444444 F1SCORE:    0.9388560158
 50:1.8519  100:1.8519  150:1.8519  200:1.8519  250:1.8519  300:1.8519  350:1.8519  400:1.8519  450:1.8519  500:1.8519 TEST REPORT=>
CLASS[  0 (  6)] FAIL=16.67% 
CLASS[  1 (  4)] FAIL= 0.00% 
CLASS[  2 (  7)] FAIL= 0.00% 
GENERATION=   74 FITNESS=    -1.852% TEST_ERROR=     5.882%
PROGRAMS=
if(!(x2<(x13+sin((exp(((x13+sin((-93.4)))+(-46.9)))-x8+(x13-(-36.66))*x1)))|x7<x9&!(!(x5<x6|!(x9<=(-61.3)|x12<=sin(x2)))))) CLASS=0.00
else 
if(x3>=x10-x12*x7|x11>(x2/x7)) CLASS=1.00
else 
CLASS=2.00
** CONFUSION MATRIX ** Number of classes: 3
   5    1    0 
   0    4    0 
   0    0    7 
TEST REPORT=>
CLASS[  0 (  6)] FAIL=16.67% 
CLASS[  1 (  4)] FAIL= 0.00% 
CLASS[  2 (  7)] FAIL= 0.00% 
CLASS_ERROR:    5.8823529412 PRECISION:    0.9333333333 RECALL:    0.9444444444 F1SCORE:    0.9388560158
 50:1.8519  100:1.8519  150:1.8519  200:1.8519  250:1.8519  300:1.8519  350:1.8519  400:1.8519  450:1.8519  500:1.8519 TEST REPORT=>
CLASS[  0 (  6)] FAIL=16.67% 
CLASS[  1 (  4)] FAIL= 0.00% 
CLASS[  2 (  7)] FAIL= 0.00% 
GENERATION=   75 FITNESS=    -1.852% TEST_ERROR=     5.882%
PROGRAMS=
if(!(x2<(x13+sin((exp(((x13+sin((-93.4)))+(-46.9)))-x8+(x13-(-36.66))*x1)))|x7<x9&!(!(x5<x6|!(x9<=(-61.3)|x12<=sin(x2)))))) CLASS=0.00
else 
if(x3>=x10-x12*x7|x11>(x2/x7)) CLASS=1.00
else 
CLASS=2.00
** CONFUSION MATRIX ** Number of classes: 3
   5    1    0 
   0    4    0 
   0    0    7 
TEST REPORT=>
CLASS[  0 (  6)] FAIL=16.67% 
CLASS[  1 (  4)] FAIL= 0.00% 
CLASS[  2 (  7)] FAIL= 0.00% 
CLASS_ERROR:    5.8823529412 PRECISION:    0.9333333333 RECALL:    0.9444444444 F1SCORE:    0.9388560158
 50:1.8519  100:1.8519  150:1.8519  200:1.8519  250:1.8519  300:1.8519  350:1.8519  400:1.8519  450:1.8519  500:1.8519 TEST REPORT=>
CLASS[  0 (  6)] FAIL=16.67% 
CLASS[  1 (  4)] FAIL= 0.00% 
CLASS[  2 (  7)] FAIL= 0.00% 
GENERATION=   76 FITNESS=    -1.852% TEST_ERROR=     5.882%
PROGRAMS=
if(!(x2<(x13+sin((exp(((x13+sin((-93.4)))+(-46.9)))-x8+(x13-(-36.66))*x1)))|x7<x9&!(!(x5<x6|!(x9<=(-61.3)|x12<=sin(x2)))))) CLASS=0.00
else 
if(x3>=x10-x12*x7|x11>(x2/x7)) CLASS=1.00
else 
CLASS=2.00
** CONFUSION MATRIX ** Number of classes: 3
   5    1    0 
   0    4    0 
   0    0    7 
TEST REPORT=>
CLASS[  0 (  6)] FAIL=16.67% 
CLASS[  1 (  4)] FAIL= 0.00% 
CLASS[  2 (  7)] FAIL= 0.00% 
CLASS_ERROR:    5.8823529412 PRECISION:    0.9333333333 RECALL:    0.9444444444 F1SCORE:    0.9388560158
 50:1.8519  100:1.8519  150:1.8519  200:1.8519  250:1.8519  300:1.8519  350:1.8519  400:1.8519  450:1.8519  500:1.8519 TEST REPORT=>
CLASS[  0 (  6)] FAIL=16.67% 
CLASS[  1 (  4)] FAIL= 0.00% 
CLASS[  2 (  7)] FAIL= 0.00% 
GENERATION=   77 FITNESS=    -1.852% TEST_ERROR=     5.882%
PROGRAMS=
if(!(x2<(x13+sin((exp(((x13+sin((-93.4)))+(-46.9)))-x8+(x13-(-36.66))*x1)))|x7<x9&!(!(x5<x6|!(x9<=(-61.3)|x12<=sin(x2)))))) CLASS=0.00
else 
if(x3>=x10-x12*x7|x11>(x2/x7)) CLASS=1.00
else 
CLASS=2.00
** CONFUSION MATRIX ** Number of classes: 3
   5    1    0 
   0    4    0 
   0    0    7 
TEST REPORT=>
CLASS[  0 (  6)] FAIL=16.67% 
CLASS[  1 (  4)] FAIL= 0.00% 
CLASS[  2 (  7)] FAIL= 0.00% 
CLASS_ERROR:    5.8823529412 PRECISION:    0.9333333333 RECALL:    0.9444444444 F1SCORE:    0.9388560158
 50:1.8519  100:1.8519  150:1.8519  200:1.8519  250:1.8519  300:1.8519  350:1.8519  400:1.8519  450:1.8519  500:1.8519 TEST REPORT=>
CLASS[  0 (  6)] FAIL=16.67% 
CLASS[  1 (  4)] FAIL= 0.00% 
CLASS[  2 (  7)] FAIL= 0.00% 
GENERATION=   78 FITNESS=    -1.852% TEST_ERROR=     5.882%
PROGRAMS=
if(!(x2<(x13+sin((exp(((x13+sin((-93.4)))+(-46.9)))-x8+(x13-(-36.66))*x1)))|x7<x9&!(!(x5<x6|!(x9<=(-61.3)|x12<=sin(x2)))))) CLASS=0.00
else 
if(x3>=x10-x12*x7|x11>(x2/x7)) CLASS=1.00
else 
CLASS=2.00
** CONFUSION MATRIX ** Number of classes: 3
   5    1    0 
   0    4    0 
   0    0    7 
TEST REPORT=>
CLASS[  0 (  6)] FAIL=16.67% 
CLASS[  1 (  4)] FAIL= 0.00% 
CLASS[  2 (  7)] FAIL= 0.00% 
CLASS_ERROR:    5.8823529412 PRECISION:    0.9333333333 RECALL:    0.9444444444 F1SCORE:    0.9388560158
 50:1.8519  100:1.8519  150:1.8519  200:1.8519  250:1.8519  300:1.8519  350:1.8519  400:1.8519  450:1.8519  500:1.8519 TEST REPORT=>
CLASS[  0 (  6)] FAIL=16.67% 
CLASS[  1 (  4)] FAIL= 0.00% 
CLASS[  2 (  7)] FAIL= 0.00% 
GENERATION=   79 FITNESS=    -1.852% TEST_ERROR=     5.882%
PROGRAMS=
if(!(x2<(x13+sin((exp(((x13+sin((-93.4)))+(-46.9)))-x8+(x13-(-36.66))*x1)))|x7<x9&!(!(x5<x6|!(x9<=(-61.3)|x12<=sin(x2)))))) CLASS=0.00
else 
if(x3>=x10-x12*x7|x11>(x2/x7)) CLASS=1.00
else 
CLASS=2.00
** CONFUSION MATRIX ** Number of classes: 3
   5    1    0 
   0    4    0 
   0    0    7 
TEST REPORT=>
CLASS[  0 (  6)] FAIL=16.67% 
CLASS[  1 (  4)] FAIL= 0.00% 
CLASS[  2 (  7)] FAIL= 0.00% 
CLASS_ERROR:    5.8823529412 PRECISION:    0.9333333333 RECALL:    0.9444444444 F1SCORE:    0.9388560158
 50:1.8519  100:1.8519  150:1.8519  200:1.8519  250:1.8519  300:1.8519  350:1.8519  400:1.8519  450:1.8519  500:1.8519 TEST REPORT=>
CLASS[  0 (  6)] FAIL=16.67% 
CLASS[  1 (  4)] FAIL= 0.00% 
CLASS[  2 (  7)] FAIL= 0.00% 
GENERATION=   80 FITNESS=    -1.852% TEST_ERROR=     5.882%
PROGRAMS=
if(!(x2<(x13+sin((exp(((x13+sin((-93.4)))+(-46.9)))-x8+(x13-(-36.66))*x1)))|x7<x9&!(!(x5<x6|!(x9<=(-61.3)|x12<=sin(x2)))))) CLASS=0.00
else 
if(x3>=x10-x12*x7|x11>(x2/x7)) CLASS=1.00
else 
CLASS=2.00
** CONFUSION MATRIX ** Number of classes: 3
   5    1    0 
   0    4    0 
   0    0    7 
TEST REPORT=>
CLASS[  0 (  6)] FAIL=16.67% 
CLASS[  1 (  4)] FAIL= 0.00% 
CLASS[  2 (  7)] FAIL= 0.00% 
CLASS_ERROR:    5.8823529412 PRECISION:    0.9333333333 RECALL:    0.9444444444 F1SCORE:    0.9388560158
 50:1.8519  100:1.8519  150:1.8519  200:1.8519  250:1.8519  300:1.8519  350:1.8519  400:1.8519  450:1.8519  500:1.8519 TEST REPORT=>
CLASS[  0 (  6)] FAIL=16.67% 
CLASS[  1 (  4)] FAIL= 0.00% 
CLASS[  2 (  7)] FAIL= 0.00% 
GENERATION=   81 FITNESS=    -1.852% TEST_ERROR=     5.882%
PROGRAMS=
if(!(x2<(x13+sin((exp(((x13+sin((-93.4)))+(-46.9)))-x8+(x13-(-36.66))*x1)))|x7<x9&!(!(x5<x6|!(x9<=(-61.3)|x12<=sin(x2)))))) CLASS=0.00
else 
if(x3>=x10-x12*x7|x11>(x2/x7)) CLASS=1.00
else 
CLASS=2.00
** CONFUSION MATRIX ** Number of classes: 3
   5    1    0 
   0    4    0 
   0    0    7 
TEST REPORT=>
CLASS[  0 (  6)] FAIL=16.67% 
CLASS[  1 (  4)] FAIL= 0.00% 
CLASS[  2 (  7)] FAIL= 0.00% 
CLASS_ERROR:    5.8823529412 PRECISION:    0.9333333333 RECALL:    0.9444444444 F1SCORE:    0.9388560158
 50:1.8519  100:1.8519  150:1.8519  200:1.8519  250:1.8519  300:1.8519  350:1.8519  400:1.8519  450:1.8519  500:1.8519 TEST REPORT=>
CLASS[  0 (  6)] FAIL=16.67% 
CLASS[  1 (  4)] FAIL= 0.00% 
CLASS[  2 (  7)] FAIL= 0.00% 
GENERATION=   82 FITNESS=    -1.852% TEST_ERROR=     5.882%
PROGRAMS=
if(!(x2<(x13+sin((exp(((x13+sin((-93.4)))+(-46.9)))-x8+(x13-(-36.66))*x1)))|x7<x9&!(!(x5<x6|!(x9<=(-61.3)|x12<=sin(x2)))))) CLASS=0.00
else 
if(x3>=x10-x12*x7|x11>(x2/x7)) CLASS=1.00
else 
CLASS=2.00
** CONFUSION MATRIX ** Number of classes: 3
   5    1    0 
   0    4    0 
   0    0    7 
TEST REPORT=>
CLASS[  0 (  6)] FAIL=16.67% 
CLASS[  1 (  4)] FAIL= 0.00% 
CLASS[  2 (  7)] FAIL= 0.00% 
CLASS_ERROR:    5.8823529412 PRECISION:    0.9333333333 RECALL:    0.9444444444 F1SCORE:    0.9388560158
 50:1.8519  100:1.8519  150:1.8519  200:1.8519  250:1.8519  300:1.8519  350:1.8519  400:1.8519  450:1.8519  500:1.8519 TEST REPORT=>
CLASS[  0 (  6)] FAIL=16.67% 
CLASS[  1 (  4)] FAIL= 0.00% 
CLASS[  2 (  7)] FAIL= 0.00% 
GENERATION=   83 FITNESS=    -1.852% TEST_ERROR=     5.882%
PROGRAMS=
if(!(x2<(x13+sin((exp(((x13+sin((-93.4)))+(-46.9)))-x8+(x13-(-36.66))*x1)))|x7<x9&!(!(x5<x6|!(x9<=(-61.3)|x12<=sin(x2)))))) CLASS=0.00
else 
if(x3>=x10-x12*x7|x11>(x2/x7)) CLASS=1.00
else 
CLASS=2.00
** CONFUSION MATRIX ** Number of classes: 3
   5    1    0 
   0    4    0 
   0    0    7 
TEST REPORT=>
CLASS[  0 (  6)] FAIL=16.67% 
CLASS[  1 (  4)] FAIL= 0.00% 
CLASS[  2 (  7)] FAIL= 0.00% 
CLASS_ERROR:    5.8823529412 PRECISION:    0.9333333333 RECALL:    0.9444444444 F1SCORE:    0.9388560158
 50:1.8519  100:1.8519  150:1.8519  200:1.8519  250:1.8519  300:1.8519  350:1.8519  400:1.8519  450:1.8519  500:1.8519 TEST REPORT=>
CLASS[  0 (  6)] FAIL=16.67% 
CLASS[  1 (  4)] FAIL= 0.00% 
CLASS[  2 (  7)] FAIL= 0.00% 
GENERATION=   84 FITNESS=    -1.852% TEST_ERROR=     5.882%
PROGRAMS=
if(!(x2<(x13+sin((exp(((x13+sin((-93.4)))+(-46.9)))-x8+(x13-(-36.66))*x1)))|x7<x9&!(!(x5<x6|!(x9<=(-61.3)|x12<=sin(x2)))))) CLASS=0.00
else 
if(x3>=x10-x12*x7|x11>(x2/x7)) CLASS=1.00
else 
CLASS=2.00
** CONFUSION MATRIX ** Number of classes: 3
   5    1    0 
   0    4    0 
   0    0    7 
TEST REPORT=>
CLASS[  0 (  6)] FAIL=16.67% 
CLASS[  1 (  4)] FAIL= 0.00% 
CLASS[  2 (  7)] FAIL= 0.00% 
CLASS_ERROR:    5.8823529412 PRECISION:    0.9333333333 RECALL:    0.9444444444 F1SCORE:    0.9388560158
 50:1.8519  100:1.8519  150:1.8519  200:1.8519  250:1.8519  300:1.8519  350:1.8519  400:1.8519  450:1.8519  500:1.8519 TEST REPORT=>
CLASS[  0 (  6)] FAIL=16.67% 
CLASS[  1 (  4)] FAIL= 0.00% 
CLASS[  2 (  7)] FAIL= 0.00% 
GENERATION=   85 FITNESS=    -1.852% TEST_ERROR=     5.882%
PROGRAMS=
if(!(x2<(x13+sin((exp(((x13+sin((-93.4)))+(-46.9)))-x8+(x13-(-36.66))*x1)))|x7<x9&!(!(x5<x6|!(x9<=(-61.3)|x12<=sin(x2)))))) CLASS=0.00
else 
if(x3>=x10-x12*x7|x11>(x2/x7)) CLASS=1.00
else 
CLASS=2.00
** CONFUSION MATRIX ** Number of classes: 3
   5    1    0 
   0    4    0 
   0    0    7 
TEST REPORT=>
CLASS[  0 (  6)] FAIL=16.67% 
CLASS[  1 (  4)] FAIL= 0.00% 
CLASS[  2 (  7)] FAIL= 0.00% 
CLASS_ERROR:    5.8823529412 PRECISION:    0.9333333333 RECALL:    0.9444444444 F1SCORE:    0.9388560158
 50:1.8519  100:1.8519  150:1.8519  200:1.8519  250:1.8519  300:1.8519  350:1.8519  400:1.8519  450:1.8519  500:1.8519 TEST REPORT=>
CLASS[  0 (  6)] FAIL=16.67% 
CLASS[  1 (  4)] FAIL= 0.00% 
CLASS[  2 (  7)] FAIL= 0.00% 
GENERATION=   86 FITNESS=    -1.852% TEST_ERROR=     5.882%
PROGRAMS=
if(!(x2<(x13+sin((exp(((x13+sin((-93.4)))+(-46.9)))-x8+(x13-(-36.66))*x1)))|x7<x9&!(!(x5<x6|!(x9<=(-61.3)|x12<=sin(x2)))))) CLASS=0.00
else 
if(x3>=x10-x12*x7|x11>(x2/x7)) CLASS=1.00
else 
CLASS=2.00
** CONFUSION MATRIX ** Number of classes: 3
   5    1    0 
   0    4    0 
   0    0    7 
TEST REPORT=>
CLASS[  0 (  6)] FAIL=16.67% 
CLASS[  1 (  4)] FAIL= 0.00% 
CLASS[  2 (  7)] FAIL= 0.00% 
CLASS_ERROR:    5.8823529412 PRECISION:    0.9333333333 RECALL:    0.9444444444 F1SCORE:    0.9388560158
 50:1.8519  100:1.8519  150:1.8519  200:1.8519  250:1.8519  300:1.8519  350:1.8519  400:1.8519  450:1.8519  500:1.8519 TEST REPORT=>
CLASS[  0 (  6)] FAIL=16.67% 
CLASS[  1 (  4)] FAIL= 0.00% 
CLASS[  2 (  7)] FAIL= 0.00% 
GENERATION=   87 FITNESS=    -1.852% TEST_ERROR=     5.882%
PROGRAMS=
if(!(x2<(x13+sin((exp(((x13+sin((-93.4)))+(-46.9)))-x8+(x13-(-36.66))*x1)))|x7<x9&!(!(x5<x6|!(x9<=(-61.3)|x12<=sin(x2)))))) CLASS=0.00
else 
if(x3>=x10-x12*x7|x11>(x2/x7)) CLASS=1.00
else 
CLASS=2.00
** CONFUSION MATRIX ** Number of classes: 3
   5    1    0 
   0    4    0 
   0    0    7 
TEST REPORT=>
CLASS[  0 (  6)] FAIL=16.67% 
CLASS[  1 (  4)] FAIL= 0.00% 
CLASS[  2 (  7)] FAIL= 0.00% 
CLASS_ERROR:    5.8823529412 PRECISION:    0.9333333333 RECALL:    0.9444444444 F1SCORE:    0.9388560158
 50:1.8519  100:1.8519  150:1.8519  200:1.8519  250:1.8519  300:1.8519  350:1.8519  400:1.8519  450:1.8519  500:1.8519 TEST REPORT=>
CLASS[  0 (  6)] FAIL=16.67% 
CLASS[  1 (  4)] FAIL= 0.00% 
CLASS[  2 (  7)] FAIL= 0.00% 
GENERATION=   88 FITNESS=    -1.852% TEST_ERROR=     5.882%
PROGRAMS=
if(!(x2<(x13+sin((exp(((x13+sin((-93.4)))+(-46.9)))-x8+(x13-(-36.66))*x1)))|x7<x9&!(!(x5<x6|!(x9<=(-61.3)|x12<=sin(x2)))))) CLASS=0.00
else 
if(x3>=x10-x12*x7|x11>(x2/x7)) CLASS=1.00
else 
CLASS=2.00
** CONFUSION MATRIX ** Number of classes: 3
   5    1    0 
   0    4    0 
   0    0    7 
TEST REPORT=>
CLASS[  0 (  6)] FAIL=16.67% 
CLASS[  1 (  4)] FAIL= 0.00% 
CLASS[  2 (  7)] FAIL= 0.00% 
CLASS_ERROR:    5.8823529412 PRECISION:    0.9333333333 RECALL:    0.9444444444 F1SCORE:    0.9388560158
 50:1.8519  100:1.8519  150:1.8519  200:1.8519  250:1.8519  300:1.8519  350:1.8519  400:1.8519  450:1.8519  500:1.8519 TEST REPORT=>
CLASS[  0 (  6)] FAIL=16.67% 
CLASS[  1 (  4)] FAIL= 0.00% 
CLASS[  2 (  7)] FAIL= 0.00% 
GENERATION=   89 FITNESS=    -1.852% TEST_ERROR=     5.882%
PROGRAMS=
if(!(x2<(x13+sin((exp(((x13+sin((-93.4)))+(-46.9)))-x8+(x13-(-36.66))*x1)))|x7<x9&!(!(x5<x6|!(x9<=(-61.3)|x12<=sin(x2)))))) CLASS=0.00
else 
if(x3>=x10-x12*x7|x11>(x2/x7)) CLASS=1.00
else 
CLASS=2.00
** CONFUSION MATRIX ** Number of classes: 3
   5    1    0 
   0    4    0 
   0    0    7 
TEST REPORT=>
CLASS[  0 (  6)] FAIL=16.67% 
CLASS[  1 (  4)] FAIL= 0.00% 
CLASS[  2 (  7)] FAIL= 0.00% 
CLASS_ERROR:    5.8823529412 PRECISION:    0.9333333333 RECALL:    0.9444444444 F1SCORE:    0.9388560158
 50:1.8519  100:1.8519  150:1.8519  200:1.8519  250:1.8519  300:1.8519  350:1.8519  400:1.8519  450:1.8519  500:1.8519 TEST REPORT=>
CLASS[  0 (  6)] FAIL=16.67% 
CLASS[  1 (  4)] FAIL= 0.00% 
CLASS[  2 (  7)] FAIL= 0.00% 
GENERATION=   90 FITNESS=    -1.852% TEST_ERROR=     5.882%
PROGRAMS=
if(!(x2<(x13+sin((exp(((x13+sin((-93.4)))+(-46.9)))-x8+(x13-(-36.66))*x1)))|x7<x9&!(!(x5<x6|!(x9<=(-61.3)|x12<=sin(x2)))))) CLASS=0.00
else 
if(x3>=x10-x12*x7|x11>(x2/x7)) CLASS=1.00
else 
CLASS=2.00
** CONFUSION MATRIX ** Number of classes: 3
   5    1    0 
   0    4    0 
   0    0    7 
TEST REPORT=>
CLASS[  0 (  6)] FAIL=16.67% 
CLASS[  1 (  4)] FAIL= 0.00% 
CLASS[  2 (  7)] FAIL= 0.00% 
CLASS_ERROR:    5.8823529412 PRECISION:    0.9333333333 RECALL:    0.9444444444 F1SCORE:    0.9388560158
 50:1.8519  100:1.8519  150:1.8519  200:1.8519  250:1.8519  300:1.8519  350:1.8519  400:1.8519  450:1.8519  500:1.8519 TEST REPORT=>
CLASS[  0 (  6)] FAIL=16.67% 
CLASS[  1 (  4)] FAIL= 0.00% 
CLASS[  2 (  7)] FAIL= 0.00% 
GENERATION=   91 FITNESS=    -1.852% TEST_ERROR=     5.882%
PROGRAMS=
if(!(x2<(x13+sin((exp(((x13+sin((-93.4)))+(-46.9)))-x8+(x13-(-36.66))*x1)))|x7<x9&!(!(x5<x6|!(x9<=(-61.3)|x12<=sin(x2)))))) CLASS=0.00
else 
if(x3>=x10-x12*x7|x11>(x2/x7)) CLASS=1.00
else 
CLASS=2.00
** CONFUSION MATRIX ** Number of classes: 3
   5    1    0 
   0    4    0 
   0    0    7 
TEST REPORT=>
CLASS[  0 (  6)] FAIL=16.67% 
CLASS[  1 (  4)] FAIL= 0.00% 
CLASS[  2 (  7)] FAIL= 0.00% 
CLASS_ERROR:    5.8823529412 PRECISION:    0.9333333333 RECALL:    0.9444444444 F1SCORE:    0.9388560158
 50:1.8519  100:1.8519  150:1.8519  200:1.8519  250:1.8519  300:1.8519  350:1.8519  400:1.8519  450:1.8519  500:1.8519 
TARGETED STAGNATION BURST generation=92 stagnation=20
TARGETED_BEST[0] START fitness=-1.8518518519
TARGETED_BEST[0] END fitness=-1.8518518519 accepted=0
TARGETED_BEST[1] START fitness=-1.8518518519
TARGETED_BEST[1] END fitness=-1.8518518519 accepted=0
TARGETED_BEST[2] START fitness=-1.8518518519
TARGETED_BEST[2] END fitness=-1.8518518519 accepted=0
TARGETED_BEST[3] START fitness=-1.8518518519
TARGETED_BEST[3] END fitness=-1.8518518519 accepted=0
TARGETED_BEST[4] START fitness=-1.8518518519
TARGETED_BEST[4] END fitness=-1.8518518519 accepted=0
TARGETED_BEST[5] START fitness=-1.8518518519
TARGETED_BEST[5] END fitness=-1.8518518519 accepted=0
TARGETED_BEST[6] START fitness=-1.8518518519
TARGETED_BEST[6] END fitness=-1.8518518519 accepted=0
TARGETED_BEST[7] START fitness=-1.8518518519
TARGETED_BEST[7] END fitness=-1.8518518519 accepted=0
TARGETED_BEST[8] START fitness=-1.8518518519
TARGETED_BEST[8] END fitness=-1.8518518519 accepted=0
TARGETED_BEST[9] START fitness=-1.8518518519
TARGETED_BEST[9] END fitness=-1.8518518519 accepted=0
TARGETED_BEST[10] START fitness=-1.8518518519
TARGETED_BEST[10] END fitness=-1.8518518519 accepted=0
TARGETED_BEST[11] START fitness=-1.8518518519
TARGETED_BEST[11] END fitness=-1.8518518519 accepted=0
TARGETED_BEST[12] START fitness=-1.8518518519
TARGETED_BEST[12] END fitness=-1.8518518519 accepted=0
TARGETED_BEST[13] START fitness=-1.8518518519
TARGETED_BEST[13] END fitness=-1.8518518519 accepted=0
TARGETED_BEST[14] START fitness=-1.8518518519
TARGETED_BEST[14] END fitness=-1.8518518519 accepted=0
TARGETED_BEST[15] START fitness=-1.8518518519
TARGETED_BEST[15] END fitness=-1.8518518519 accepted=0
TARGETED_BEST[16] START fitness=-1.8518518519
TARGETED_BEST[16] END fitness=-1.8518518519 accepted=0
TARGETED_BEST[17] START fitness=-1.8518518519
TARGETED_BEST[17] END fitness=-1.8518518519 accepted=0
TARGETED_BEST[18] START fitness=-1.8518518519
TARGETED_BEST[18] END fitness=-1.8518518519 accepted=0
TARGETED_BEST[19] START fitness=-1.8518518519
TARGETED_BEST[19] END fitness=-1.8518518519 accepted=0
TEST REPORT=>
CLASS[  0 (  6)] FAIL=16.67% 
CLASS[  1 (  4)] FAIL= 0.00% 
CLASS[  2 (  7)] FAIL= 0.00% 
GENERATION=   92 FITNESS=    -1.852% TEST_ERROR=     5.882%
PROGRAMS=
if(!(x2<(x13+sin((exp(((x13+sin((-93.4)))+(-46.9)))-x8+(x13-(-36.66))*x1)))|x7<x9&!(!(x5<x6|!(x9<=(-61.3)|x12<=sin(x2)))))) CLASS=0.00
else 
if(x3>=x10-x12*x7|x11>(x2/x7)) CLASS=1.00
else 
CLASS=2.00
** CONFUSION MATRIX ** Number of classes: 3
   5    1    0 
   0    4    0 
   0    0    7 
TEST REPORT=>
CLASS[  0 (  6)] FAIL=16.67% 
CLASS[  1 (  4)] FAIL= 0.00% 
CLASS[  2 (  7)] FAIL= 0.00% 
CLASS_ERROR:    5.8823529412 PRECISION:    0.9333333333 RECALL:    0.9444444444 F1SCORE:    0.9388560158
 50:1.8519  100:1.8519  150:1.8519  200:1.8519  250:1.8519  300:1.8519  350:1.8519  400:1.8519  450:1.8519  500:1.8519 TEST REPORT=>
CLASS[  0 (  6)] FAIL=16.67% 
CLASS[  1 (  4)] FAIL= 0.00% 
CLASS[  2 (  7)] FAIL= 0.00% 
GENERATION=   93 FITNESS=    -1.852% TEST_ERROR=     5.882%
PROGRAMS=
if(!(x2<(x13+sin((exp(((x13+sin((-93.4)))+(-46.9)))-x8+(x13-(-36.66))*x1)))|x7<x9&!(!(x5<x6|!(x9<=(-61.3)|x12<=sin(x2)))))) CLASS=0.00
else 
if(x3>=x10-x12*x7|x11>(x2/x7)) CLASS=1.00
else 
CLASS=2.00
** CONFUSION MATRIX ** Number of classes: 3
   5    1    0 
   0    4    0 
   0    0    7 
TEST REPORT=>
CLASS[  0 (  6)] FAIL=16.67% 
CLASS[  1 (  4)] FAIL= 0.00% 
CLASS[  2 (  7)] FAIL= 0.00% 
CLASS_ERROR:    5.8823529412 PRECISION:    0.9333333333 RECALL:    0.9444444444 F1SCORE:    0.9388560158
 50:1.8519  100:1.8519  150:1.8519  200:1.8519  250:1.8519  300:1.8519  350:1.8519  400:1.8519  450:1.8519  500:1.8519 TEST REPORT=>
CLASS[  0 (  6)] FAIL=16.67% 
CLASS[  1 (  4)] FAIL= 0.00% 
CLASS[  2 (  7)] FAIL= 0.00% 
GENERATION=   94 FITNESS=    -1.852% TEST_ERROR=     5.882%
PROGRAMS=
if(!(x2<(x13+sin((exp(((x13+sin((-93.4)))+(-46.9)))-x8+(x13-(-36.66))*x1)))|x7<x9&!(!(x5<x6|!(x9<=(-61.3)|x12<=sin(x2)))))) CLASS=0.00
else 
if(x3>=x10-x12*x7|x11>(x2/x7)) CLASS=1.00
else 
CLASS=2.00
** CONFUSION MATRIX ** Number of classes: 3
   5    1    0 
   0    4    0 
   0    0    7 
TEST REPORT=>
CLASS[  0 (  6)] FAIL=16.67% 
CLASS[  1 (  4)] FAIL= 0.00% 
CLASS[  2 (  7)] FAIL= 0.00% 
CLASS_ERROR:    5.8823529412 PRECISION:    0.9333333333 RECALL:    0.9444444444 F1SCORE:    0.9388560158
 50:1.8519  100:1.8519  150:1.8519  200:1.8519  250:1.8519  300:1.8519  350:1.8519  400:1.8519  450:1.8519  500:1.8519 TEST REPORT=>
CLASS[  0 (  6)] FAIL=16.67% 
CLASS[  1 (  4)] FAIL= 0.00% 
CLASS[  2 (  7)] FAIL= 0.00% 
GENERATION=   95 FITNESS=    -1.852% TEST_ERROR=     5.882%
PROGRAMS=
if(!(x2<(x13+sin((exp(((x13+sin((-93.4)))+(-46.9)))-x8+(x13-(-36.66))*x1)))|x7<x9&!(!(x5<x6|!(x9<=(-61.3)|x12<=sin(x2)))))) CLASS=0.00
else 
if(x3>=x10-x12*x7|x11>(x2/x7)) CLASS=1.00
else 
CLASS=2.00
** CONFUSION MATRIX ** Number of classes: 3
   5    1    0 
   0    4    0 
   0    0    7 
TEST REPORT=>
CLASS[  0 (  6)] FAIL=16.67% 
CLASS[  1 (  4)] FAIL= 0.00% 
CLASS[  2 (  7)] FAIL= 0.00% 
CLASS_ERROR:    5.8823529412 PRECISION:    0.9333333333 RECALL:    0.9444444444 F1SCORE:    0.9388560158
 50:1.8519  100:1.8519  150:1.8519  200:1.8519  250:1.8519  300:1.8519  350:1.8519  400:1.8519  450:1.8519  500:1.8519 TEST REPORT=>
CLASS[  0 (  6)] FAIL=16.67% 
CLASS[  1 (  4)] FAIL= 0.00% 
CLASS[  2 (  7)] FAIL= 0.00% 
GENERATION=   96 FITNESS=    -1.852% TEST_ERROR=     5.882%
PROGRAMS=
if(!(x2<(x13+sin((exp(((x13+sin((-93.4)))+(-46.9)))-x8+(x13-(-36.66))*x1)))|x7<x9&!(!(x5<x6|!(x9<=(-61.3)|x12<=sin(x2)))))) CLASS=0.00
else 
if(x3>=x10-x12*x7|x11>(x2/x7)) CLASS=1.00
else 
CLASS=2.00
** CONFUSION MATRIX ** Number of classes: 3
   5    1    0 
   0    4    0 
   0    0    7 
TEST REPORT=>
CLASS[  0 (  6)] FAIL=16.67% 
CLASS[  1 (  4)] FAIL= 0.00% 
CLASS[  2 (  7)] FAIL= 0.00% 
CLASS_ERROR:    5.8823529412 PRECISION:    0.9333333333 RECALL:    0.9444444444 F1SCORE:    0.9388560158
 50:1.8519  100:1.8519  150:1.8519  200:1.8519  250:1.8519  300:1.8519  350:1.8519  400:1.8519  450:1.8519  500:1.8519 TEST REPORT=>
CLASS[  0 (  6)] FAIL=16.67% 
CLASS[  1 (  4)] FAIL= 0.00% 
CLASS[  2 (  7)] FAIL= 0.00% 
GENERATION=   97 FITNESS=    -1.852% TEST_ERROR=     5.882%
PROGRAMS=
if(!(x2<(x13+sin((exp(((x13+sin((-93.4)))+(-46.9)))-x8+(x13-(-36.66))*x1)))|x7<x9&!(!(x5<x6|!(x9<=(-61.3)|x12<=sin(x2)))))) CLASS=0.00
else 
if(x3>=x10-x12*x7|x11>(x2/x7)) CLASS=1.00
else 
CLASS=2.00
** CONFUSION MATRIX ** Number of classes: 3
   5    1    0 
   0    4    0 
   0    0    7 
TEST REPORT=>
CLASS[  0 (  6)] FAIL=16.67% 
CLASS[  1 (  4)] FAIL= 0.00% 
CLASS[  2 (  7)] FAIL= 0.00% 
CLASS_ERROR:    5.8823529412 PRECISION:    0.9333333333 RECALL:    0.9444444444 F1SCORE:    0.9388560158
 50:1.8519  100:1.8519  150:1.8519  200:1.8519  250:1.8519  300:1.8519  350:1.8519  400:1.8519  450:1.8519  500:1.8519 TEST REPORT=>
CLASS[  0 (  6)] FAIL=16.67% 
CLASS[  1 (  4)] FAIL= 0.00% 
CLASS[  2 (  7)] FAIL= 0.00% 
GENERATION=   98 FITNESS=    -1.852% TEST_ERROR=     5.882%
PROGRAMS=
if(!(x2<(x13+sin((exp(((x13+sin((-93.4)))+(-46.9)))-x8+(x13-(-36.66))*x1)))|x7<x9&!(!(x5<x6|!(x9<=(-61.3)|x12<=sin(x2)))))) CLASS=0.00
else 
if(x3>=x10-x12*x7|x11>(x2/x7)) CLASS=1.00
else 
CLASS=2.00
** CONFUSION MATRIX ** Number of classes: 3
   5    1    0 
   0    4    0 
   0    0    7 
TEST REPORT=>
CLASS[  0 (  6)] FAIL=16.67% 
CLASS[  1 (  4)] FAIL= 0.00% 
CLASS[  2 (  7)] FAIL= 0.00% 
CLASS_ERROR:    5.8823529412 PRECISION:    0.9333333333 RECALL:    0.9444444444 F1SCORE:    0.9388560158
 50:1.8519  100:1.8519  150:1.8519  200:1.8519  250:1.8519  300:1.8519  350:1.8519  400:1.8519  450:1.8519  500:1.8519 TEST REPORT=>
CLASS[  0 (  6)] FAIL=16.67% 
CLASS[  1 (  4)] FAIL= 0.00% 
CLASS[  2 (  7)] FAIL= 0.00% 
GENERATION=   99 FITNESS=    -1.852% TEST_ERROR=     5.882%
PROGRAMS=
if(!(x2<(x13+sin((exp(((x13+sin((-93.4)))+(-46.9)))-x8+(x13-(-36.66))*x1)))|x7<x9&!(!(x5<x6|!(x9<=(-61.3)|x12<=sin(x2)))))) CLASS=0.00
else 
if(x3>=x10-x12*x7|x11>(x2/x7)) CLASS=1.00
else 
CLASS=2.00
** CONFUSION MATRIX ** Number of classes: 3
   5    1    0 
   0    4    0 
   0    0    7 
TEST REPORT=>
CLASS[  0 (  6)] FAIL=16.67% 
CLASS[  1 (  4)] FAIL= 0.00% 
CLASS[  2 (  7)] FAIL= 0.00% 
CLASS_ERROR:    5.8823529412 PRECISION:    0.9333333333 RECALL:    0.9444444444 F1SCORE:    0.9388560158
 50:1.8519  100:1.8519  150:1.8519  200:1.8519  250:1.8519  300:1.8519  350:1.8519  400:1.8519  450:1.8519  500:1.8519 TARGETED[0] START fitness=       -1.8518518519
TARGETED[0] END fitness=       -1.8518518519 accepted=0
TARGETED[468] START fitness=-100000000.0000000000
TARGETED[468] iter=20 type=UNKNOWN codonPos=85 codon=89->88 rule=1->0 fitness=-100000000.0000000000->       -2.4691358025
TARGETED[468] iter=25 type=BOOLEAN_OPERATOR codonPos=60 codon=30->28 rule=2->0 fitness=       -2.4691358025->       -1.8518518519
TARGETED[468] END fitness=       -1.8518518519 accepted=2
TARGETED[463] START fitness=-100000000.0000000000
TARGETED[463] iter=7 type=VARIABLE codonPos=84 codon=86->88 rule=11->13 fitness=-100000000.0000000000->       -6.1728395062
TARGETED[463] END fitness=       -6.1728395062 accepted=1
TARGETED[193] START fitness=      -32.7160493827
TARGETED[193] iter=27 type=VARIABLE codonPos=2 codon=54->60 rule=9->0 fitness=      -32.7160493827->      -30.8641975309
TARGETED[193] iter=29 type=BINARY_OPERATOR codonPos=42 codon=121->122 rule=1->2 fitness=      -30.8641975309->      -29.6296296296
TARGETED[193] iter=32 type=UNKNOWN codonPos=49 codon=17->14 rule=7->4 fitness=      -29.6296296296->      -29.0123456790
TARGETED[193] END fitness=      -29.0123456790 accepted=3
TARGETED[418] START fitness=-100000000.0000000000
TARGETED[418] iter=20 type=VARIABLE codonPos=104 codon=96->89 rule=6->14 fitness=-100000000.0000000000->       -3.0864197531
TARGETED[418] iter=25 type=UNKNOWN codonPos=29 codon=64->65 rule=4->5 fitness=       -3.0864197531->       -2.4691358025
TARGETED[418] END fitness=       -2.4691358025 accepted=2
TARGETED[49] START fitness=       -2.4691358025
TARGETED[49] END fitness=       -2.4691358025 accepted=0
TARGETED[272] START fitness=      -58.6419753086
TARGETED[272] END fitness=      -58.6419753086 accepted=0
TARGETED[360] START fitness=-100000000.0000000000
TARGETED[360] END fitness=-100000000.0000000000 accepted=0
TARGETED[210] START fitness=      -33.3333333333
TARGETED[210] iter=7 type=VARIABLE codonPos=46 codon=216->209 rule=6->14 fitness=      -33.3333333333->       -6.7901234568
TARGETED[210] iter=42 type=UNKNOWN codonPos=54 codon=195->194 rule=1->0 fitness=       -6.7901234568->       -6.1728395062
TARGETED[210] END fitness=       -6.1728395062 accepted=2
TARGETED[56] START fitness=       -3.0864197531
TARGETED[56] iter=7 type=VARIABLE codonPos=119 codon=141->143 rule=6->8 fitness=       -3.0864197531->       -1.8518518519
TARGETED[56] END fitness=       -1.8518518519 accepted=1
TARGETED[456] START fitness=-100000000.0000000000
TARGETED[456] iter=1 type=VARIABLE codonPos=119 codon=141->148 rule=6->13 fitness=-100000000.0000000000->      -67.2839506173
TARGETED[456] END fitness=      -67.2839506173 accepted=1
TARGETED[380] START fitness=-100000000.0000000000
TARGETED[380] iter=19 type=VARIABLE codonPos=19 codon=22->29 rule=7->14 fitness=-100000000.0000000000->      -35.8024691358
TARGETED[380] iter=23 type=BINARY_OPERATOR codonPos=22 codon=232->233 rule=0->1 fitness=      -35.8024691358->      -34.5679012346
TARGETED[380] iter=26 type=VARIABLE codonPos=29 codon=64->59 rule=4->14 fitness=      -34.5679012346->      -16.6666666667
TARGETED[380] iter=27 type=VARIABLE codonPos=25 codon=90->94 rule=0->4 fitness=      -16.6666666667->       -8.0246913580
TARGETED[380] iter=38 type=VARIABLE codonPos=30 codon=32->36 rule=2->6 fitness=       -8.0246913580->       -4.3209876543
TARGETED[380] iter=46 type=BINARY_OPERATOR codonPos=17 codon=8->9 rule=0->1 fitness=       -4.3209876543->       -3.0864197531
TARGETED[380] END fitness=       -3.0864197531 accepted=6
TARGETED[52] START fitness=       -2.4691358025
TARGETED[52] iter=38 type=UNKNOWN codonPos=29 codon=93->94 rule=3->4 fitness=       -2.4691358025->       -1.8518518519
TARGETED[52] END fitness=       -1.8518518519 accepted=1
TARGETED[326] START fitness=      -67.2839506173
TARGETED[326] iter=1 type=BOOLEAN_OPERATOR codonPos=3 codon=20->22 rule=0->2 fitness=      -67.2839506173->       -6.1728395062
TARGETED[326] END fitness=       -6.1728395062 accepted=1
TARGETED[230] START fitness=      -37.0370370370
TARGETED[230] iter=9 type=UNKNOWN codonPos=29 codon=34->37 rule=4->7 fitness=      -37.0370370370->      -36.4197530864
TARGETED[230] iter=10 type=FUNCTION codonPos=9 codon=107->108 rule=3->0 fitness=      -36.4197530864->      -32.7160493827
TARGETED[230] END fitness=      -32.7160493827 accepted=2
TARGETED[394] START fitness=-100000000.0000000000
TARGETED[394] iter=17 type=FUNCTION codonPos=73 codon=64->65 rule=0->1 fitness=-100000000.0000000000->      -32.7160493827
TARGETED[394] END fitness=      -32.7160493827 accepted=1
TARGETED[456] START fitness=      -67.2839506173
TARGETED[456] END fitness=      -67.2839506173 accepted=0
TARGETED[330] START fitness=      -67.2839506173
TARGETED[330] iter=14 type=BOOLEAN_OPERATOR codonPos=9 codon=227->228 rule=3->0 fitness=      -67.2839506173->      -32.7160493827
TARGETED[330] END fitness=      -32.7160493827 accepted=1
TARGETED[231] START fitness=      -37.6543209877
TARGETED[231] iter=1 type=VARIABLE codonPos=110 codon=216->218 rule=6->8 fitness=      -37.6543209877->      -37.0370370370
TARGETED[231] iter=4 type=VARIABLE codonPos=116 codon=1->2 rule=1->2 fitness=      -37.0370370370->      -36.4197530864
TARGETED[231] iter=15 type=VARIABLE codonPos=105 codon=189->195 rule=9->0 fitness=      -36.4197530864->      -35.1851851852
TARGETED[231] iter=22 type=VARIABLE codonPos=7 codon=180->181 rule=0->1 fitness=      -35.1851851852->      -26.5432098765
TARGETED[231] END fitness=      -26.5432098765 accepted=4
TARGETED[349] START fitness=      -78.3950617284
TARGETED[349] iter=2 type=VARIABLE codonPos=101 codon=212->207 rule=2->12 fitness=      -78.3950617284->      -58.6419753086
TARGETED[349] iter=20 type=BINARY_OPERATOR codonPos=7 codon=80->82 rule=0->2 fitness=      -58.6419753086->      -54.3209876543
TARGETED[349] iter=26 type=UNKNOWN codonPos=48 codon=146->142 rule=6->2 fitness=      -54.3209876543->      -53.7037037037
TARGETED[349] iter=33 type=VARIABLE codonPos=16 codon=240->237 rule=0->12 fitness=      -53.7037037037->      -43.8271604938
TARGETED[349] iter=35 type=UNKNOWN codonPos=32 codon=183->181 rule=3->1 fitness=      -43.8271604938->      -38.2716049383
TARGETED[349] iter=38 type=VARIABLE codonPos=55 codon=38->32 rule=8->2 fitness=      -38.2716049383->      -36.4197530864
TARGETED[349] END fitness=      -36.4197530864 accepted=6
TEST REPORT=>
CLASS[  0 (  6)] FAIL=16.67% 
CLASS[  1 (  4)] FAIL= 0.00% 
CLASS[  2 (  7)] FAIL= 0.00% 
GENERATION=  100 FITNESS=    -1.852% TEST_ERROR=     5.882%
PROGRAMS=
if(!(x2<(x13+sin((exp(((x13+sin((-93.4)))+(-46.9)))-x8+(x13-(-36.66))*x1)))|x7<x9&!(!(x5<x6|!(x9<=(-61.3)|x12<=sin(x2)))))) CLASS=0.00
else 
if(x3>=x10-x12*x7|x11>(x2/x7)) CLASS=1.00
else 
CLASS=2.00
** CONFUSION MATRIX ** Number of classes: 3
   5    1    0 
   0    4    0 
   0    0    7 
TEST REPORT=>
CLASS[  0 (  6)] FAIL=16.67% 
CLASS[  1 (  4)] FAIL= 0.00% 
CLASS[  2 (  7)] FAIL= 0.00% 
CLASS_ERROR:    5.8823529412 PRECISION:    0.9333333333 RECALL:    0.9444444444 F1SCORE:    0.9388560158
 50:1.8519  100:1.8519  150:1.8519  200:1.8519  250:1.8519  300:1.8519  350:1.8519  400:1.8519  450:1.8519  500:1.8519 TEST REPORT=>
CLASS[  0 (  6)] FAIL=16.67% 
CLASS[  1 (  4)] FAIL= 0.00% 
CLASS[  2 (  7)] FAIL= 0.00% 
GENERATION=  101 FITNESS=    -1.852% TEST_ERROR=     5.882%
PROGRAMS=
if(!(x2<(x13+sin((exp(((x13+sin((-93.4)))+(-46.9)))-x8+(x13-(-36.66))*x1)))|x7<x9&!(!(x5<x6|!(x9<=(-61.3)|x12<=sin(x2)))))) CLASS=0.00
else 
if(x3>=x10-x12*x7|x11>(x2/x7)) CLASS=1.00
else 
CLASS=2.00
** CONFUSION MATRIX ** Number of classes: 3
   5    1    0 
   0    4    0 
   0    0    7 
TEST REPORT=>
CLASS[  0 (  6)] FAIL=16.67% 
CLASS[  1 (  4)] FAIL= 0.00% 
CLASS[  2 (  7)] FAIL= 0.00% 
CLASS_ERROR:    5.8823529412 PRECISION:    0.9333333333 RECALL:    0.9444444444 F1SCORE:    0.9388560158
 50:1.8519  100:1.8519  150:1.8519  200:1.8519  250:1.8519  300:1.8519  350:1.8519  400:1.8519  450:1.8519  500:1.8519 TEST REPORT=>
CLASS[  0 (  6)] FAIL=16.67% 
CLASS[  1 (  4)] FAIL= 0.00% 
CLASS[  2 (  7)] FAIL= 0.00% 
GENERATION=  102 FITNESS=    -1.852% TEST_ERROR=     5.882%
PROGRAMS=
if(!(x2<(x13+sin((exp(((x13+sin((-93.4)))+(-46.9)))-x8+(x13-(-36.66))*x1)))|x7<x9&!(!(x5<x6|!(x9<=(-61.3)|x12<=sin(x2)))))) CLASS=0.00
else 
if(x3>=x10-x12*x7|x11>(x2/x7)) CLASS=1.00
else 
CLASS=2.00
** CONFUSION MATRIX ** Number of classes: 3
   5    1    0 
   0    4    0 
   0    0    7 
TEST REPORT=>
CLASS[  0 (  6)] FAIL=16.67% 
CLASS[  1 (  4)] FAIL= 0.00% 
CLASS[  2 (  7)] FAIL= 0.00% 
CLASS_ERROR:    5.8823529412 PRECISION:    0.9333333333 RECALL:    0.9444444444 F1SCORE:    0.9388560158
 50:1.8519  100:1.8519  150:1.8519  200:1.8519  250:1.8519  300:1.8519  350:1.8519  400:1.8519  450:1.8519  500:1.8519 TEST REPORT=>
CLASS[  0 (  6)] FAIL=16.67% 
CLASS[  1 (  4)] FAIL= 0.00% 
CLASS[  2 (  7)] FAIL= 0.00% 
GENERATION=  103 FITNESS=    -1.852% TEST_ERROR=     5.882%
PROGRAMS=
if(!(x2<(x13+sin((exp(((x13+sin((-93.4)))+(-46.9)))-x8+(x13-(-36.66))*x1)))|x7<x9&!(!(x5<x6|!(x9<=(-61.3)|x12<=sin(x2)))))) CLASS=0.00
else 
if(x3>=x10-x12*x7|x11>(x2/x7)) CLASS=1.00
else 
CLASS=2.00
** CONFUSION MATRIX ** Number of classes: 3
   5    1    0 
   0    4    0 
   0    0    7 
TEST REPORT=>
CLASS[  0 (  6)] FAIL=16.67% 
CLASS[  1 (  4)] FAIL= 0.00% 
CLASS[  2 (  7)] FAIL= 0.00% 
CLASS_ERROR:    5.8823529412 PRECISION:    0.9333333333 RECALL:    0.9444444444 F1SCORE:    0.9388560158
 50:1.8519  100:1.8519  150:1.8519  200:1.8519  250:1.8519  300:1.8519  350:1.8519  400:1.8519  450:1.8519  500:1.8519 TEST REPORT=>
CLASS[  0 (  6)] FAIL=16.67% 
CLASS[  1 (  4)] FAIL= 0.00% 
CLASS[  2 (  7)] FAIL= 0.00% 
GENERATION=  104 FITNESS=    -1.852% TEST_ERROR=     5.882%
PROGRAMS=
if(!(x2<(x13+sin((exp(((x13+sin((-93.4)))+(-46.9)))-x8+(x13-(-36.66))*x1)))|x7<x9&!(!(x5<x6|!(x9<=(-61.3)|x12<=sin(x2)))))) CLASS=0.00
else 
if(x3>=x10-x12*x7|x11>(x2/x7)) CLASS=1.00
else 
CLASS=2.00
** CONFUSION MATRIX ** Number of classes: 3
   5    1    0 
   0    4    0 
   0    0    7 
TEST REPORT=>
CLASS[  0 (  6)] FAIL=16.67% 
CLASS[  1 (  4)] FAIL= 0.00% 
CLASS[  2 (  7)] FAIL= 0.00% 
CLASS_ERROR:    5.8823529412 PRECISION:    0.9333333333 RECALL:    0.9444444444 F1SCORE:    0.9388560158
 50:1.8519  100:1.8519  150:1.8519  200:1.8519  250:1.8519  300:1.8519  350:1.8519  400:1.8519  450:1.8519  500:1.8519 TEST REPORT=>
CLASS[  0 (  6)] FAIL=16.67% 
CLASS[  1 (  4)] FAIL= 0.00% 
CLASS[  2 (  7)] FAIL= 0.00% 
GENERATION=  105 FITNESS=    -1.852% TEST_ERROR=     5.882%
PROGRAMS=
if(!(x2<(x13+sin((exp(((x13+sin((-93.4)))+(-46.9)))-x8+(x13-(-36.66))*x1)))|x7<x9&!(!(x5<x6|!(x9<=(-61.3)|x12<=sin(x2)))))) CLASS=0.00
else 
if(x3>=x10-x12*x7|x11>(x2/x7)) CLASS=1.00
else 
CLASS=2.00
** CONFUSION MATRIX ** Number of classes: 3
   5    1    0 
   0    4    0 
   0    0    7 
TEST REPORT=>
CLASS[  0 (  6)] FAIL=16.67% 
CLASS[  1 (  4)] FAIL= 0.00% 
CLASS[  2 (  7)] FAIL= 0.00% 
CLASS_ERROR:    5.8823529412 PRECISION:    0.9333333333 RECALL:    0.9444444444 F1SCORE:    0.9388560158
 50:1.8519  100:1.8519  150:1.8519  200:1.8519  250:1.8519  300:1.8519  350:1.8519  400:1.8519  450:1.8519  500:1.8519 TEST REPORT=>
CLASS[  0 (  6)] FAIL=16.67% 
CLASS[  1 (  4)] FAIL= 0.00% 
CLASS[  2 (  7)] FAIL= 0.00% 
GENERATION=  106 FITNESS=    -1.852% TEST_ERROR=     5.882%
PROGRAMS=
if(!(x2<(x13+sin((exp(((x13+sin((-93.4)))+(-46.9)))-x8+(x13-(-36.66))*x1)))|x7<x9&!(!(x5<x6|!(x9<=(-61.3)|x12<=sin(x2)))))) CLASS=0.00
else 
if(x3>=x10-x12*x7|x11>(x2/x7)) CLASS=1.00
else 
CLASS=2.00
** CONFUSION MATRIX ** Number of classes: 3
   5    1    0 
   0    4    0 
   0    0    7 
TEST REPORT=>
CLASS[  0 (  6)] FAIL=16.67% 
CLASS[  1 (  4)] FAIL= 0.00% 
CLASS[  2 (  7)] FAIL= 0.00% 
CLASS_ERROR:    5.8823529412 PRECISION:    0.9333333333 RECALL:    0.9444444444 F1SCORE:    0.9388560158
 50:1.8519  100:1.8519  150:1.8519  200:1.8519  250:1.8519  300:1.8519  350:1.8519  400:1.8519  450:1.8519  500:1.8519 TEST REPORT=>
CLASS[  0 (  6)] FAIL=16.67% 
CLASS[  1 (  4)] FAIL= 0.00% 
CLASS[  2 (  7)] FAIL= 0.00% 
GENERATION=  107 FITNESS=    -1.852% TEST_ERROR=     5.882%
PROGRAMS=
if(!(x2<(x13+sin((exp(((x13+sin((-93.4)))+(-46.9)))-x8+(x13-(-36.66))*x1)))|x7<x9&!(!(x5<x6|!(x9<=(-61.3)|x12<=sin(x2)))))) CLASS=0.00
else 
if(x3>=x10-x12*x7|x11>(x2/x7)) CLASS=1.00
else 
CLASS=2.00
** CONFUSION MATRIX ** Number of classes: 3
   5    1    0 
   0    4    0 
   0    0    7 
TEST REPORT=>
CLASS[  0 (  6)] FAIL=16.67% 
CLASS[  1 (  4)] FAIL= 0.00% 
CLASS[  2 (  7)] FAIL= 0.00% 
CLASS_ERROR:    5.8823529412 PRECISION:    0.9333333333 RECALL:    0.9444444444 F1SCORE:    0.9388560158
 50:1.8519  100:1.8519  150:1.8519  200:1.8519  250:1.8519  300:1.8519  350:1.8519  400:1.8519  450:1.8519  500:1.8519 TEST REPORT=>
CLASS[  0 (  6)] FAIL=16.67% 
CLASS[  1 (  4)] FAIL= 0.00% 
CLASS[  2 (  7)] FAIL= 0.00% 
GENERATION=  108 FITNESS=    -1.852% TEST_ERROR=     5.882%
PROGRAMS=
if(!(x2<(x13+sin((exp(((x13+sin((-93.4)))+(-46.9)))-x8+(x13-(-36.66))*x1)))|x7<x9&!(!(x5<x6|!(x9<=(-61.3)|x12<=sin(x2)))))) CLASS=0.00
else 
if(x3>=x10-x12*x7|x11>(x2/x7)) CLASS=1.00
else 
CLASS=2.00
** CONFUSION MATRIX ** Number of classes: 3
   5    1    0 
   0    4    0 
   0    0    7 
TEST REPORT=>
CLASS[  0 (  6)] FAIL=16.67% 
CLASS[  1 (  4)] FAIL= 0.00% 
CLASS[  2 (  7)] FAIL= 0.00% 
CLASS_ERROR:    5.8823529412 PRECISION:    0.9333333333 RECALL:    0.9444444444 F1SCORE:    0.9388560158
 50:1.8519  100:1.8519  150:1.8519  200:1.8519  250:1.8519  300:1.8519  350:1.8519  400:1.8519  450:1.8519  500:1.8519 TEST REPORT=>
CLASS[  0 (  6)] FAIL=16.67% 
CLASS[  1 (  4)] FAIL= 0.00% 
CLASS[  2 (  7)] FAIL= 0.00% 
GENERATION=  109 FITNESS=    -1.852% TEST_ERROR=     5.882%
PROGRAMS=
if(!(x2<(x13+sin((exp(((x13+sin((-93.4)))+(-46.9)))-x8+(x13-(-36.66))*x1)))|x7<x9&!(!(x5<x6|!(x9<=(-61.3)|x12<=sin(x2)))))) CLASS=0.00
else 
if(x3>=x10-x12*x7|x11>(x2/x7)) CLASS=1.00
else 
CLASS=2.00
** CONFUSION MATRIX ** Number of classes: 3
   5    1    0 
   0    4    0 
   0    0    7 
TEST REPORT=>
CLASS[  0 (  6)] FAIL=16.67% 
CLASS[  1 (  4)] FAIL= 0.00% 
CLASS[  2 (  7)] FAIL= 0.00% 
CLASS_ERROR:    5.8823529412 PRECISION:    0.9333333333 RECALL:    0.9444444444 F1SCORE:    0.9388560158
 50:1.8519  100:1.8519  150:1.8519  200:1.8519  250:1.8519  300:1.8519  350:1.8519  400:1.8519  450:1.8519  500:1.8519 TEST REPORT=>
CLASS[  0 (  6)] FAIL=16.67% 
CLASS[  1 (  4)] FAIL= 0.00% 
CLASS[  2 (  7)] FAIL= 0.00% 
GENERATION=  110 FITNESS=    -1.852% TEST_ERROR=     5.882%
PROGRAMS=
if(!(x2<(x13+sin((exp(((x13+sin((-93.4)))+(-46.9)))-x8+(x13-(-36.66))*x1)))|x7<x9&!(!(x5<x6|!(x9<=(-61.3)|x12<=sin(x2)))))) CLASS=0.00
else 
if(x3>=x10-x12*x7|x11>(x2/x7)) CLASS=1.00
else 
CLASS=2.00
** CONFUSION MATRIX ** Number of classes: 3
   5    1    0 
   0    4    0 
   0    0    7 
TEST REPORT=>
CLASS[  0 (  6)] FAIL=16.67% 
CLASS[  1 (  4)] FAIL= 0.00% 
CLASS[  2 (  7)] FAIL= 0.00% 
CLASS_ERROR:    5.8823529412 PRECISION:    0.9333333333 RECALL:    0.9444444444 F1SCORE:    0.9388560158
 50:1.8519  100:1.8519  150:1.8519  200:1.8519  250:1.8519  300:1.8519  350:1.8519  400:1.8519  450:1.8519  500:1.8519 TEST REPORT=>
CLASS[  0 (  6)] FAIL=16.67% 
CLASS[  1 (  4)] FAIL= 0.00% 
CLASS[  2 (  7)] FAIL= 0.00% 
GENERATION=  111 FITNESS=    -1.852% TEST_ERROR=     5.882%
PROGRAMS=
if(!(x2<(x13+sin((exp(((x13+sin((-93.4)))+(-46.9)))-x8+(x13-(-36.66))*x1)))|x7<x9&!(!(x5<x6|!(x9<=(-61.3)|x12<=sin(x2)))))) CLASS=0.00
else 
if(x3>=x10-x12*x7|x11>(x2/x7)) CLASS=1.00
else 
CLASS=2.00
** CONFUSION MATRIX ** Number of classes: 3
   5    1    0 
   0    4    0 
   0    0    7 
TEST REPORT=>
CLASS[  0 (  6)] FAIL=16.67% 
CLASS[  1 (  4)] FAIL= 0.00% 
CLASS[  2 (  7)] FAIL= 0.00% 
CLASS_ERROR:    5.8823529412 PRECISION:    0.9333333333 RECALL:    0.9444444444 F1SCORE:    0.9388560158
 50:1.8519  100:1.8519  150:1.8519  200:1.8519  250:1.8519  300:1.8519  350:1.8519  400:1.8519  450:1.8519  500:1.8519 
TARGETED STAGNATION BURST generation=112 stagnation=20
TARGETED_BEST[0] START fitness=-1.8518518519
TARGETED_BEST[0] END fitness=-1.8518518519 accepted=0
TARGETED_BEST[1] START fitness=-1.8518518519
TARGETED_BEST[1] END fitness=-1.8518518519 accepted=0
TARGETED_BEST[2] START fitness=-1.8518518519
TARGETED_BEST[2] END fitness=-1.8518518519 accepted=0
TARGETED_BEST[3] START fitness=-1.8518518519
TARGETED_BEST[3] END fitness=-1.8518518519 accepted=0
TARGETED_BEST[4] START fitness=-1.8518518519
TARGETED_BEST[4] END fitness=-1.8518518519 accepted=0
TARGETED_BEST[5] START fitness=-1.8518518519
TARGETED_BEST[5] END fitness=-1.8518518519 accepted=0
TARGETED_BEST[6] START fitness=-1.8518518519
TARGETED_BEST[6] END fitness=-1.8518518519 accepted=0
TARGETED_BEST[7] START fitness=-1.8518518519
TARGETED_BEST[7] END fitness=-1.8518518519 accepted=0
TARGETED_BEST[8] START fitness=-1.8518518519
TARGETED_BEST[8] END fitness=-1.8518518519 accepted=0
TARGETED_BEST[9] START fitness=-1.8518518519
TARGETED_BEST[9] END fitness=-1.8518518519 accepted=0
TARGETED_BEST[10] START fitness=-1.8518518519
TARGETED_BEST[10] END fitness=-1.8518518519 accepted=0
TARGETED_BEST[11] START fitness=-1.8518518519
TARGETED_BEST[11] END fitness=-1.8518518519 accepted=0
TARGETED_BEST[12] START fitness=-1.8518518519
TARGETED_BEST[12] END fitness=-1.8518518519 accepted=0
TARGETED_BEST[13] START fitness=-1.8518518519
TARGETED_BEST[13] END fitness=-1.8518518519 accepted=0
TARGETED_BEST[14] START fitness=-1.8518518519
TARGETED_BEST[14] END fitness=-1.8518518519 accepted=0
TARGETED_BEST[15] START fitness=-1.8518518519
TARGETED_BEST[15] END fitness=-1.8518518519 accepted=0
TARGETED_BEST[16] START fitness=-1.8518518519
TARGETED_BEST[16] END fitness=-1.8518518519 accepted=0
TARGETED_BEST[17] START fitness=-1.8518518519
TARGETED_BEST[17] END fitness=-1.8518518519 accepted=0
TARGETED_BEST[18] START fitness=-1.8518518519
TARGETED_BEST[18] END fitness=-1.8518518519 accepted=0
TARGETED_BEST[19] START fitness=-1.8518518519
TARGETED_BEST[19] END fitness=-1.8518518519 accepted=0
TEST REPORT=>
CLASS[  0 (  6)] FAIL=16.67% 
CLASS[  1 (  4)] FAIL= 0.00% 
CLASS[  2 (  7)] FAIL= 0.00% 
GENERATION=  112 FITNESS=    -1.852% TEST_ERROR=     5.882%
PROGRAMS=
if(!(x2<(x13+sin((exp(((x13+sin((-93.4)))+(-46.9)))-x8+(x13-(-36.66))*x1)))|x7<x9&!(!(x5<x6|!(x9<=(-61.3)|x12<=sin(x2)))))) CLASS=0.00
else 
if(x3>=x10-x12*x7|x11>(x2/x7)) CLASS=1.00
else 
CLASS=2.00
** CONFUSION MATRIX ** Number of classes: 3
   5    1    0 
   0    4    0 
   0    0    7 
TEST REPORT=>
CLASS[  0 (  6)] FAIL=16.67% 
CLASS[  1 (  4)] FAIL= 0.00% 
CLASS[  2 (  7)] FAIL= 0.00% 
CLASS_ERROR:    5.8823529412 PRECISION:    0.9333333333 RECALL:    0.9444444444 F1SCORE:    0.9388560158
 50:1.8519  100:1.8519  150:1.8519  200:1.8519  250:1.8519  300:1.8519  350:1.8519  400:1.8519  450:1.8519  500:1.8519 TEST REPORT=>
CLASS[  0 (  6)] FAIL=16.67% 
CLASS[  1 (  4)] FAIL= 0.00% 
CLASS[  2 (  7)] FAIL= 0.00% 
GENERATION=  113 FITNESS=    -1.852% TEST_ERROR=     5.882%
PROGRAMS=
if(!(x2<(x13+sin((exp(((x13+sin((-93.4)))+(-46.9)))-x8+(x13-(-36.66))*x1)))|x7<x9&!(!(x5<x6|!(x9<=(-61.3)|x12<=sin(x2)))))) CLASS=0.00
else 
if(x3>=x10-x12*x7|x11>(x2/x7)) CLASS=1.00
else 
CLASS=2.00
** CONFUSION MATRIX ** Number of classes: 3
   5    1    0 
   0    4    0 
   0    0    7 
TEST REPORT=>
CLASS[  0 (  6)] FAIL=16.67% 
CLASS[  1 (  4)] FAIL= 0.00% 
CLASS[  2 (  7)] FAIL= 0.00% 
CLASS_ERROR:    5.8823529412 PRECISION:    0.9333333333 RECALL:    0.9444444444 F1SCORE:    0.9388560158
 50:1.8519  100:1.8519  150:1.8519  200:1.8519  250:1.8519  300:1.8519  350:1.8519  400:1.8519  450:1.8519  500:1.8519 TEST REPORT=>
CLASS[  0 (  6)] FAIL=16.67% 
CLASS[  1 (  4)] FAIL= 0.00% 
CLASS[  2 (  7)] FAIL= 0.00% 
GENERATION=  114 FITNESS=    -1.852% TEST_ERROR=     5.882%
PROGRAMS=
if(!(x2<(x13+sin((exp(((x13+sin((-93.4)))+(-46.9)))-x8+(x13-(-36.66))*x1)))|x7<x9&!(!(x5<x6|!(x9<=(-61.3)|x12<=sin(x2)))))) CLASS=0.00
else 
if(x3>=x10-x12*x7|x11>(x2/x7)) CLASS=1.00
else 
CLASS=2.00
** CONFUSION MATRIX ** Number of classes: 3
   5    1    0 
   0    4    0 
   0    0    7 
TEST REPORT=>
CLASS[  0 (  6)] FAIL=16.67% 
CLASS[  1 (  4)] FAIL= 0.00% 
CLASS[  2 (  7)] FAIL= 0.00% 
CLASS_ERROR:    5.8823529412 PRECISION:    0.9333333333 RECALL:    0.9444444444 F1SCORE:    0.9388560158
 50:1.8519  100:1.8519  150:1.8519  200:1.8519  250:1.8519  300:1.8519  350:1.8519  400:1.8519  450:1.8519  500:1.8519 TEST REPORT=>
CLASS[  0 (  6)] FAIL=16.67% 
CLASS[  1 (  4)] FAIL= 0.00% 
CLASS[  2 (  7)] FAIL= 0.00% 
GENERATION=  115 FITNESS=    -1.852% TEST_ERROR=     5.882%
PROGRAMS=
if(!(x2<(x13+sin((exp(((x13+sin((-93.4)))+(-46.9)))-x8+(x13-(-36.66))*x1)))|x7<x9&!(!(x5<x6|!(x9<=(-61.3)|x12<=sin(x2)))))) CLASS=0.00
else 
if(x3>=x10-x12*x7|x11>(x2/x7)) CLASS=1.00
else 
CLASS=2.00
** CONFUSION MATRIX ** Number of classes: 3
   5    1    0 
   0    4    0 
   0    0    7 
TEST REPORT=>
CLASS[  0 (  6)] FAIL=16.67% 
CLASS[  1 (  4)] FAIL= 0.00% 
CLASS[  2 (  7)] FAIL= 0.00% 
CLASS_ERROR:    5.8823529412 PRECISION:    0.9333333333 RECALL:    0.9444444444 F1SCORE:    0.9388560158
 50:1.8519  100:1.8519  150:1.8519  200:1.8519  250:1.8519  300:1.8519  350:1.8519  400:1.8519  450:1.8519  500:1.8519 TEST REPORT=>
CLASS[  0 (  6)] FAIL=16.67% 
CLASS[  1 (  4)] FAIL= 0.00% 
CLASS[  2 (  7)] FAIL= 0.00% 
GENERATION=  116 FITNESS=    -1.852% TEST_ERROR=     5.882%
PROGRAMS=
if(!(x2<(x13+sin((exp(((x13+sin((-93.4)))+(-46.9)))-x8+(x13-(-36.66))*x1)))|x7<x9&!(!(x5<x6|!(x9<=(-61.3)|x12<=sin(x2)))))) CLASS=0.00
else 
if(x3>=x10-x12*x7|x11>(x2/x7)) CLASS=1.00
else 
CLASS=2.00
** CONFUSION MATRIX ** Number of classes: 3
   5    1    0 
   0    4    0 
   0    0    7 
TEST REPORT=>
CLASS[  0 (  6)] FAIL=16.67% 
CLASS[  1 (  4)] FAIL= 0.00% 
CLASS[  2 (  7)] FAIL= 0.00% 
CLASS_ERROR:    5.8823529412 PRECISION:    0.9333333333 RECALL:    0.9444444444 F1SCORE:    0.9388560158
 50:1.8519  100:1.8519  150:1.8519  200:1.8519  250:1.8519  300:1.8519  350:1.8519  400:1.8519  450:1.8519  500:1.8519 TEST REPORT=>
CLASS[  0 (  6)] FAIL=16.67% 
CLASS[  1 (  4)] FAIL= 0.00% 
CLASS[  2 (  7)] FAIL= 0.00% 
GENERATION=  117 FITNESS=    -1.852% TEST_ERROR=     5.882%
PROGRAMS=
if(!(x2<(x13+sin((exp(((x13+sin((-93.4)))+(-46.9)))-x8+(x13-(-36.66))*x1)))|x7<x9&!(!(x5<x6|!(x9<=(-61.3)|x12<=sin(x2)))))) CLASS=0.00
else 
if(x3>=x10-x12*x7|x11>(x2/x7)) CLASS=1.00
else 
CLASS=2.00
** CONFUSION MATRIX ** Number of classes: 3
   5    1    0 
   0    4    0 
   0    0    7 
TEST REPORT=>
CLASS[  0 (  6)] FAIL=16.67% 
CLASS[  1 (  4)] FAIL= 0.00% 
CLASS[  2 (  7)] FAIL= 0.00% 
CLASS_ERROR:    5.8823529412 PRECISION:    0.9333333333 RECALL:    0.9444444444 F1SCORE:    0.9388560158
 50:1.8519  100:1.8519  150:1.8519  200:1.8519  250:1.8519  300:1.8519  350:1.8519  400:1.8519  450:1.8519  500:1.8519 TEST REPORT=>
CLASS[  0 (  6)] FAIL=16.67% 
CLASS[  1 (  4)] FAIL= 0.00% 
CLASS[  2 (  7)] FAIL= 0.00% 
GENERATION=  118 FITNESS=    -1.852% TEST_ERROR=     5.882%
PROGRAMS=
if(!(x2<(x13+sin((exp(((x13+sin((-93.4)))+(-46.9)))-x8+(x13-(-36.66))*x1)))|x7<x9&!(!(x5<x6|!(x9<=(-61.3)|x12<=sin(x2)))))) CLASS=0.00
else 
if(x3>=x10-x12*x7|x11>(x2/x7)) CLASS=1.00
else 
CLASS=2.00
** CONFUSION MATRIX ** Number of classes: 3
   5    1    0 
   0    4    0 
   0    0    7 
TEST REPORT=>
CLASS[  0 (  6)] FAIL=16.67% 
CLASS[  1 (  4)] FAIL= 0.00% 
CLASS[  2 (  7)] FAIL= 0.00% 
CLASS_ERROR:    5.8823529412 PRECISION:    0.9333333333 RECALL:    0.9444444444 F1SCORE:    0.9388560158
 50:1.8519  100:1.8519  150:1.8519  200:1.8519  250:1.8519  300:1.8519  350:1.8519  400:1.8519  450:1.8519  500:1.8519 TEST REPORT=>
CLASS[  0 (  6)] FAIL=16.67% 
CLASS[  1 (  4)] FAIL= 0.00% 
CLASS[  2 (  7)] FAIL= 0.00% 
GENERATION=  119 FITNESS=    -1.852% TEST_ERROR=     5.882%
PROGRAMS=
if(!(x2<(x13+sin((exp(((x13+sin((-93.4)))+(-46.9)))-x8+(x13-(-36.66))*x1)))|x7<x9&!(!(x5<x6|!(x9<=(-61.3)|x12<=sin(x2)))))) CLASS=0.00
else 
if(x3>=x10-x12*x7|x11>(x2/x7)) CLASS=1.00
else 
CLASS=2.00
** CONFUSION MATRIX ** Number of classes: 3
   5    1    0 
   0    4    0 
   0    0    7 
TEST REPORT=>
CLASS[  0 (  6)] FAIL=16.67% 
CLASS[  1 (  4)] FAIL= 0.00% 
CLASS[  2 (  7)] FAIL= 0.00% 
CLASS_ERROR:    5.8823529412 PRECISION:    0.9333333333 RECALL:    0.9444444444 F1SCORE:    0.9388560158
 50:1.8519  100:1.8519  150:1.8519  200:1.8519  250:1.8519  300:1.8519  350:1.8519  400:1.8519  450:1.8519  500:1.8519 TEST REPORT=>
CLASS[  0 (  6)] FAIL=16.67% 
CLASS[  1 (  4)] FAIL= 0.00% 
CLASS[  2 (  7)] FAIL= 0.00% 
GENERATION=  120 FITNESS=    -1.852% TEST_ERROR=     5.882%
PROGRAMS=
if(!(x2<(x13+sin((exp(((x13+sin((-93.4)))+(-46.9)))-x8+(x13-(-36.66))*x1)))|x7<x9&!(!(x5<x6|!(x9<=(-61.3)|x12<=sin(x2)))))) CLASS=0.00
else 
if(x3>=x10-x12*x7|x11>(x2/x7)) CLASS=1.00
else 
CLASS=2.00
** CONFUSION MATRIX ** Number of classes: 3
   5    1    0 
   0    4    0 
   0    0    7 
TEST REPORT=>
CLASS[  0 (  6)] FAIL=16.67% 
CLASS[  1 (  4)] FAIL= 0.00% 
CLASS[  2 (  7)] FAIL= 0.00% 
CLASS_ERROR:    5.8823529412 PRECISION:    0.9333333333 RECALL:    0.9444444444 F1SCORE:    0.9388560158
 50:1.8519  100:1.8519  150:1.8519  200:1.8519  250:1.8519  300:1.8519  350:1.8519  400:1.8519  450:1.8519  500:1.8519 TEST REPORT=>
CLASS[  0 (  6)] FAIL=16.67% 
CLASS[  1 (  4)] FAIL= 0.00% 
CLASS[  2 (  7)] FAIL= 0.00% 
GENERATION=  121 FITNESS=    -1.852% TEST_ERROR=     5.882%
PROGRAMS=
if(!(x2<(x13+sin((exp(((x13+sin((-93.4)))+(-46.9)))-x8+(x13-(-36.66))*x1)))|x7<x9&!(!(x5<x6|!(x9<=(-61.3)|x12<=sin(x2)))))) CLASS=0.00
else 
if(x3>=x10-x12*x7|x11>(x2/x7)) CLASS=1.00
else 
CLASS=2.00
** CONFUSION MATRIX ** Number of classes: 3
   5    1    0 
   0    4    0 
   0    0    7 
TEST REPORT=>
CLASS[  0 (  6)] FAIL=16.67% 
CLASS[  1 (  4)] FAIL= 0.00% 
CLASS[  2 (  7)] FAIL= 0.00% 
CLASS_ERROR:    5.8823529412 PRECISION:    0.9333333333 RECALL:    0.9444444444 F1SCORE:    0.9388560158
 50:1.8519  100:1.8519  150:1.8519  200:1.8519  250:1.8519  300:1.8519  350:1.8519  400:1.8519  450:1.8519  500:1.8519 TEST REPORT=>
CLASS[  0 (  6)] FAIL=16.67% 
CLASS[  1 (  4)] FAIL= 0.00% 
CLASS[  2 (  7)] FAIL= 0.00% 
GENERATION=  122 FITNESS=    -1.852% TEST_ERROR=     5.882%
PROGRAMS=
if(!(x2<(x13+sin((exp(((x13+sin((-93.4)))+(-46.9)))-x8+(x13-(-36.66))*x1)))|x7<x9&!(!(x5<x6|!(x9<=(-61.3)|x12<=sin(x2)))))) CLASS=0.00
else 
if(x3>=x10-x12*x7|x11>(x2/x7)) CLASS=1.00
else 
CLASS=2.00
** CONFUSION MATRIX ** Number of classes: 3
   5    1    0 
   0    4    0 
   0    0    7 
TEST REPORT=>
CLASS[  0 (  6)] FAIL=16.67% 
CLASS[  1 (  4)] FAIL= 0.00% 
CLASS[  2 (  7)] FAIL= 0.00% 
CLASS_ERROR:    5.8823529412 PRECISION:    0.9333333333 RECALL:    0.9444444444 F1SCORE:    0.9388560158
 50:1.8519  100:1.8519  150:1.8519  200:1.8519  250:1.8519  300:1.8519  350:1.8519  400:1.8519  450:1.8519  500:1.8519 TEST REPORT=>
CLASS[  0 (  6)] FAIL=16.67% 
CLASS[  1 (  4)] FAIL= 0.00% 
CLASS[  2 (  7)] FAIL= 0.00% 
GENERATION=  123 FITNESS=    -1.852% TEST_ERROR=     5.882%
PROGRAMS=
if(!(x2<(x13+sin((exp(((x13+sin((-93.4)))+(-46.9)))-x8+(x13-(-36.66))*x1)))|x7<x9&!(!(x5<x6|!(x9<=(-61.3)|x12<=sin(x2)))))) CLASS=0.00
else 
if(x3>=x10-x12*x7|x11>(x2/x7)) CLASS=1.00
else 
CLASS=2.00
** CONFUSION MATRIX ** Number of classes: 3
   5    1    0 
   0    4    0 
   0    0    7 
TEST REPORT=>
CLASS[  0 (  6)] FAIL=16.67% 
CLASS[  1 (  4)] FAIL= 0.00% 
CLASS[  2 (  7)] FAIL= 0.00% 
CLASS_ERROR:    5.8823529412 PRECISION:    0.9333333333 RECALL:    0.9444444444 F1SCORE:    0.9388560158
 50:1.8519  100:1.8519  150:1.8519  200:1.8519  250:1.8519  300:1.8519  350:1.8519  400:1.8519  450:1.8519  500:1.8519 TEST REPORT=>
CLASS[  0 (  6)] FAIL=16.67% 
CLASS[  1 (  4)] FAIL= 0.00% 
CLASS[  2 (  7)] FAIL= 0.00% 
GENERATION=  124 FITNESS=    -1.852% TEST_ERROR=     5.882%
PROGRAMS=
if(!(x2<(x13+sin((exp(((x13+sin((-93.4)))+(-46.9)))-x8+(x13-(-36.66))*x1)))|x7<x9&!(!(x5<x6|!(x9<=(-61.3)|x12<=sin(x2)))))) CLASS=0.00
else 
if(x3>=x10-x12*x7|x11>(x2/x7)) CLASS=1.00
else 
CLASS=2.00
** CONFUSION MATRIX ** Number of classes: 3
   5    1    0 
   0    4    0 
   0    0    7 
TEST REPORT=>
CLASS[  0 (  6)] FAIL=16.67% 
CLASS[  1 (  4)] FAIL= 0.00% 
CLASS[  2 (  7)] FAIL= 0.00% 
CLASS_ERROR:    5.8823529412 PRECISION:    0.9333333333 RECALL:    0.9444444444 F1SCORE:    0.9388560158
 50:1.8519  100:1.8519  150:1.8519  200:1.8519  250:1.8519  300:1.8519  350:1.8519  400:1.8519  450:1.8519  500:1.8519 TEST REPORT=>
CLASS[  0 (  6)] FAIL=16.67% 
CLASS[  1 (  4)] FAIL= 0.00% 
CLASS[  2 (  7)] FAIL= 0.00% 
GENERATION=  125 FITNESS=    -1.852% TEST_ERROR=     5.882%
PROGRAMS=
if(!(x2<(x13+sin((exp(((x13+sin((-93.4)))+(-46.9)))-x8+(x13-(-36.66))*x1)))|x7<x9&!(!(x5<x6|!(x9<=(-61.3)|x12<=sin(x2)))))) CLASS=0.00
else 
if(x3>=x10-x12*x7|x11>(x2/x7)) CLASS=1.00
else 
CLASS=2.00
** CONFUSION MATRIX ** Number of classes: 3
   5    1    0 
   0    4    0 
   0    0    7 
TEST REPORT=>
CLASS[  0 (  6)] FAIL=16.67% 
CLASS[  1 (  4)] FAIL= 0.00% 
CLASS[  2 (  7)] FAIL= 0.00% 
CLASS_ERROR:    5.8823529412 PRECISION:    0.9333333333 RECALL:    0.9444444444 F1SCORE:    0.9388560158
 50:1.8519  100:1.8519  150:1.8519  200:1.8519  250:1.8519  300:1.8519  350:1.8519  400:1.8519  450:1.8519  500:1.8519 TEST REPORT=>
CLASS[  0 (  6)] FAIL=16.67% 
CLASS[  1 (  4)] FAIL= 0.00% 
CLASS[  2 (  7)] FAIL= 0.00% 
GENERATION=  126 FITNESS=    -1.852% TEST_ERROR=     5.882%
PROGRAMS=
if(!(x2<(x13+sin((exp(((x13+sin((-93.4)))+(-46.9)))-x8+(x13-(-36.66))*x1)))|x7<x9&!(!(x5<x6|!(x9<=(-61.3)|x12<=sin(x2)))))) CLASS=0.00
else 
if(x3>=x10-x12*x7|x11>(x2/x7)) CLASS=1.00
else 
CLASS=2.00
** CONFUSION MATRIX ** Number of classes: 3
   5    1    0 
   0    4    0 
   0    0    7 
TEST REPORT=>
CLASS[  0 (  6)] FAIL=16.67% 
CLASS[  1 (  4)] FAIL= 0.00% 
CLASS[  2 (  7)] FAIL= 0.00% 
CLASS_ERROR:    5.8823529412 PRECISION:    0.9333333333 RECALL:    0.9444444444 F1SCORE:    0.9388560158
 50:1.8519  100:1.8519  150:1.8519  200:1.8519  250:1.8519  300:1.8519  350:1.8519  400:1.8519  450:1.8519  500:1.8519 TEST REPORT=>
CLASS[  0 (  6)] FAIL=16.67% 
CLASS[  1 (  4)] FAIL= 0.00% 
CLASS[  2 (  7)] FAIL= 0.00% 
GENERATION=  127 FITNESS=    -1.852% TEST_ERROR=     5.882%
PROGRAMS=
if(!(x2<(x13+sin((exp(((x13+sin((-93.4)))+(-46.9)))-x8+(x13-(-36.66))*x1)))|x7<x9&!(!(x5<x6|!(x9<=(-61.3)|x12<=sin(x2)))))) CLASS=0.00
else 
if(x3>=x10-x12*x7|x11>(x2/x7)) CLASS=1.00
else 
CLASS=2.00
** CONFUSION MATRIX ** Number of classes: 3
   5    1    0 
   0    4    0 
   0    0    7 
TEST REPORT=>
CLASS[  0 (  6)] FAIL=16.67% 
CLASS[  1 (  4)] FAIL= 0.00% 
CLASS[  2 (  7)] FAIL= 0.00% 
CLASS_ERROR:    5.8823529412 PRECISION:    0.9333333333 RECALL:    0.9444444444 F1SCORE:    0.9388560158
 50:1.8519  100:1.8519  150:1.8519  200:1.8519  250:1.8519  300:1.8519  350:1.8519  400:1.8519  450:1.8519  500:1.8519 TEST REPORT=>
CLASS[  0 (  6)] FAIL=16.67% 
CLASS[  1 (  4)] FAIL= 0.00% 
CLASS[  2 (  7)] FAIL= 0.00% 
GENERATION=  128 FITNESS=    -1.852% TEST_ERROR=     5.882%
PROGRAMS=
if(!(x2<(x13+sin((exp(((x13+sin((-93.4)))+(-46.9)))-x8+(x13-(-36.66))*x1)))|x7<x9&!(!(x5<x6|!(x9<=(-61.3)|x12<=sin(x2)))))) CLASS=0.00
else 
if(x3>=x10-x12*x7|x11>(x2/x7)) CLASS=1.00
else 
CLASS=2.00
** CONFUSION MATRIX ** Number of classes: 3
   5    1    0 
   0    4    0 
   0    0    7 
TEST REPORT=>
CLASS[  0 (  6)] FAIL=16.67% 
CLASS[  1 (  4)] FAIL= 0.00% 
CLASS[  2 (  7)] FAIL= 0.00% 
CLASS_ERROR:    5.8823529412 PRECISION:    0.9333333333 RECALL:    0.9444444444 F1SCORE:    0.9388560158
 50:1.8519  100:1.8519  150:1.8519  200:1.8519  250:1.8519  300:1.8519  350:1.8519  400:1.8519  450:1.8519  500:1.8519 TEST REPORT=>
CLASS[  0 (  6)] FAIL=16.67% 
CLASS[  1 (  4)] FAIL= 0.00% 
CLASS[  2 (  7)] FAIL= 0.00% 
GENERATION=  129 FITNESS=    -1.852% TEST_ERROR=     5.882%
PROGRAMS=
if(!(x2<(x13+sin((exp(((x13+sin((-93.4)))+(-46.9)))-x8+(x13-(-36.66))*x1)))|x7<x9&!(!(x5<x6|!(x9<=(-61.3)|x12<=sin(x2)))))) CLASS=0.00
else 
if(x3>=x10-x12*x7|x11>(x2/x7)) CLASS=1.00
else 
CLASS=2.00
** CONFUSION MATRIX ** Number of classes: 3
   5    1    0 
   0    4    0 
   0    0    7 
TEST REPORT=>
CLASS[  0 (  6)] FAIL=16.67% 
CLASS[  1 (  4)] FAIL= 0.00% 
CLASS[  2 (  7)] FAIL= 0.00% 
CLASS_ERROR:    5.8823529412 PRECISION:    0.9333333333 RECALL:    0.9444444444 F1SCORE:    0.9388560158
 50:1.8519  100:1.8519  150:1.8519  200:1.8519  250:1.8519  300:1.8519  350:1.8519  400:1.8519  450:1.8519  500:1.8519 TEST REPORT=>
CLASS[  0 (  6)] FAIL=16.67% 
CLASS[  1 (  4)] FAIL= 0.00% 
CLASS[  2 (  7)] FAIL= 0.00% 
GENERATION=  130 FITNESS=    -1.852% TEST_ERROR=     5.882%
PROGRAMS=
if(!(x2<(x13+sin((exp(((x13+sin((-93.4)))+(-46.9)))-x8+(x13-(-36.66))*x1)))|x7<x9&!(!(x5<x6|!(x9<=(-61.3)|x12<=sin(x2)))))) CLASS=0.00
else 
if(x3>=x10-x12*x7|x11>(x2/x7)) CLASS=1.00
else 
CLASS=2.00
** CONFUSION MATRIX ** Number of classes: 3
   5    1    0 
   0    4    0 
   0    0    7 
TEST REPORT=>
CLASS[  0 (  6)] FAIL=16.67% 
CLASS[  1 (  4)] FAIL= 0.00% 
CLASS[  2 (  7)] FAIL= 0.00% 
CLASS_ERROR:    5.8823529412 PRECISION:    0.9333333333 RECALL:    0.9444444444 F1SCORE:    0.9388560158
 50:1.8519  100:1.8519  150:1.8519  200:1.8519  250:1.8519  300:1.8519  350:1.8519  400:1.8519  450:1.8519  500:1.8519 TEST REPORT=>
CLASS[  0 (  6)] FAIL=16.67% 
CLASS[  1 (  4)] FAIL= 0.00% 
CLASS[  2 (  7)] FAIL= 0.00% 
GENERATION=  131 FITNESS=    -1.852% TEST_ERROR=     5.882%
PROGRAMS=
if(!(x2<(x13+sin((exp(((x13+sin((-93.4)))+(-46.9)))-x8+(x13-(-36.66))*x1)))|x7<x9&!(!(x5<x6|!(x9<=(-61.3)|x12<=sin(x2)))))) CLASS=0.00
else 
if(x3>=x10-x12*x7|x11>(x2/x7)) CLASS=1.00
else 
CLASS=2.00
** CONFUSION MATRIX ** Number of classes: 3
   5    1    0 
   0    4    0 
   0    0    7 
TEST REPORT=>
CLASS[  0 (  6)] FAIL=16.67% 
CLASS[  1 (  4)] FAIL= 0.00% 
CLASS[  2 (  7)] FAIL= 0.00% 
CLASS_ERROR:    5.8823529412 PRECISION:    0.9333333333 RECALL:    0.9444444444 F1SCORE:    0.9388560158
 50:1.8519  100:1.8519  150:1.8519  200:1.8519  250:1.8519  300:1.8519  350:1.8519  400:1.8519  450:1.8519  500:1.8519 
TARGETED STAGNATION BURST generation=132 stagnation=20
TARGETED_BEST[0] START fitness=-1.8518518519
TARGETED_BEST[0] END fitness=-1.8518518519 accepted=0
TARGETED_BEST[1] START fitness=-1.8518518519
TARGETED_BEST[1] END fitness=-1.8518518519 accepted=0
TARGETED_BEST[2] START fitness=-1.8518518519
TARGETED_BEST[2] END fitness=-1.8518518519 accepted=0
TARGETED_BEST[3] START fitness=-1.8518518519
TARGETED_BEST[3] END fitness=-1.8518518519 accepted=0
TARGETED_BEST[4] START fitness=-1.8518518519
TARGETED_BEST[4] END fitness=-1.8518518519 accepted=0
TARGETED_BEST[5] START fitness=-1.8518518519
TARGETED_BEST[5] END fitness=-1.8518518519 accepted=0
TARGETED_BEST[6] START fitness=-1.8518518519
TARGETED_BEST[6] END fitness=-1.8518518519 accepted=0
TARGETED_BEST[7] START fitness=-1.8518518519
TARGETED_BEST[7] END fitness=-1.8518518519 accepted=0
TARGETED_BEST[8] START fitness=-1.8518518519
TARGETED_BEST[8] END fitness=-1.8518518519 accepted=0
TARGETED_BEST[9] START fitness=-1.8518518519
TARGETED_BEST[9] END fitness=-1.8518518519 accepted=0
TARGETED_BEST[10] START fitness=-1.8518518519
TARGETED_BEST[10] END fitness=-1.8518518519 accepted=0
TARGETED_BEST[11] START fitness=-1.8518518519
TARGETED_BEST[11] END fitness=-1.8518518519 accepted=0
TARGETED_BEST[12] START fitness=-1.8518518519
TARGETED_BEST[12] END fitness=-1.8518518519 accepted=0
TARGETED_BEST[13] START fitness=-1.8518518519
TARGETED_BEST[13] END fitness=-1.8518518519 accepted=0
TARGETED_BEST[14] START fitness=-1.8518518519
TARGETED_BEST[14] END fitness=-1.8518518519 accepted=0
TARGETED_BEST[15] START fitness=-1.8518518519
TARGETED_BEST[15] END fitness=-1.8518518519 accepted=0
TARGETED_BEST[16] START fitness=-1.8518518519
TARGETED_BEST[16] END fitness=-1.8518518519 accepted=0
TARGETED_BEST[17] START fitness=-1.8518518519
TARGETED_BEST[17] END fitness=-1.8518518519 accepted=0
TARGETED_BEST[18] START fitness=-1.8518518519
TARGETED_BEST[18] END fitness=-1.8518518519 accepted=0
TARGETED_BEST[19] START fitness=-1.8518518519
TARGETED_BEST[19] END fitness=-1.8518518519 accepted=0
TEST REPORT=>
CLASS[  0 (  6)] FAIL=16.67% 
CLASS[  1 (  4)] FAIL= 0.00% 
CLASS[  2 (  7)] FAIL= 0.00% 
GENERATION=  132 FITNESS=    -1.852% TEST_ERROR=     5.882%
PROGRAMS=
if(!(x2<(x13+sin((exp(((x13+sin((-93.4)))+(-46.9)))-x8+(x13-(-36.66))*x1)))|x7<x9&!(!(x5<x6|!(x9<=(-61.3)|x12<=sin(x2)))))) CLASS=0.00
else 
if(x3>=x10-x12*x7|x11>(x2/x7)) CLASS=1.00
else 
CLASS=2.00
** CONFUSION MATRIX ** Number of classes: 3
   5    1    0 
   0    4    0 
   0    0    7 
TEST REPORT=>
CLASS[  0 (  6)] FAIL=16.67% 
CLASS[  1 (  4)] FAIL= 0.00% 
CLASS[  2 (  7)] FAIL= 0.00% 
CLASS_ERROR:    5.8823529412 PRECISION:    0.9333333333 RECALL:    0.9444444444 F1SCORE:    0.9388560158
 50:1.8519  100:1.8519  150:1.8519  200:1.8519  250:1.8519  300:1.8519  350:1.8519  400:1.8519  450:1.8519  500:1.8519 TEST REPORT=>
CLASS[  0 (  6)] FAIL=16.67% 
CLASS[  1 (  4)] FAIL= 0.00% 
CLASS[  2 (  7)] FAIL= 0.00% 
GENERATION=  133 FITNESS=    -1.852% TEST_ERROR=     5.882%
PROGRAMS=
if(!(x2<(x13+sin((exp(((x13+sin((-93.4)))+(-46.9)))-x8+(x13-(-36.66))*x1)))|x7<x9&!(!(x5<x6|!(x9<=(-61.3)|x12<=sin(x2)))))) CLASS=0.00
else 
if(x3>=x10-x12*x7|x11>(x2/x7)) CLASS=1.00
else 
CLASS=2.00
** CONFUSION MATRIX ** Number of classes: 3
   5    1    0 
   0    4    0 
   0    0    7 
TEST REPORT=>
CLASS[  0 (  6)] FAIL=16.67% 
CLASS[  1 (  4)] FAIL= 0.00% 
CLASS[  2 (  7)] FAIL= 0.00% 
CLASS_ERROR:    5.8823529412 PRECISION:    0.9333333333 RECALL:    0.9444444444 F1SCORE:    0.9388560158
 50:1.8519  100:1.8519  150:1.8519  200:1.8519  250:1.8519  300:1.8519  350:1.8519  400:1.8519  450:1.8519  500:1.8519 TEST REPORT=>
CLASS[  0 (  6)] FAIL=16.67% 
CLASS[  1 (  4)] FAIL= 0.00% 
CLASS[  2 (  7)] FAIL= 0.00% 
GENERATION=  134 FITNESS=    -1.852% TEST_ERROR=     5.882%
PROGRAMS=
if(!(x2<(x13+sin((exp(((x13+sin((-93.4)))+(-46.9)))-x8+(x13-(-36.66))*x1)))|x7<x9&!(!(x5<x6|!(x9<=(-61.3)|x12<=sin(x2)))))) CLASS=0.00
else 
if(x3>=x10-x12*x7|x11>(x2/x7)) CLASS=1.00
else 
CLASS=2.00
** CONFUSION MATRIX ** Number of classes: 3
   5    1    0 
   0    4    0 
   0    0    7 
TEST REPORT=>
CLASS[  0 (  6)] FAIL=16.67% 
CLASS[  1 (  4)] FAIL= 0.00% 
CLASS[  2 (  7)] FAIL= 0.00% 
CLASS_ERROR:    5.8823529412 PRECISION:    0.9333333333 RECALL:    0.9444444444 F1SCORE:    0.9388560158
 50:1.8519  100:1.8519  150:1.8519  200:1.8519  250:1.8519  300:1.8519  350:1.8519  400:1.8519  450:1.8519  500:1.8519 TEST REPORT=>
CLASS[  0 (  6)] FAIL=16.67% 
CLASS[  1 (  4)] FAIL= 0.00% 
CLASS[  2 (  7)] FAIL= 0.00% 
GENERATION=  135 FITNESS=    -1.852% TEST_ERROR=     5.882%
PROGRAMS=
if(!(x2<(x13+sin((exp(((x13+sin((-93.4)))+(-46.9)))-x8+(x13-(-36.66))*x1)))|x7<x9&!(!(x5<x6|!(x9<=(-61.3)|x12<=sin(x2)))))) CLASS=0.00
else 
if(x3>=x10-x12*x7|x11>(x2/x7)) CLASS=1.00
else 
CLASS=2.00
** CONFUSION MATRIX ** Number of classes: 3
   5    1    0 
   0    4    0 
   0    0    7 
TEST REPORT=>
CLASS[  0 (  6)] FAIL=16.67% 
CLASS[  1 (  4)] FAIL= 0.00% 
CLASS[  2 (  7)] FAIL= 0.00% 
CLASS_ERROR:    5.8823529412 PRECISION:    0.9333333333 RECALL:    0.9444444444 F1SCORE:    0.9388560158
 50:1.8519  100:1.8519  150:1.8519  200:1.8519  250:1.8519  300:1.8519  350:1.8519  400:1.8519  450:1.8519  500:1.8519 TEST REPORT=>
CLASS[  0 (  6)] FAIL=16.67% 
CLASS[  1 (  4)] FAIL= 0.00% 
CLASS[  2 (  7)] FAIL= 0.00% 
GENERATION=  136 FITNESS=    -1.852% TEST_ERROR=     5.882%
PROGRAMS=
if(!(x2<(x13+sin((exp(((x13+sin((-93.4)))+(-46.9)))-x8+(x13-(-36.66))*x1)))|x7<x9&!(!(x5<x6|!(x9<=(-61.3)|x12<=sin(x2)))))) CLASS=0.00
else 
if(x3>=x10-x12*x7|x11>(x2/x7)) CLASS=1.00
else 
CLASS=2.00
** CONFUSION MATRIX ** Number of classes: 3
   5    1    0 
   0    4    0 
   0    0    7 
TEST REPORT=>
CLASS[  0 (  6)] FAIL=16.67% 
CLASS[  1 (  4)] FAIL= 0.00% 
CLASS[  2 (  7)] FAIL= 0.00% 
CLASS_ERROR:    5.8823529412 PRECISION:    0.9333333333 RECALL:    0.9444444444 F1SCORE:    0.9388560158
 50:1.8519  100:1.8519  150:1.8519  200:1.8519  250:1.8519  300:1.8519  350:1.8519  400:1.8519  450:1.8519  500:1.8519 TEST REPORT=>
CLASS[  0 (  6)] FAIL=16.67% 
CLASS[  1 (  4)] FAIL= 0.00% 
CLASS[  2 (  7)] FAIL= 0.00% 
GENERATION=  137 FITNESS=    -1.852% TEST_ERROR=     5.882%
PROGRAMS=
if(!(x2<(x13+sin((exp(((x13+sin((-93.4)))+(-46.9)))-x8+(x13-(-36.66))*x1)))|x7<x9&!(!(x5<x6|!(x9<=(-61.3)|x12<=sin(x2)))))) CLASS=0.00
else 
if(x3>=x10-x12*x7|x11>(x2/x7)) CLASS=1.00
else 
CLASS=2.00
** CONFUSION MATRIX ** Number of classes: 3
   5    1    0 
   0    4    0 
   0    0    7 
TEST REPORT=>
CLASS[  0 (  6)] FAIL=16.67% 
CLASS[  1 (  4)] FAIL= 0.00% 
CLASS[  2 (  7)] FAIL= 0.00% 
CLASS_ERROR:    5.8823529412 PRECISION:    0.9333333333 RECALL:    0.9444444444 F1SCORE:    0.9388560158
 50:1.8519  100:1.8519  150:1.8519  200:1.8519  250:1.8519  300:1.8519  350:1.8519  400:1.8519  450:1.8519  500:1.8519 TEST REPORT=>
CLASS[  0 (  6)] FAIL=16.67% 
CLASS[  1 (  4)] FAIL= 0.00% 
CLASS[  2 (  7)] FAIL= 0.00% 
GENERATION=  138 FITNESS=    -1.852% TEST_ERROR=     5.882%
PROGRAMS=
if(!(x2<(x13+sin((exp(((x13+sin((-93.4)))+(-46.9)))-x8+(x13-(-36.66))*x1)))|x7<x9&!(!(x5<x6|!(x9<=(-61.3)|x12<=sin(x2)))))) CLASS=0.00
else 
if(x3>=x10-x12*x7|x11>(x2/x7)) CLASS=1.00
else 
CLASS=2.00
** CONFUSION MATRIX ** Number of classes: 3
   5    1    0 
   0    4    0 
   0    0    7 
TEST REPORT=>
CLASS[  0 (  6)] FAIL=16.67% 
CLASS[  1 (  4)] FAIL= 0.00% 
CLASS[  2 (  7)] FAIL= 0.00% 
CLASS_ERROR:    5.8823529412 PRECISION:    0.9333333333 RECALL:    0.9444444444 F1SCORE:    0.9388560158
 50:1.8519  100:1.8519  150:1.8519  200:1.8519  250:1.8519  300:1.8519  350:1.8519  400:1.8519  450:1.8519  500:1.8519 TEST REPORT=>
CLASS[  0 (  6)] FAIL=16.67% 
CLASS[  1 (  4)] FAIL= 0.00% 
CLASS[  2 (  7)] FAIL= 0.00% 
GENERATION=  139 FITNESS=    -1.852% TEST_ERROR=     5.882%
PROGRAMS=
if(!(x2<(x13+sin((exp(((x13+sin((-93.4)))+(-46.9)))-x8+(x13-(-36.66))*x1)))|x7<x9&!(!(x5<x6|!(x9<=(-61.3)|x12<=sin(x2)))))) CLASS=0.00
else 
if(x3>=x10-x12*x7|x11>(x2/x7)) CLASS=1.00
else 
CLASS=2.00
** CONFUSION MATRIX ** Number of classes: 3
   5    1    0 
   0    4    0 
   0    0    7 
TEST REPORT=>
CLASS[  0 (  6)] FAIL=16.67% 
CLASS[  1 (  4)] FAIL= 0.00% 
CLASS[  2 (  7)] FAIL= 0.00% 
CLASS_ERROR:    5.8823529412 PRECISION:    0.9333333333 RECALL:    0.9444444444 F1SCORE:    0.9388560158
 50:1.8519  100:1.8519  150:1.8519  200:1.8519  250:1.8519  300:1.8519  350:1.8519  400:1.8519  450:1.8519  500:1.8519 TEST REPORT=>
CLASS[  0 (  6)] FAIL=16.67% 
CLASS[  1 (  4)] FAIL= 0.00% 
CLASS[  2 (  7)] FAIL= 0.00% 
GENERATION=  140 FITNESS=    -1.852% TEST_ERROR=     5.882%
PROGRAMS=
if(!(x2<(x13+sin((exp(((x13+sin((-93.4)))+(-46.9)))-x8+(x13-(-36.66))*x1)))|x7<x9&!(!(x5<x6|!(x9<=(-61.3)|x12<=sin(x2)))))) CLASS=0.00
else 
if(x3>=x10-x12*x7|x11>(x2/x7)) CLASS=1.00
else 
CLASS=2.00
** CONFUSION MATRIX ** Number of classes: 3
   5    1    0 
   0    4    0 
   0    0    7 
TEST REPORT=>
CLASS[  0 (  6)] FAIL=16.67% 
CLASS[  1 (  4)] FAIL= 0.00% 
CLASS[  2 (  7)] FAIL= 0.00% 
CLASS_ERROR:    5.8823529412 PRECISION:    0.9333333333 RECALL:    0.9444444444 F1SCORE:    0.9388560158
 50:1.8519  100:1.8519  150:1.8519  200:1.8519  250:1.8519  300:1.8519  350:1.8519  400:1.8519  450:1.8519  500:1.8519 TEST REPORT=>
CLASS[  0 (  6)] FAIL=16.67% 
CLASS[  1 (  4)] FAIL= 0.00% 
CLASS[  2 (  7)] FAIL= 0.00% 
GENERATION=  141 FITNESS=    -1.852% TEST_ERROR=     5.882%
PROGRAMS=
if(!(x2<(x13+sin((exp(((x13+sin((-93.4)))+(-46.9)))-x8+(x13-(-36.66))*x1)))|x7<x9&!(!(x5<x6|!(x9<=(-61.3)|x12<=sin(x2)))))) CLASS=0.00
else 
if(x3>=x10-x12*x7|x11>(x2/x7)) CLASS=1.00
else 
CLASS=2.00
** CONFUSION MATRIX ** Number of classes: 3
   5    1    0 
   0    4    0 
   0    0    7 
TEST REPORT=>
CLASS[  0 (  6)] FAIL=16.67% 
CLASS[  1 (  4)] FAIL= 0.00% 
CLASS[  2 (  7)] FAIL= 0.00% 
CLASS_ERROR:    5.8823529412 PRECISION:    0.9333333333 RECALL:    0.9444444444 F1SCORE:    0.9388560158
 50:1.8519  100:1.8519  150:1.8519  200:1.8519  250:1.8519  300:1.8519  350:1.8519  400:1.8519  450:1.8519  500:1.8519 TEST REPORT=>
CLASS[  0 (  6)] FAIL=16.67% 
CLASS[  1 (  4)] FAIL= 0.00% 
CLASS[  2 (  7)] FAIL= 0.00% 
GENERATION=  142 FITNESS=    -1.852% TEST_ERROR=     5.882%
PROGRAMS=
if(!(x2<(x13+sin((exp(((x13+sin((-93.4)))+(-46.9)))-x8+(x13-(-36.66))*x1)))|x7<x9&!(!(x5<x6|!(x9<=(-61.3)|x12<=sin(x2)))))) CLASS=0.00
else 
if(x3>=x10-x12*x7|x11>(x2/x7)) CLASS=1.00
else 
CLASS=2.00
** CONFUSION MATRIX ** Number of classes: 3
   5    1    0 
   0    4    0 
   0    0    7 
TEST REPORT=>
CLASS[  0 (  6)] FAIL=16.67% 
CLASS[  1 (  4)] FAIL= 0.00% 
CLASS[  2 (  7)] FAIL= 0.00% 
CLASS_ERROR:    5.8823529412 PRECISION:    0.9333333333 RECALL:    0.9444444444 F1SCORE:    0.9388560158
 50:1.8519  100:1.8519  150:1.8519  200:1.8519  250:1.8519  300:1.8519  350:1.8519  400:1.8519  450:1.8519  500:1.8519 TEST REPORT=>
CLASS[  0 (  6)] FAIL=16.67% 
CLASS[  1 (  4)] FAIL= 0.00% 
CLASS[  2 (  7)] FAIL= 0.00% 
GENERATION=  143 FITNESS=    -1.852% TEST_ERROR=     5.882%
PROGRAMS=
if(!(x2<(x13+sin((exp(((x13+sin((-93.4)))+(-46.9)))-x8+(x13-(-36.66))*x1)))|x7<x9&!(!(x5<x6|!(x9<=(-61.3)|x12<=sin(x2)))))) CLASS=0.00
else 
if(x3>=x10-x12*x7|x11>(x2/x7)) CLASS=1.00
else 
CLASS=2.00
** CONFUSION MATRIX ** Number of classes: 3
   5    1    0 
   0    4    0 
   0    0    7 
TEST REPORT=>
CLASS[  0 (  6)] FAIL=16.67% 
CLASS[  1 (  4)] FAIL= 0.00% 
CLASS[  2 (  7)] FAIL= 0.00% 
CLASS_ERROR:    5.8823529412 PRECISION:    0.9333333333 RECALL:    0.9444444444 F1SCORE:    0.9388560158
 50:1.8519  100:1.8519  150:1.8519  200:1.8519  250:1.8519  300:1.8519  350:1.8519  400:1.8519  450:1.8519  500:1.8519 TEST REPORT=>
CLASS[  0 (  6)] FAIL=16.67% 
CLASS[  1 (  4)] FAIL= 0.00% 
CLASS[  2 (  7)] FAIL= 0.00% 
GENERATION=  144 FITNESS=    -1.852% TEST_ERROR=     5.882%
PROGRAMS=
if(!(x2<(x13+sin((exp(((x13+sin((-93.4)))+(-46.9)))-x8+(x13-(-36.66))*x1)))|x7<x9&!(!(x5<x6|!(x9<=(-61.3)|x12<=sin(x2)))))) CLASS=0.00
else 
if(x3>=x10-x12*x7|x11>(x2/x7)) CLASS=1.00
else 
CLASS=2.00
** CONFUSION MATRIX ** Number of classes: 3
   5    1    0 
   0    4    0 
   0    0    7 
TEST REPORT=>
CLASS[  0 (  6)] FAIL=16.67% 
CLASS[  1 (  4)] FAIL= 0.00% 
CLASS[  2 (  7)] FAIL= 0.00% 
CLASS_ERROR:    5.8823529412 PRECISION:    0.9333333333 RECALL:    0.9444444444 F1SCORE:    0.9388560158
 50:1.8519  100:1.8519  150:1.8519  200:1.8519  250:1.8519  300:1.8519  350:1.8519  400:1.8519  450:1.8519  500:1.8519 TEST REPORT=>
CLASS[  0 (  6)] FAIL=16.67% 
CLASS[  1 (  4)] FAIL= 0.00% 
CLASS[  2 (  7)] FAIL= 0.00% 
GENERATION=  145 FITNESS=    -1.852% TEST_ERROR=     5.882%
PROGRAMS=
if(!(x2<(x13+sin((exp(((x13+sin((-93.4)))+(-46.9)))-x8+(x13-(-36.66))*x1)))|x7<x9&!(!(x5<x6|!(x9<=(-61.3)|x12<=sin(x2)))))) CLASS=0.00
else 
if(x3>=x10-x12*x7|x11>(x2/x7)) CLASS=1.00
else 
CLASS=2.00
** CONFUSION MATRIX ** Number of classes: 3
   5    1    0 
   0    4    0 
   0    0    7 
TEST REPORT=>
CLASS[  0 (  6)] FAIL=16.67% 
CLASS[  1 (  4)] FAIL= 0.00% 
CLASS[  2 (  7)] FAIL= 0.00% 
CLASS_ERROR:    5.8823529412 PRECISION:    0.9333333333 RECALL:    0.9444444444 F1SCORE:    0.9388560158
 50:1.8519  100:1.8519  150:1.8519  200:1.8519  250:1.8519  300:1.8519  350:1.8519  400:1.8519  450:1.8519  500:1.8519 TEST REPORT=>
CLASS[  0 (  6)] FAIL=16.67% 
CLASS[  1 (  4)] FAIL= 0.00% 
CLASS[  2 (  7)] FAIL= 0.00% 
GENERATION=  146 FITNESS=    -1.852% TEST_ERROR=     5.882%
PROGRAMS=
if(!(x2<(x13+sin((exp(((x13+sin((-93.4)))+(-46.9)))-x8+(x13-(-36.66))*x1)))|x7<x9&!(!(x5<x6|!(x9<=(-61.3)|x12<=sin(x2)))))) CLASS=0.00
else 
if(x3>=x10-x12*x7|x11>(x2/x7)) CLASS=1.00
else 
CLASS=2.00
** CONFUSION MATRIX ** Number of classes: 3
   5    1    0 
   0    4    0 
   0    0    7 
TEST REPORT=>
CLASS[  0 (  6)] FAIL=16.67% 
CLASS[  1 (  4)] FAIL= 0.00% 
CLASS[  2 (  7)] FAIL= 0.00% 
CLASS_ERROR:    5.8823529412 PRECISION:    0.9333333333 RECALL:    0.9444444444 F1SCORE:    0.9388560158
 50:1.8519  100:1.8519  150:1.8519  200:1.8519  250:1.8519  300:1.8519  350:1.8519  400:1.8519  450:1.8519  500:1.8519 TEST REPORT=>
CLASS[  0 (  6)] FAIL=16.67% 
CLASS[  1 (  4)] FAIL= 0.00% 
CLASS[  2 (  7)] FAIL= 0.00% 
GENERATION=  147 FITNESS=    -1.852% TEST_ERROR=     5.882%
PROGRAMS=
if(!(x2<(x13+sin((exp(((x13+sin((-93.4)))+(-46.9)))-x8+(x13-(-36.66))*x1)))|x7<x9&!(!(x5<x6|!(x9<=(-61.3)|x12<=sin(x2)))))) CLASS=0.00
else 
if(x3>=x10-x12*x7|x11>(x2/x7)) CLASS=1.00
else 
CLASS=2.00
** CONFUSION MATRIX ** Number of classes: 3
   5    1    0 
   0    4    0 
   0    0    7 
TEST REPORT=>
CLASS[  0 (  6)] FAIL=16.67% 
CLASS[  1 (  4)] FAIL= 0.00% 
CLASS[  2 (  7)] FAIL= 0.00% 
CLASS_ERROR:    5.8823529412 PRECISION:    0.9333333333 RECALL:    0.9444444444 F1SCORE:    0.9388560158
 50:1.8519  100:1.8519  150:1.8519  200:1.8519  250:1.8519  300:1.8519  350:1.8519  400:1.8519  450:1.8519  500:1.8519 TEST REPORT=>
CLASS[  0 (  6)] FAIL=16.67% 
CLASS[  1 (  4)] FAIL= 0.00% 
CLASS[  2 (  7)] FAIL= 0.00% 
GENERATION=  148 FITNESS=    -1.852% TEST_ERROR=     5.882%
PROGRAMS=
if(!(x2<(x13+sin((exp(((x13+sin((-93.4)))+(-46.9)))-x8+(x13-(-36.66))*x1)))|x7<x9&!(!(x5<x6|!(x9<=(-61.3)|x12<=sin(x2)))))) CLASS=0.00
else 
if(x3>=x10-x12*x7|x11>(x2/x7)) CLASS=1.00
else 
CLASS=2.00
** CONFUSION MATRIX ** Number of classes: 3
   5    1    0 
   0    4    0 
   0    0    7 
TEST REPORT=>
CLASS[  0 (  6)] FAIL=16.67% 
CLASS[  1 (  4)] FAIL= 0.00% 
CLASS[  2 (  7)] FAIL= 0.00% 
CLASS_ERROR:    5.8823529412 PRECISION:    0.9333333333 RECALL:    0.9444444444 F1SCORE:    0.9388560158
 50:1.8519  100:1.8519  150:1.8519  200:1.8519  250:1.8519  300:1.8519  350:1.8519  400:1.8519  450:1.8519  500:1.8519 TEST REPORT=>
CLASS[  0 (  6)] FAIL=16.67% 
CLASS[  1 (  4)] FAIL= 0.00% 
CLASS[  2 (  7)] FAIL= 0.00% 
GENERATION=  149 FITNESS=    -1.852% TEST_ERROR=     5.882%
PROGRAMS=
if(!(x2<(x13+sin((exp(((x13+sin((-93.4)))+(-46.9)))-x8+(x13-(-36.66))*x1)))|x7<x9&!(!(x5<x6|!(x9<=(-61.3)|x12<=sin(x2)))))) CLASS=0.00
else 
if(x3>=x10-x12*x7|x11>(x2/x7)) CLASS=1.00
else 
CLASS=2.00
** CONFUSION MATRIX ** Number of classes: 3
   5    1    0 
   0    4    0 
   0    0    7 
TEST REPORT=>
CLASS[  0 (  6)] FAIL=16.67% 
CLASS[  1 (  4)] FAIL= 0.00% 
CLASS[  2 (  7)] FAIL= 0.00% 
CLASS_ERROR:    5.8823529412 PRECISION:    0.9333333333 RECALL:    0.9444444444 F1SCORE:    0.9388560158
 50:1.8519  100:1.8519  150:1.8519  200:1.8519  250:1.8519  300:1.8519  350:1.8519  400:1.8519  450:1.8519  500:1.8519 TARGETED[0] START fitness=       -1.8518518519
TARGETED[0] END fitness=       -1.8518518519 accepted=0
TARGETED[404] START fitness=-100000000.0000000000
TARGETED[404] iter=47 type=UNKNOWN codonPos=135 codon=231->230 rule=1->0 fitness=-100000000.0000000000->      -53.0864197531
TARGETED[404] iter=49 type=UNKNOWN codonPos=34 codon=5->0 rule=5->0 fitness=      -53.0864197531->      -50.6172839506
TARGETED[404] iter=50 type=VARIABLE codonPos=6 codon=190->195 rule=10->0 fitness=      -50.6172839506->      -29.6296296296
TARGETED[404] END fitness=      -29.6296296296 accepted=3
TARGETED[79] START fitness=       -4.3209876543
TARGETED[79] iter=9 type=VARIABLE codonPos=105 codon=189->182 rule=9->2 fitness=       -4.3209876543->       -3.0864197531
TARGETED[79] iter=21 type=VARIABLE codonPos=119 codon=141->146 rule=6->11 fitness=       -3.0864197531->       -1.8518518519
TARGETED[79] END fitness=       -1.8518518519 accepted=2
TARGETED[331] START fitness=      -59.2592592593
TARGETED[331] iter=1 type=VARIABLE codonPos=6 codon=222->225 rule=12->0 fitness=      -59.2592592593->      -44.4444444444
TARGETED[331] iter=4 type=FUNCTION codonPos=108 codon=95->93 rule=3->1 fitness=      -44.4444444444->      -39.5061728395
TARGETED[331] iter=6 type=BINARY_OPERATOR codonPos=25 codon=9->8 rule=1->0 fitness=      -39.5061728395->      -35.1851851852
TARGETED[331] iter=11 type=BINARY_OPERATOR codonPos=117 codon=23->24 rule=3->0 fitness=      -35.1851851852->      -34.5679012346
TARGETED[331] iter=12 type=UNKNOWN codonPos=31 codon=68->69 rule=0->1 fitness=      -34.5679012346->      -21.6049382716
TARGETED[331] iter=31 type=UNKNOWN codonPos=32 codon=101->102 rule=1->2 fitness=      -21.6049382716->      -20.9876543210
TARGETED[331] iter=33 type=VARIABLE codonPos=43 codon=255->259 rule=0->4 fitness=      -20.9876543210->      -19.7530864198
TARGETED[331] iter=35 type=UNKNOWN codonPos=29 codon=34->39 rule=4->9 fitness=      -19.7530864198->      -18.5185185185
TARGETED[331] END fitness=      -18.5185185185 accepted=8
TARGETED[313] START fitness=      -58.6419753086
TARGETED[313] iter=3 type=VARIABLE codonPos=110 codon=173->172 rule=8->7 fitness=      -58.6419753086->      -54.9382716049
TARGETED[313] iter=4 type=BOOLEAN_OPERATOR codonPos=102 codon=181->182 rule=1->2 fitness=      -54.9382716049->      -50.0000000000
TARGETED[313] iter=6 type=VARIABLE codonPos=109 codon=78->79 rule=3->4 fitness=      -50.0000000000->      -46.2962962963
TARGETED[313] iter=10 type=VARIABLE codonPos=112 codon=235->236 rule=10->11 fitness=      -46.2962962963->      -35.1851851852
TARGETED[313] iter=50 type=VARIABLE codonPos=16 codon=122->117 rule=2->12 fitness=      -35.1851851852->       -4.3209876543
TARGETED[313] END fitness=       -4.3209876543 accepted=5
TARGETED[384] START fitness=-100000000.0000000000
TARGETED[384] END fitness=-100000000.0000000000 accepted=0
TARGETED[283] START fitness=      -41.9753086420
TARGETED[283] iter=1 type=BINARY_OPERATOR codonPos=117 codon=119->117 rule=3->1 fitness=      -41.9753086420->      -41.3580246914
TARGETED[283] iter=3 type=VARIABLE codonPos=109 codon=251->249 rule=11->9 fitness=      -41.3580246914->      -40.7407407407
TARGETED[283] iter=11 type=BOOLEAN_OPERATOR codonPos=3 codon=147->148 rule=3->0 fitness=      -40.7407407407->      -39.5061728395
TARGETED[283] iter=14 type=VARIABLE codonPos=110 codon=231->232 rule=6->7 fitness=      -39.5061728395->      -35.8024691358
TARGETED[283] iter=22 type=VARIABLE codonPos=109 codon=249->245 rule=9->5 fitness=      -35.8024691358->      -35.1851851852
TARGETED[283] iter=28 type=VARIABLE codonPos=116 codon=1->2 rule=1->2 fitness=      -35.1851851852->      -33.9506172840
TARGETED[283] END fitness=      -33.9506172840 accepted=6
TARGETED[347] START fitness=      -67.2839506173
TARGETED[347] iter=11 type=VARIABLE codonPos=1 codon=83->89 rule=8->14 fitness=      -67.2839506173->      -32.7160493827
TARGETED[347] END fitness=      -32.7160493827 accepted=1
TARGETED[279] START fitness=      -41.9753086420
TARGETED[279] iter=3 type=BINARY_OPERATOR codonPos=117 codon=163->161 rule=3->1 fitness=      -41.9753086420->      -34.5679012346
TARGETED[279] iter=4 type=VARIABLE codonPos=116 codon=1->6 rule=1->6 fitness=      -34.5679012346->      -28.3950617284
TARGETED[279] iter=42 type=UNKNOWN codonPos=29 codon=173->174 rule=3->4 fitness=      -28.3950617284->      -27.7777777778
TARGETED[279] END fitness=      -27.7777777778 accepted=3
TARGETED[211] START fitness=      -32.7160493827
TARGETED[211] END fitness=      -32.7160493827 accepted=0
TARGETED[77] START fitness=       -3.7037037037
TARGETED[77] iter=5 type=VARIABLE codonPos=116 codon=56->61 rule=11->1 fitness=       -3.7037037037->       -1.8518518519
TARGETED[77] END fitness=       -1.8518518519 accepted=1
TARGETED[207] START fitness=      -32.7160493827
TARGETED[207] END fitness=      -32.7160493827 accepted=0
TARGETED[423] START fitness=-100000000.0000000000
TARGETED[423] iter=6 type=UNKNOWN codonPos=37 codon=92->93 rule=0->1 fitness=-100000000.0000000000->      -67.2839506173
TARGETED[423] iter=9 type=VARIABLE codonPos=16 codon=222->226 rule=12->1 fitness=      -67.2839506173->      -32.7160493827
TARGETED[423] END fitness=      -32.7160493827 accepted=2
TARGETED[36] START fitness=       -1.8518518519
TARGETED[36] END fitness=       -1.8518518519 accepted=0
TARGETED[423] START fitness=      -32.7160493827
TARGETED[423] iter=34 type=VARIABLE codonPos=6 codon=222->228 rule=12->3 fitness=      -32.7160493827->      -30.8641975309
TARGETED[423] iter=36 type=UNKNOWN codonPos=23 codon=231->232 rule=1->2 fitness=      -30.8641975309->      -29.0123456790
TARGETED[423] END fitness=      -29.0123456790 accepted=2
TARGETED[250] START fitness=      -34.5679012346
TARGETED[250] iter=6 type=VARIABLE codonPos=6 codon=222->223 rule=12->13 fitness=      -34.5679012346->      -32.0987654321
TARGETED[250] iter=18 type=VARIABLE codonPos=110 codon=173->171 rule=8->6 fitness=      -32.0987654321->      -30.8641975309
TARGETED[250] END fitness=      -30.8641975309 accepted=2
TARGETED[228] START fitness=      -32.7160493827
TARGETED[228] END fitness=      -32.7160493827 accepted=0
TARGETED[95] START fitness=       -6.1728395062
TARGETED[95] iter=9 type=BINARY_OPERATOR codonPos=26 codon=41->40 rule=1->0 fitness=       -6.1728395062->       -1.8518518519
TARGETED[95] END fitness=       -1.8518518519 accepted=1
TARGETED[153] START fitness=      -27.7777777778
TARGETED[153] END fitness=      -27.7777777778 accepted=0
TARGETED[424] START fitness=-100000000.0000000000
TARGETED[424] iter=19 type=VARIABLE codonPos=105 codon=189->193 rule=9->13 fitness=-100000000.0000000000->      -74.0740740741
TARGETED[424] iter=20 type=VARIABLE codonPos=118 codon=127->134 rule=7->14 fitness=      -74.0740740741->      -49.3827160494
TARGETED[424] iter=40 type=BINARY_OPERATOR codonPos=120 codon=250->248 rule=2->0 fitness=      -49.3827160494->      -46.2962962963
TARGETED[424] END fitness=      -46.2962962963 accepted=3
TEST REPORT=>
CLASS[  0 (  6)] FAIL=16.67% 
CLASS[  1 (  4)] FAIL= 0.00% 
CLASS[  2 (  7)] FAIL= 0.00% 
GENERATION=  150 FITNESS=    -1.852% TEST_ERROR=     5.882%
PROGRAMS=
if(!(x2<(x13+sin((exp(((x13+sin((-93.4)))+(-46.9)))-x8+(x13-(-36.66))*x1)))|x7<x9&!(!(x5<x6|!(x9<=(-61.3)|x12<=sin(x2)))))) CLASS=0.00
else 
if(x3>=x10-x12*x7|x11>(x2/x7)) CLASS=1.00
else 
CLASS=2.00
** CONFUSION MATRIX ** Number of classes: 3
   5    1    0 
   0    4    0 
   0    0    7 
TEST REPORT=>
CLASS[  0 (  6)] FAIL=16.67% 
CLASS[  1 (  4)] FAIL= 0.00% 
CLASS[  2 (  7)] FAIL= 0.00% 
CLASS_ERROR:    5.8823529412 PRECISION:    0.9333333333 RECALL:    0.9444444444 F1SCORE:    0.9388560158
 50:1.8519  100:1.8519  150:1.8519  200:1.8519  250:1.8519  300:1.8519  350:1.8519  400:1.8519  450:1.8519  500:1.8519 TEST REPORT=>
CLASS[  0 (  6)] FAIL=16.67% 
CLASS[  1 (  4)] FAIL= 0.00% 
CLASS[  2 (  7)] FAIL= 0.00% 
GENERATION=  151 FITNESS=    -1.852% TEST_ERROR=     5.882%
PROGRAMS=
if(!(x2<(x13+sin((exp(((x13+sin((-93.4)))+(-46.9)))-x8+(x13-(-36.66))*x1)))|x7<x9&!(!(x5<x6|!(x9<=(-61.3)|x12<=sin(x2)))))) CLASS=0.00
else 
if(x3>=x10-x12*x7|x11>(x2/x7)) CLASS=1.00
else 
CLASS=2.00
** CONFUSION MATRIX ** Number of classes: 3
   5    1    0 
   0    4    0 
   0    0    7 
TEST REPORT=>
CLASS[  0 (  6)] FAIL=16.67% 
CLASS[  1 (  4)] FAIL= 0.00% 
CLASS[  2 (  7)] FAIL= 0.00% 
CLASS_ERROR:    5.8823529412 PRECISION:    0.9333333333 RECALL:    0.9444444444 F1SCORE:    0.9388560158
 50:1.8519  100:1.8519  150:1.8519  200:1.8519  250:1.8519  300:1.8519  350:1.8519  400:1.8519  450:1.8519  500:1.8519 
TARGETED STAGNATION BURST generation=152 stagnation=20
TARGETED_BEST[0] START fitness=-1.8518518519
TARGETED_BEST[0] END fitness=-1.8518518519 accepted=0
TARGETED_BEST[1] START fitness=-1.8518518519
TARGETED_BEST[1] END fitness=-1.8518518519 accepted=0
TARGETED_BEST[2] START fitness=-1.8518518519
TARGETED_BEST[2] END fitness=-1.8518518519 accepted=0
TARGETED_BEST[3] START fitness=-1.8518518519
TARGETED_BEST[3] END fitness=-1.8518518519 accepted=0
TARGETED_BEST[4] START fitness=-1.8518518519
TARGETED_BEST[4] END fitness=-1.8518518519 accepted=0
TARGETED_BEST[5] START fitness=-1.8518518519
TARGETED_BEST[5] END fitness=-1.8518518519 accepted=0
TARGETED_BEST[6] START fitness=-1.8518518519
TARGETED_BEST[6] END fitness=-1.8518518519 accepted=0
TARGETED_BEST[7] START fitness=-1.8518518519
TARGETED_BEST[7] END fitness=-1.8518518519 accepted=0
TARGETED_BEST[8] START fitness=-1.8518518519
TARGETED_BEST[8] END fitness=-1.8518518519 accepted=0
TARGETED_BEST[9] START fitness=-1.8518518519
TARGETED_BEST[9] END fitness=-1.8518518519 accepted=0
TARGETED_BEST[10] START fitness=-1.8518518519
TARGETED_BEST[10] END fitness=-1.8518518519 accepted=0
TARGETED_BEST[11] START fitness=-1.8518518519
TARGETED_BEST[11] END fitness=-1.8518518519 accepted=0
TARGETED_BEST[12] START fitness=-1.8518518519
TARGETED_BEST[12] END fitness=-1.8518518519 accepted=0
TARGETED_BEST[13] START fitness=-1.8518518519
TARGETED_BEST[13] END fitness=-1.8518518519 accepted=0
TARGETED_BEST[14] START fitness=-1.8518518519
TARGETED_BEST[14] END fitness=-1.8518518519 accepted=0
TARGETED_BEST[15] START fitness=-1.8518518519
TARGETED_BEST[15] END fitness=-1.8518518519 accepted=0
TARGETED_BEST[16] START fitness=-1.8518518519
TARGETED_BEST[16] END fitness=-1.8518518519 accepted=0
TARGETED_BEST[17] START fitness=-1.8518518519
TARGETED_BEST[17] END fitness=-1.8518518519 accepted=0
TARGETED_BEST[18] START fitness=-1.8518518519
TARGETED_BEST[18] END fitness=-1.8518518519 accepted=0
TARGETED_BEST[19] START fitness=-1.8518518519
TARGETED_BEST[19] END fitness=-1.8518518519 accepted=0
TEST REPORT=>
CLASS[  0 (  6)] FAIL=16.67% 
CLASS[  1 (  4)] FAIL= 0.00% 
CLASS[  2 (  7)] FAIL= 0.00% 
GENERATION=  152 FITNESS=    -1.852% TEST_ERROR=     5.882%
PROGRAMS=
if(!(x2<(x13+sin((exp(((x13+sin((-93.4)))+(-46.9)))-x8+(x13-(-36.66))*x1)))|x7<x9&!(!(x5<x6|!(x9<=(-61.3)|x12<=sin(x2)))))) CLASS=0.00
else 
if(x3>=x10-x12*x7|x11>(x2/x7)) CLASS=1.00
else 
CLASS=2.00
** CONFUSION MATRIX ** Number of classes: 3
   5    1    0 
   0    4    0 
   0    0    7 
TEST REPORT=>
CLASS[  0 (  6)] FAIL=16.67% 
CLASS[  1 (  4)] FAIL= 0.00% 
CLASS[  2 (  7)] FAIL= 0.00% 
CLASS_ERROR:    5.8823529412 PRECISION:    0.9333333333 RECALL:    0.9444444444 F1SCORE:    0.9388560158
 50:1.8519  100:1.8519  150:1.8519  200:1.8519  250:1.8519  300:1.8519  350:1.8519  400:1.8519  450:1.8519  500:1.8519 TEST REPORT=>
CLASS[  0 (  6)] FAIL=16.67% 
CLASS[  1 (  4)] FAIL= 0.00% 
CLASS[  2 (  7)] FAIL= 0.00% 
GENERATION=  153 FITNESS=    -1.852% TEST_ERROR=     5.882%
PROGRAMS=
if(!(x2<(x13+sin((exp(((x13+sin((-93.4)))+(-46.9)))-x8+(x13-(-36.66))*x1)))|x7<x9&!(!(x5<x6|!(x9<=(-61.3)|x12<=sin(x2)))))) CLASS=0.00
else 
if(x3>=x10-x12*x7|x11>(x2/x7)) CLASS=1.00
else 
CLASS=2.00
** CONFUSION MATRIX ** Number of classes: 3
   5    1    0 
   0    4    0 
   0    0    7 
TEST REPORT=>
CLASS[  0 (  6)] FAIL=16.67% 
CLASS[  1 (  4)] FAIL= 0.00% 
CLASS[  2 (  7)] FAIL= 0.00% 
CLASS_ERROR:    5.8823529412 PRECISION:    0.9333333333 RECALL:    0.9444444444 F1SCORE:    0.9388560158
 50:1.8519  100:1.8519  150:1.8519  200:1.8519  250:1.8519  300:1.8519  350:1.8519  400:1.8519  450:1.8519  500:1.8519 TEST REPORT=>
CLASS[  0 (  6)] FAIL=16.67% 
CLASS[  1 (  4)] FAIL= 0.00% 
CLASS[  2 (  7)] FAIL= 0.00% 
GENERATION=  154 FITNESS=    -1.852% TEST_ERROR=     5.882%
PROGRAMS=
if(!(x2<(x13+sin((exp(((x13+sin((-93.4)))+(-46.9)))-x8+(x13-(-36.66))*x1)))|x7<x9&!(!(x5<x6|!(x9<=(-61.3)|x12<=sin(x2)))))) CLASS=0.00
else 
if(x3>=x10-x12*x7|x11>(x2/x7)) CLASS=1.00
else 
CLASS=2.00
** CONFUSION MATRIX ** Number of classes: 3
   5    1    0 
   0    4    0 
   0    0    7 
TEST REPORT=>
CLASS[  0 (  6)] FAIL=16.67% 
CLASS[  1 (  4)] FAIL= 0.00% 
CLASS[  2 (  7)] FAIL= 0.00% 
CLASS_ERROR:    5.8823529412 PRECISION:    0.9333333333 RECALL:    0.9444444444 F1SCORE:    0.9388560158
 50:1.8519  100:1.8519  150:1.8519  200:1.8519  250:1.8519  300:1.8519  350:1.8519  400:1.8519  450:1.8519  500:1.8519 TEST REPORT=>
CLASS[  0 (  6)] FAIL=16.67% 
CLASS[  1 (  4)] FAIL= 0.00% 
CLASS[  2 (  7)] FAIL= 0.00% 
GENERATION=  155 FITNESS=    -1.852% TEST_ERROR=     5.882%
PROGRAMS=
if(!(x2<(x13+sin((exp(((x13+sin((-93.4)))+(-46.9)))-x8+(x13-(-36.66))*x1)))|x7<x9&!(!(x5<x6|!(x9<=(-61.3)|x12<=sin(x2)))))) CLASS=0.00
else 
if(x3>=x10-x12*x7|x11>(x2/x7)) CLASS=1.00
else 
CLASS=2.00
** CONFUSION MATRIX ** Number of classes: 3
   5    1    0 
   0    4    0 
   0    0    7 
TEST REPORT=>
CLASS[  0 (  6)] FAIL=16.67% 
CLASS[  1 (  4)] FAIL= 0.00% 
CLASS[  2 (  7)] FAIL= 0.00% 
CLASS_ERROR:    5.8823529412 PRECISION:    0.9333333333 RECALL:    0.9444444444 F1SCORE:    0.9388560158
 50:1.8519  100:1.8519  150:1.8519  200:1.8519  250:1.8519  300:1.8519  350:1.8519  400:1.8519  450:1.8519  500:1.8519 TEST REPORT=>
CLASS[  0 (  6)] FAIL=16.67% 
CLASS[  1 (  4)] FAIL= 0.00% 
CLASS[  2 (  7)] FAIL= 0.00% 
GENERATION=  156 FITNESS=    -1.852% TEST_ERROR=     5.882%
PROGRAMS=
if(!(x2<(x13+sin((exp(((x13+sin((-93.4)))+(-46.9)))-x8+(x13-(-36.66))*x1)))|x7<x9&!(!(x5<x6|!(x9<=(-61.3)|x12<=sin(x2)))))) CLASS=0.00
else 
if(x3>=x10-x12*x7|x11>(x2/x7)) CLASS=1.00
else 
CLASS=2.00
** CONFUSION MATRIX ** Number of classes: 3
   5    1    0 
   0    4    0 
   0    0    7 
TEST REPORT=>
CLASS[  0 (  6)] FAIL=16.67% 
CLASS[  1 (  4)] FAIL= 0.00% 
CLASS[  2 (  7)] FAIL= 0.00% 
CLASS_ERROR:    5.8823529412 PRECISION:    0.9333333333 RECALL:    0.9444444444 F1SCORE:    0.9388560158
 50:1.8519  100:1.8519  150:1.8519  200:1.8519  250:1.8519  300:1.8519  350:1.8519  400:1.8519  450:1.8519  500:1.8519 TEST REPORT=>
CLASS[  0 (  6)] FAIL=16.67% 
CLASS[  1 (  4)] FAIL= 0.00% 
CLASS[  2 (  7)] FAIL= 0.00% 
GENERATION=  157 FITNESS=    -1.852% TEST_ERROR=     5.882%
PROGRAMS=
if(!(x2<(x13+sin((exp(((x13+sin((-93.4)))+(-46.9)))-x8+(x13-(-36.66))*x1)))|x7<x9&!(!(x5<x6|!(x9<=(-61.3)|x12<=sin(x2)))))) CLASS=0.00
else 
if(x3>=x10-x12*x7|x11>(x2/x7)) CLASS=1.00
else 
CLASS=2.00
** CONFUSION MATRIX ** Number of classes: 3
   5    1    0 
   0    4    0 
   0    0    7 
TEST REPORT=>
CLASS[  0 (  6)] FAIL=16.67% 
CLASS[  1 (  4)] FAIL= 0.00% 
CLASS[  2 (  7)] FAIL= 0.00% 
CLASS_ERROR:    5.8823529412 PRECISION:    0.9333333333 RECALL:    0.9444444444 F1SCORE:    0.9388560158
 50:1.8519  100:1.8519  150:1.8519  200:1.8519  250:1.8519  300:1.8519  350:1.8519  400:1.8519  450:1.8519  500:1.8519 TEST REPORT=>
CLASS[  0 (  6)] FAIL=16.67% 
CLASS[  1 (  4)] FAIL= 0.00% 
CLASS[  2 (  7)] FAIL= 0.00% 
GENERATION=  158 FITNESS=    -1.852% TEST_ERROR=     5.882%
PROGRAMS=
if(!(x2<(x13+sin((exp(((x13+sin((-93.4)))+(-46.9)))-x8+(x13-(-36.66))*x1)))|x7<x9&!(!(x5<x6|!(x9<=(-61.3)|x12<=sin(x2)))))) CLASS=0.00
else 
if(x3>=x10-x12*x7|x11>(x2/x7)) CLASS=1.00
else 
CLASS=2.00
** CONFUSION MATRIX ** Number of classes: 3
   5    1    0 
   0    4    0 
   0    0    7 
TEST REPORT=>
CLASS[  0 (  6)] FAIL=16.67% 
CLASS[  1 (  4)] FAIL= 0.00% 
CLASS[  2 (  7)] FAIL= 0.00% 
CLASS_ERROR:    5.8823529412 PRECISION:    0.9333333333 RECALL:    0.9444444444 F1SCORE:    0.9388560158
 50:1.8519  100:1.8519  150:1.8519  200:1.8519  250:1.8519  300:1.8519  350:1.8519  400:1.8519  450:1.8519  500:1.8519 TEST REPORT=>
CLASS[  0 (  6)] FAIL=16.67% 
CLASS[  1 (  4)] FAIL= 0.00% 
CLASS[  2 (  7)] FAIL= 0.00% 
GENERATION=  159 FITNESS=    -1.852% TEST_ERROR=     5.882%
PROGRAMS=
if(!(x2<(x13+sin((exp(((x13+sin((-93.4)))+(-46.9)))-x8+(x13-(-36.66))*x1)))|x7<x9&!(!(x5<x6|!(x9<=(-61.3)|x12<=sin(x2)))))) CLASS=0.00
else 
if(x3>=x10-x12*x7|x11>(x2/x7)) CLASS=1.00
else 
CLASS=2.00
** CONFUSION MATRIX ** Number of classes: 3
   5    1    0 
   0    4    0 
   0    0    7 
TEST REPORT=>
CLASS[  0 (  6)] FAIL=16.67% 
CLASS[  1 (  4)] FAIL= 0.00% 
CLASS[  2 (  7)] FAIL= 0.00% 
CLASS_ERROR:    5.8823529412 PRECISION:    0.9333333333 RECALL:    0.9444444444 F1SCORE:    0.9388560158
 50:1.8519  100:1.8519  150:1.8519  200:1.8519  250:1.8519  300:1.8519  350:1.8519  400:1.8519  450:1.8519  500:1.8519 TEST REPORT=>
CLASS[  0 (  6)] FAIL=16.67% 
CLASS[  1 (  4)] FAIL= 0.00% 
CLASS[  2 (  7)] FAIL= 0.00% 
GENERATION=  160 FITNESS=    -1.852% TEST_ERROR=     5.882%
PROGRAMS=
if(!(x2<(x13+sin((exp(((x13+sin((-93.4)))+(-46.9)))-x8+(x13-(-36.66))*x1)))|x7<x9&!(!(x5<x6|!(x9<=(-61.3)|x12<=sin(x2)))))) CLASS=0.00
else 
if(x3>=x10-x12*x7|x11>(x2/x7)) CLASS=1.00
else 
CLASS=2.00
** CONFUSION MATRIX ** Number of classes: 3
   5    1    0 
   0    4    0 
   0    0    7 
TEST REPORT=>
CLASS[  0 (  6)] FAIL=16.67% 
CLASS[  1 (  4)] FAIL= 0.00% 
CLASS[  2 (  7)] FAIL= 0.00% 
CLASS_ERROR:    5.8823529412 PRECISION:    0.9333333333 RECALL:    0.9444444444 F1SCORE:    0.9388560158
 50:1.8519  100:1.8519  150:1.8519  200:1.8519  250:1.8519  300:1.8519  350:1.8519  400:1.8519  450:1.8519  500:1.8519 TEST REPORT=>
CLASS[  0 (  6)] FAIL=16.67% 
CLASS[  1 (  4)] FAIL= 0.00% 
CLASS[  2 (  7)] FAIL= 0.00% 
GENERATION=  161 FITNESS=    -1.852% TEST_ERROR=     5.882%
PROGRAMS=
if(!(x2<(x13+sin((exp(((x13+sin((-93.4)))+(-46.9)))-x8+(x13-(-36.66))*x1)))|x7<x9&!(!(x5<x6|!(x9<=(-61.3)|x12<=sin(x2)))))) CLASS=0.00
else 
if(x3>=x10-x12*x7|x11>(x2/x7)) CLASS=1.00
else 
CLASS=2.00
** CONFUSION MATRIX ** Number of classes: 3
   5    1    0 
   0    4    0 
   0    0    7 
TEST REPORT=>
CLASS[  0 (  6)] FAIL=16.67% 
CLASS[  1 (  4)] FAIL= 0.00% 
CLASS[  2 (  7)] FAIL= 0.00% 
CLASS_ERROR:    5.8823529412 PRECISION:    0.9333333333 RECALL:    0.9444444444 F1SCORE:    0.9388560158
 50:1.8519  100:1.8519  150:1.8519  200:1.8519  250:1.8519  300:1.8519  350:1.8519  400:1.8519  450:1.8519  500:1.8519 TEST REPORT=>
CLASS[  0 (  6)] FAIL=16.67% 
CLASS[  1 (  4)] FAIL= 0.00% 
CLASS[  2 (  7)] FAIL= 0.00% 
GENERATION=  162 FITNESS=    -1.852% TEST_ERROR=     5.882%
PROGRAMS=
if(!(x2<(x13+sin((exp(((x13+sin((-93.4)))+(-46.9)))-x8+(x13-(-36.66))*x1)))|x7<x9&!(!(x5<x6|!(x9<=(-61.3)|x12<=sin(x2)))))) CLASS=0.00
else 
if(x3>=x10-x12*x7|x11>(x2/x7)) CLASS=1.00
else 
CLASS=2.00
** CONFUSION MATRIX ** Number of classes: 3
   5    1    0 
   0    4    0 
   0    0    7 
TEST REPORT=>
CLASS[  0 (  6)] FAIL=16.67% 
CLASS[  1 (  4)] FAIL= 0.00% 
CLASS[  2 (  7)] FAIL= 0.00% 
CLASS_ERROR:    5.8823529412 PRECISION:    0.9333333333 RECALL:    0.9444444444 F1SCORE:    0.9388560158
 50:1.8519  100:1.8519  150:1.8519  200:1.8519  250:1.8519  300:1.8519  350:1.8519  400:1.8519  450:1.8519  500:1.8519 TEST REPORT=>
CLASS[  0 (  6)] FAIL=16.67% 
CLASS[  1 (  4)] FAIL= 0.00% 
CLASS[  2 (  7)] FAIL= 0.00% 
GENERATION=  163 FITNESS=    -1.852% TEST_ERROR=     5.882%
PROGRAMS=
if(!(x2<(x13+sin((exp(((x13+sin((-93.4)))+(-46.9)))-x8+(x13-(-36.66))*x1)))|x7<x9&!(!(x5<x6|!(x9<=(-61.3)|x12<=sin(x2)))))) CLASS=0.00
else 
if(x3>=x10-x12*x7|x11>(x2/x7)) CLASS=1.00
else 
CLASS=2.00
** CONFUSION MATRIX ** Number of classes: 3
   5    1    0 
   0    4    0 
   0    0    7 
TEST REPORT=>
CLASS[  0 (  6)] FAIL=16.67% 
CLASS[  1 (  4)] FAIL= 0.00% 
CLASS[  2 (  7)] FAIL= 0.00% 
CLASS_ERROR:    5.8823529412 PRECISION:    0.9333333333 RECALL:    0.9444444444 F1SCORE:    0.9388560158
 50:1.8519  100:1.8519  150:1.8519  200:1.8519  250:1.8519  300:1.8519  350:1.8519  400:1.8519  450:1.8519  500:1.8519 TEST REPORT=>
CLASS[  0 (  6)] FAIL=16.67% 
CLASS[  1 (  4)] FAIL= 0.00% 
CLASS[  2 (  7)] FAIL= 0.00% 
GENERATION=  164 FITNESS=    -1.852% TEST_ERROR=     5.882%
PROGRAMS=
if(!(x2<(x13+sin((exp(((x13+sin((-93.4)))+(-46.9)))-x8+(x13-(-36.66))*x1)))|x7<x9&!(!(x5<x6|!(x9<=(-61.3)|x12<=sin(x2)))))) CLASS=0.00
else 
if(x3>=x10-x12*x7|x11>(x2/x7)) CLASS=1.00
else 
CLASS=2.00
** CONFUSION MATRIX ** Number of classes: 3
   5    1    0 
   0    4    0 
   0    0    7 
TEST REPORT=>
CLASS[  0 (  6)] FAIL=16.67% 
CLASS[  1 (  4)] FAIL= 0.00% 
CLASS[  2 (  7)] FAIL= 0.00% 
CLASS_ERROR:    5.8823529412 PRECISION:    0.9333333333 RECALL:    0.9444444444 F1SCORE:    0.9388560158
 50:1.8519  100:1.8519  150:1.8519  200:1.8519  250:1.8519  300:1.8519  350:1.8519  400:1.8519  450:1.8519  500:1.8519 TEST REPORT=>
CLASS[  0 (  6)] FAIL=16.67% 
CLASS[  1 (  4)] FAIL= 0.00% 
CLASS[  2 (  7)] FAIL= 0.00% 
GENERATION=  165 FITNESS=    -1.852% TEST_ERROR=     5.882%
PROGRAMS=
if(!(x2<(x13+sin((exp(((x13+sin((-93.4)))+(-46.9)))-x8+(x13-(-36.66))*x1)))|x7<x9&!(!(x5<x6|!(x9<=(-61.3)|x12<=sin(x2)))))) CLASS=0.00
else 
if(x3>=x10-x12*x7|x11>(x2/x7)) CLASS=1.00
else 
CLASS=2.00
** CONFUSION MATRIX ** Number of classes: 3
   5    1    0 
   0    4    0 
   0    0    7 
TEST REPORT=>
CLASS[  0 (  6)] FAIL=16.67% 
CLASS[  1 (  4)] FAIL= 0.00% 
CLASS[  2 (  7)] FAIL= 0.00% 
CLASS_ERROR:    5.8823529412 PRECISION:    0.9333333333 RECALL:    0.9444444444 F1SCORE:    0.9388560158
 50:1.8519  100:1.8519  150:1.8519  200:1.8519  250:1.8519  300:1.8519  350:1.8519  400:1.8519  450:1.8519  500:1.8519 TEST REPORT=>
CLASS[  0 (  6)] FAIL=16.67% 
CLASS[  1 (  4)] FAIL= 0.00% 
CLASS[  2 (  7)] FAIL= 0.00% 
GENERATION=  166 FITNESS=    -1.852% TEST_ERROR=     5.882%
PROGRAMS=
if(!(x2<(x13+sin((exp(((x13+sin((-93.4)))+(-46.9)))-x8+(x13-(-36.66))*x1)))|x7<x9&!(!(x5<x6|!(x9<=(-61.3)|x12<=sin(x2)))))) CLASS=0.00
else 
if(x3>=x10-x12*x7|x11>(x2/x7)) CLASS=1.00
else 
CLASS=2.00
** CONFUSION MATRIX ** Number of classes: 3
   5    1    0 
   0    4    0 
   0    0    7 
TEST REPORT=>
CLASS[  0 (  6)] FAIL=16.67% 
CLASS[  1 (  4)] FAIL= 0.00% 
CLASS[  2 (  7)] FAIL= 0.00% 
CLASS_ERROR:    5.8823529412 PRECISION:    0.9333333333 RECALL:    0.9444444444 F1SCORE:    0.9388560158
 50:1.8519  100:1.8519  150:1.8519  200:1.8519  250:1.8519  300:1.8519  350:1.8519  400:1.8519  450:1.8519  500:1.8519 TEST REPORT=>
CLASS[  0 (  6)] FAIL=16.67% 
CLASS[  1 (  4)] FAIL= 0.00% 
CLASS[  2 (  7)] FAIL= 0.00% 
GENERATION=  167 FITNESS=    -1.852% TEST_ERROR=     5.882%
PROGRAMS=
if(!(x2<(x13+sin((exp(((x13+sin((-93.4)))+(-46.9)))-x8+(x13-(-36.66))*x1)))|x7<x9&!(!(x5<x6|!(x9<=(-61.3)|x12<=sin(x2)))))) CLASS=0.00
else 
if(x3>=x10-x12*x7|x11>(x2/x7)) CLASS=1.00
else 
CLASS=2.00
** CONFUSION MATRIX ** Number of classes: 3
   5    1    0 
   0    4    0 
   0    0    7 
TEST REPORT=>
CLASS[  0 (  6)] FAIL=16.67% 
CLASS[  1 (  4)] FAIL= 0.00% 
CLASS[  2 (  7)] FAIL= 0.00% 
CLASS_ERROR:    5.8823529412 PRECISION:    0.9333333333 RECALL:    0.9444444444 F1SCORE:    0.9388560158
 50:1.8519  100:1.8519  150:1.8519  200:1.8519  250:1.8519  300:1.8519  350:1.8519  400:1.8519  450:1.8519  500:1.8519 TEST REPORT=>
CLASS[  0 (  6)] FAIL=16.67% 
CLASS[  1 (  4)] FAIL= 0.00% 
CLASS[  2 (  7)] FAIL= 0.00% 
GENERATION=  168 FITNESS=    -1.852% TEST_ERROR=     5.882%
PROGRAMS=
if(!(x2<(x13+sin((exp(((x13+sin((-93.4)))+(-46.9)))-x8+(x13-(-36.66))*x1)))|x7<x9&!(!(x5<x6|!(x9<=(-61.3)|x12<=sin(x2)))))) CLASS=0.00
else 
if(x3>=x10-x12*x7|x11>(x2/x7)) CLASS=1.00
else 
CLASS=2.00
** CONFUSION MATRIX ** Number of classes: 3
   5    1    0 
   0    4    0 
   0    0    7 
TEST REPORT=>
CLASS[  0 (  6)] FAIL=16.67% 
CLASS[  1 (  4)] FAIL= 0.00% 
CLASS[  2 (  7)] FAIL= 0.00% 
CLASS_ERROR:    5.8823529412 PRECISION:    0.9333333333 RECALL:    0.9444444444 F1SCORE:    0.9388560158
 50:1.8519  100:1.8519  150:1.8519  200:1.8519  250:1.8519  300:1.8519  350:1.8519  400:1.8519  450:1.8519  500:1.8519 TEST REPORT=>
CLASS[  0 (  6)] FAIL=16.67% 
CLASS[  1 (  4)] FAIL= 0.00% 
CLASS[  2 (  7)] FAIL= 0.00% 
GENERATION=  169 FITNESS=    -1.852% TEST_ERROR=     5.882%
PROGRAMS=
if(!(x2<(x13+sin((exp(((x13+sin((-93.4)))+(-46.9)))-x8+(x13-(-36.66))*x1)))|x7<x9&!(!(x5<x6|!(x9<=(-61.3)|x12<=sin(x2)))))) CLASS=0.00
else 
if(x3>=x10-x12*x7|x11>(x2/x7)) CLASS=1.00
else 
CLASS=2.00
** CONFUSION MATRIX ** Number of classes: 3
   5    1    0 
   0    4    0 
   0    0    7 
TEST REPORT=>
CLASS[  0 (  6)] FAIL=16.67% 
CLASS[  1 (  4)] FAIL= 0.00% 
CLASS[  2 (  7)] FAIL= 0.00% 
CLASS_ERROR:    5.8823529412 PRECISION:    0.9333333333 RECALL:    0.9444444444 F1SCORE:    0.9388560158
 50:1.8519  100:1.8519  150:1.8519  200:1.8519  250:1.8519  300:1.8519  350:1.8519  400:1.8519  450:1.8519  500:1.8519 TEST REPORT=>
CLASS[  0 (  6)] FAIL=16.67% 
CLASS[  1 (  4)] FAIL= 0.00% 
CLASS[  2 (  7)] FAIL= 0.00% 
GENERATION=  170 FITNESS=    -1.852% TEST_ERROR=     5.882%
PROGRAMS=
if(!(x2<(x13+sin((exp(((x13+sin((-93.4)))+(-46.9)))-x8+(x13-(-36.66))*x1)))|x7<x9&!(!(x5<x6|!(x9<=(-61.3)|x12<=sin(x2)))))) CLASS=0.00
else 
if(x3>=x10-x12*x7|x11>(x2/x7)) CLASS=1.00
else 
CLASS=2.00
** CONFUSION MATRIX ** Number of classes: 3
   5    1    0 
   0    4    0 
   0    0    7 
TEST REPORT=>
CLASS[  0 (  6)] FAIL=16.67% 
CLASS[  1 (  4)] FAIL= 0.00% 
CLASS[  2 (  7)] FAIL= 0.00% 
CLASS_ERROR:    5.8823529412 PRECISION:    0.9333333333 RECALL:    0.9444444444 F1SCORE:    0.9388560158
 50:1.8519  100:1.8519  150:1.8519  200:1.8519  250:1.8519  300:1.8519  350:1.8519  400:1.8519  450:1.8519  500:1.8519 TEST REPORT=>
CLASS[  0 (  6)] FAIL=16.67% 
CLASS[  1 (  4)] FAIL= 0.00% 
CLASS[  2 (  7)] FAIL= 0.00% 
GENERATION=  171 FITNESS=    -1.852% TEST_ERROR=     5.882%
PROGRAMS=
if(!(x2<(x13+sin((exp(((x13+sin((-93.4)))+(-46.9)))-x8+(x13-(-36.66))*x1)))|x7<x9&!(!(x5<x6|!(x9<=(-61.3)|x12<=sin(x2)))))) CLASS=0.00
else 
if(x3>=x10-x12*x7|x11>(x2/x7)) CLASS=1.00
else 
CLASS=2.00
** CONFUSION MATRIX ** Number of classes: 3
   5    1    0 
   0    4    0 
   0    0    7 
TEST REPORT=>
CLASS[  0 (  6)] FAIL=16.67% 
CLASS[  1 (  4)] FAIL= 0.00% 
CLASS[  2 (  7)] FAIL= 0.00% 
CLASS_ERROR:    5.8823529412 PRECISION:    0.9333333333 RECALL:    0.9444444444 F1SCORE:    0.9388560158
 50:1.8519  100:1.8519  150:1.8519  200:1.8519  250:1.8519  300:1.8519  350:1.8519  400:1.8519  450:1.8519  500:1.8519 
TARGETED STAGNATION BURST generation=172 stagnation=20
TARGETED_BEST[0] START fitness=-1.8518518519
TARGETED_BEST[0] END fitness=-1.8518518519 accepted=0
TARGETED_BEST[1] START fitness=-1.8518518519
TARGETED_BEST[1] END fitness=-1.8518518519 accepted=0
TARGETED_BEST[2] START fitness=-1.8518518519
TARGETED_BEST[2] END fitness=-1.8518518519 accepted=0
TARGETED_BEST[3] START fitness=-1.8518518519
TARGETED_BEST[3] END fitness=-1.8518518519 accepted=0
TARGETED_BEST[4] START fitness=-1.8518518519
TARGETED_BEST[4] END fitness=-1.8518518519 accepted=0
TARGETED_BEST[5] START fitness=-1.8518518519
TARGETED_BEST[5] END fitness=-1.8518518519 accepted=0
TARGETED_BEST[6] START fitness=-1.8518518519
TARGETED_BEST[6] END fitness=-1.8518518519 accepted=0
TARGETED_BEST[7] START fitness=-1.8518518519
TARGETED_BEST[7] END fitness=-1.8518518519 accepted=0
TARGETED_BEST[8] START fitness=-1.8518518519
TARGETED_BEST[8] END fitness=-1.8518518519 accepted=0
TARGETED_BEST[9] START fitness=-1.8518518519
TARGETED_BEST[9] END fitness=-1.8518518519 accepted=0
TARGETED_BEST[10] START fitness=-1.8518518519
TARGETED_BEST[10] END fitness=-1.8518518519 accepted=0
TARGETED_BEST[11] START fitness=-1.8518518519
TARGETED_BEST[11] END fitness=-1.8518518519 accepted=0
TARGETED_BEST[12] START fitness=-1.8518518519
TARGETED_BEST[12] END fitness=-1.8518518519 accepted=0
TARGETED_BEST[13] START fitness=-1.8518518519
TARGETED_BEST[13] END fitness=-1.8518518519 accepted=0
TARGETED_BEST[14] START fitness=-1.8518518519
TARGETED_BEST[14] END fitness=-1.8518518519 accepted=0
TARGETED_BEST[15] START fitness=-1.8518518519
TARGETED_BEST[15] END fitness=-1.8518518519 accepted=0
TARGETED_BEST[16] START fitness=-1.8518518519
TARGETED_BEST[16] END fitness=-1.8518518519 accepted=0
TARGETED_BEST[17] START fitness=-1.8518518519
TARGETED_BEST[17] END fitness=-1.8518518519 accepted=0
TARGETED_BEST[18] START fitness=-1.8518518519
TARGETED_BEST[18] END fitness=-1.8518518519 accepted=0
TARGETED_BEST[19] START fitness=-1.8518518519
TARGETED_BEST[19] END fitness=-1.8518518519 accepted=0
TEST REPORT=>
CLASS[  0 (  6)] FAIL=16.67% 
CLASS[  1 (  4)] FAIL= 0.00% 
CLASS[  2 (  7)] FAIL= 0.00% 
GENERATION=  172 FITNESS=    -1.852% TEST_ERROR=     5.882%
PROGRAMS=
if(!(x2<(x13+sin((exp(((x13+sin((-93.4)))+(-46.9)))-x8+(x13-(-36.66))*x1)))|x7<x9&!(!(x5<x6|!(x9<=(-61.3)|x12<=sin(x2)))))) CLASS=0.00
else 
if(x3>=x10-x12*x7|x11>(x2/x7)) CLASS=1.00
else 
CLASS=2.00
** CONFUSION MATRIX ** Number of classes: 3
   5    1    0 
   0    4    0 
   0    0    7 
TEST REPORT=>
CLASS[  0 (  6)] FAIL=16.67% 
CLASS[  1 (  4)] FAIL= 0.00% 
CLASS[  2 (  7)] FAIL= 0.00% 
CLASS_ERROR:    5.8823529412 PRECISION:    0.9333333333 RECALL:    0.9444444444 F1SCORE:    0.9388560158
 50:1.8519  100:1.8519  150:1.8519  200:1.8519  250:1.8519  300:1.8519  350:1.8519  400:1.8519  450:1.8519  500:1.8519 TEST REPORT=>
CLASS[  0 (  6)] FAIL=16.67% 
CLASS[  1 (  4)] FAIL= 0.00% 
CLASS[  2 (  7)] FAIL= 0.00% 
GENERATION=  173 FITNESS=    -1.852% TEST_ERROR=     5.882%
PROGRAMS=
if(!(x2<(x13+sin((exp(((x13+sin((-93.4)))+(-46.9)))-x8+(x13-(-36.66))*x1)))|x7<x9&!(!(x5<x6|!(x9<=(-61.3)|x12<=sin(x2)))))) CLASS=0.00
else 
if(x3>=x10-x12*x7|x11>(x2/x7)) CLASS=1.00
else 
CLASS=2.00
** CONFUSION MATRIX ** Number of classes: 3
   5    1    0 
   0    4    0 
   0    0    7 
TEST REPORT=>
CLASS[  0 (  6)] FAIL=16.67% 
CLASS[  1 (  4)] FAIL= 0.00% 
CLASS[  2 (  7)] FAIL= 0.00% 
CLASS_ERROR:    5.8823529412 PRECISION:    0.9333333333 RECALL:    0.9444444444 F1SCORE:    0.9388560158
 50:1.8519  100:1.8519  150:1.8519  200:1.8519  250:1.8519  300:1.8519  350:1.8519  400:1.8519  450:1.8519  500:1.8519 TEST REPORT=>
CLASS[  0 (  6)] FAIL=16.67% 
CLASS[  1 (  4)] FAIL= 0.00% 
CLASS[  2 (  7)] FAIL= 0.00% 
GENERATION=  174 FITNESS=    -1.852% TEST_ERROR=     5.882%
PROGRAMS=
if(!(x2<(x13+sin((exp(((x13+sin((-93.4)))+(-46.9)))-x8+(x13-(-36.66))*x1)))|x7<x9&!(!(x5<x6|!(x9<=(-61.3)|x12<=sin(x2)))))) CLASS=0.00
else 
if(x3>=x10-x12*x7|x11>(x2/x7)) CLASS=1.00
else 
CLASS=2.00
** CONFUSION MATRIX ** Number of classes: 3
   5    1    0 
   0    4    0 
   0    0    7 
TEST REPORT=>
CLASS[  0 (  6)] FAIL=16.67% 
CLASS[  1 (  4)] FAIL= 0.00% 
CLASS[  2 (  7)] FAIL= 0.00% 
CLASS_ERROR:    5.8823529412 PRECISION:    0.9333333333 RECALL:    0.9444444444 F1SCORE:    0.9388560158
 50:1.8519  100:1.8519  150:1.8519  200:1.8519  250:1.8519  300:1.8519  350:1.8519  400:1.8519  450:1.8519  500:1.8519 TEST REPORT=>
CLASS[  0 (  6)] FAIL=16.67% 
CLASS[  1 (  4)] FAIL= 0.00% 
CLASS[  2 (  7)] FAIL= 0.00% 
GENERATION=  175 FITNESS=    -1.852% TEST_ERROR=     5.882%
PROGRAMS=
if(!(x2<(x13+sin((exp(((x13+sin((-93.4)))+(-46.9)))-x8+(x13-(-36.66))*x1)))|x7<x9&!(!(x5<x6|!(x9<=(-61.3)|x12<=sin(x2)))))) CLASS=0.00
else 
if(x3>=x10-x12*x7|x11>(x2/x7)) CLASS=1.00
else 
CLASS=2.00
** CONFUSION MATRIX ** Number of classes: 3
   5    1    0 
   0    4    0 
   0    0    7 
TEST REPORT=>
CLASS[  0 (  6)] FAIL=16.67% 
CLASS[  1 (  4)] FAIL= 0.00% 
CLASS[  2 (  7)] FAIL= 0.00% 
CLASS_ERROR:    5.8823529412 PRECISION:    0.9333333333 RECALL:    0.9444444444 F1SCORE:    0.9388560158
 50:1.8519  100:1.8519  150:1.8519  200:1.8519  250:1.8519  300:1.8519  350:1.8519  400:1.8519  450:1.8519  500:1.8519 TEST REPORT=>
CLASS[  0 (  6)] FAIL=16.67% 
CLASS[  1 (  4)] FAIL= 0.00% 
CLASS[  2 (  7)] FAIL= 0.00% 
GENERATION=  176 FITNESS=    -1.852% TEST_ERROR=     5.882%
PROGRAMS=
if(!(x2<(x13+sin((exp(((x13+sin((-93.4)))+(-46.9)))-x8+(x13-(-36.66))*x1)))|x7<x9&!(!(x5<x6|!(x9<=(-61.3)|x12<=sin(x2)))))) CLASS=0.00
else 
if(x3>=x10-x12*x7|x11>(x2/x7)) CLASS=1.00
else 
CLASS=2.00
** CONFUSION MATRIX ** Number of classes: 3
   5    1    0 
   0    4    0 
   0    0    7 
TEST REPORT=>
CLASS[  0 (  6)] FAIL=16.67% 
CLASS[  1 (  4)] FAIL= 0.00% 
CLASS[  2 (  7)] FAIL= 0.00% 
CLASS_ERROR:    5.8823529412 PRECISION:    0.9333333333 RECALL:    0.9444444444 F1SCORE:    0.9388560158
 50:1.8519  100:1.8519  150:1.8519  200:1.8519  250:1.8519  300:1.8519  350:1.8519  400:1.8519  450:1.8519  500:1.8519 TEST REPORT=>
CLASS[  0 (  6)] FAIL=16.67% 
CLASS[  1 (  4)] FAIL= 0.00% 
CLASS[  2 (  7)] FAIL= 0.00% 
GENERATION=  177 FITNESS=    -1.852% TEST_ERROR=     5.882%
PROGRAMS=
if(!(x2<(x13+sin((exp(((x13+sin((-93.4)))+(-46.9)))-x8+(x13-(-36.66))*x1)))|x7<x9&!(!(x5<x6|!(x9<=(-61.3)|x12<=sin(x2)))))) CLASS=0.00
else 
if(x3>=x10-x12*x7|x11>(x2/x7)) CLASS=1.00
else 
CLASS=2.00
** CONFUSION MATRIX ** Number of classes: 3
   5    1    0 
   0    4    0 
   0    0    7 
TEST REPORT=>
CLASS[  0 (  6)] FAIL=16.67% 
CLASS[  1 (  4)] FAIL= 0.00% 
CLASS[  2 (  7)] FAIL= 0.00% 
CLASS_ERROR:    5.8823529412 PRECISION:    0.9333333333 RECALL:    0.9444444444 F1SCORE:    0.9388560158
 50:1.8519  100:1.8519  150:1.8519  200:1.8519  250:1.8519  300:1.8519  350:1.8519  400:1.8519  450:1.8519  500:1.8519 TEST REPORT=>
CLASS[  0 (  6)] FAIL=16.67% 
CLASS[  1 (  4)] FAIL= 0.00% 
CLASS[  2 (  7)] FAIL= 0.00% 
GENERATION=  178 FITNESS=    -1.852% TEST_ERROR=     5.882%
PROGRAMS=
if(!(x2<(x13+sin((exp(((x13+sin((-93.4)))+(-46.9)))-x8+(x13-(-36.66))*x1)))|x7<x9&!(!(x5<x6|!(x9<=(-61.3)|x12<=sin(x2)))))) CLASS=0.00
else 
if(x3>=x10-x12*x7|x11>(x2/x7)) CLASS=1.00
else 
CLASS=2.00
** CONFUSION MATRIX ** Number of classes: 3
   5    1    0 
   0    4    0 
   0    0    7 
TEST REPORT=>
CLASS[  0 (  6)] FAIL=16.67% 
CLASS[  1 (  4)] FAIL= 0.00% 
CLASS[  2 (  7)] FAIL= 0.00% 
CLASS_ERROR:    5.8823529412 PRECISION:    0.9333333333 RECALL:    0.9444444444 F1SCORE:    0.9388560158
 50:1.8519  100:1.8519  150:1.8519  200:1.8519  250:1.8519  300:1.8519  350:1.8519  400:1.8519  450:1.8519  500:1.8519 TEST REPORT=>
CLASS[  0 (  6)] FAIL=16.67% 
CLASS[  1 (  4)] FAIL= 0.00% 
CLASS[  2 (  7)] FAIL= 0.00% 
GENERATION=  179 FITNESS=    -1.852% TEST_ERROR=     5.882%
PROGRAMS=
if(!(x2<(x13+sin((exp(((x13+sin((-93.4)))+(-46.9)))-x8+(x13-(-36.66))*x1)))|x7<x9&!(!(x5<x6|!(x9<=(-61.3)|x12<=sin(x2)))))) CLASS=0.00
else 
if(x3>=x10-x12*x7|x11>(x2/x7)) CLASS=1.00
else 
CLASS=2.00
** CONFUSION MATRIX ** Number of classes: 3
   5    1    0 
   0    4    0 
   0    0    7 
TEST REPORT=>
CLASS[  0 (  6)] FAIL=16.67% 
CLASS[  1 (  4)] FAIL= 0.00% 
CLASS[  2 (  7)] FAIL= 0.00% 
CLASS_ERROR:    5.8823529412 PRECISION:    0.9333333333 RECALL:    0.9444444444 F1SCORE:    0.9388560158
 50:1.8519  100:1.8519  150:1.8519  200:1.8519  250:1.8519  300:1.8519  350:1.8519  400:1.8519  450:1.8519  500:1.8519 TEST REPORT=>
CLASS[  0 (  6)] FAIL=16.67% 
CLASS[  1 (  4)] FAIL= 0.00% 
CLASS[  2 (  7)] FAIL= 0.00% 
GENERATION=  180 FITNESS=    -1.852% TEST_ERROR=     5.882%
PROGRAMS=
if(!(x2<(x13+sin((exp(((x13+sin((-93.4)))+(-46.9)))-x8+(x13-(-36.66))*x1)))|x7<x9&!(!(x5<x6|!(x9<=(-61.3)|x12<=sin(x2)))))) CLASS=0.00
else 
if(x3>=x10-x12*x7|x11>(x2/x7)) CLASS=1.00
else 
CLASS=2.00
** CONFUSION MATRIX ** Number of classes: 3
   5    1    0 
   0    4    0 
   0    0    7 
TEST REPORT=>
CLASS[  0 (  6)] FAIL=16.67% 
CLASS[  1 (  4)] FAIL= 0.00% 
CLASS[  2 (  7)] FAIL= 0.00% 
CLASS_ERROR:    5.8823529412 PRECISION:    0.9333333333 RECALL:    0.9444444444 F1SCORE:    0.9388560158
 50:1.8519  100:1.8519  150:1.8519  200:1.8519  250:1.8519  300:1.8519  350:1.8519  400:1.8519  450:1.8519  500:1.8519 TEST REPORT=>
CLASS[  0 (  6)] FAIL=16.67% 
CLASS[  1 (  4)] FAIL= 0.00% 
CLASS[  2 (  7)] FAIL= 0.00% 
GENERATION=  181 FITNESS=    -1.852% TEST_ERROR=     5.882%
PROGRAMS=
if(!(x2<(x13+sin((exp(((x13+sin((-93.4)))+(-46.9)))-x8+(x13-(-36.66))*x1)))|x7<x9&!(!(x5<x6|!(x9<=(-61.3)|x12<=sin(x2)))))) CLASS=0.00
else 
if(x3>=x10-x12*x7|x11>(x2/x7)) CLASS=1.00
else 
CLASS=2.00
** CONFUSION MATRIX ** Number of classes: 3
   5    1    0 
   0    4    0 
   0    0    7 
TEST REPORT=>
CLASS[  0 (  6)] FAIL=16.67% 
CLASS[  1 (  4)] FAIL= 0.00% 
CLASS[  2 (  7)] FAIL= 0.00% 
CLASS_ERROR:    5.8823529412 PRECISION:    0.9333333333 RECALL:    0.9444444444 F1SCORE:    0.9388560158
 50:1.8519  100:1.8519  150:1.8519  200:1.8519  250:1.8519  300:1.8519  350:1.8519  400:1.8519  450:1.8519  500:1.8519 TEST REPORT=>
CLASS[  0 (  6)] FAIL=16.67% 
CLASS[  1 (  4)] FAIL= 0.00% 
CLASS[  2 (  7)] FAIL= 0.00% 
GENERATION=  182 FITNESS=    -1.852% TEST_ERROR=     5.882%
PROGRAMS=
if(!(x2<(x13+sin((exp(((x13+sin((-93.4)))+(-46.9)))-x8+(x13-(-36.66))*x1)))|x7<x9&!(!(x5<x6|!(x9<=(-61.3)|x12<=sin(x2)))))) CLASS=0.00
else 
if(x3>=x10-x12*x7|x11>(x2/x7)) CLASS=1.00
else 
CLASS=2.00
** CONFUSION MATRIX ** Number of classes: 3
   5    1    0 
   0    4    0 
   0    0    7 
TEST REPORT=>
CLASS[  0 (  6)] FAIL=16.67% 
CLASS[  1 (  4)] FAIL= 0.00% 
CLASS[  2 (  7)] FAIL= 0.00% 
CLASS_ERROR:    5.8823529412 PRECISION:    0.9333333333 RECALL:    0.9444444444 F1SCORE:    0.9388560158
 50:1.8519  100:1.8519  150:1.8519  200:1.8519  250:1.8519  300:1.8519  350:1.8519  400:1.8519  450:1.8519  500:1.8519 TEST REPORT=>
CLASS[  0 (  6)] FAIL=16.67% 
CLASS[  1 (  4)] FAIL= 0.00% 
CLASS[  2 (  7)] FAIL= 0.00% 
GENERATION=  183 FITNESS=    -1.852% TEST_ERROR=     5.882%
PROGRAMS=
if(!(x2<(x13+sin((exp(((x13+sin((-93.4)))+(-46.9)))-x8+(x13-(-36.66))*x1)))|x7<x9&!(!(x5<x6|!(x9<=(-61.3)|x12<=sin(x2)))))) CLASS=0.00
else 
if(x3>=x10-x12*x7|x11>(x2/x7)) CLASS=1.00
else 
CLASS=2.00
** CONFUSION MATRIX ** Number of classes: 3
   5    1    0 
   0    4    0 
   0    0    7 
TEST REPORT=>
CLASS[  0 (  6)] FAIL=16.67% 
CLASS[  1 (  4)] FAIL= 0.00% 
CLASS[  2 (  7)] FAIL= 0.00% 
CLASS_ERROR:    5.8823529412 PRECISION:    0.9333333333 RECALL:    0.9444444444 F1SCORE:    0.9388560158
 50:1.8519  100:1.8519  150:1.8519  200:1.8519  250:1.8519  300:1.8519  350:1.8519  400:1.8519  450:1.8519  500:1.8519 TEST REPORT=>
CLASS[  0 (  6)] FAIL=16.67% 
CLASS[  1 (  4)] FAIL= 0.00% 
CLASS[  2 (  7)] FAIL= 0.00% 
GENERATION=  184 FITNESS=    -1.852% TEST_ERROR=     5.882%
PROGRAMS=
if(!(x2<(x13+sin((exp(((x13+sin((-93.4)))+(-46.9)))-x8+(x13-(-36.66))*x1)))|x7<x9&!(!(x5<x6|!(x9<=(-61.3)|x12<=sin(x2)))))) CLASS=0.00
else 
if(x3>=x10-x12*x7|x11>(x2/x7)) CLASS=1.00
else 
CLASS=2.00
** CONFUSION MATRIX ** Number of classes: 3
   5    1    0 
   0    4    0 
   0    0    7 
TEST REPORT=>
CLASS[  0 (  6)] FAIL=16.67% 
CLASS[  1 (  4)] FAIL= 0.00% 
CLASS[  2 (  7)] FAIL= 0.00% 
CLASS_ERROR:    5.8823529412 PRECISION:    0.9333333333 RECALL:    0.9444444444 F1SCORE:    0.9388560158
 50:1.8519  100:1.8519  150:1.8519  200:1.8519  250:1.8519  300:1.8519  350:1.8519  400:1.8519  450:1.8519  500:1.8519 TEST REPORT=>
CLASS[  0 (  6)] FAIL=16.67% 
CLASS[  1 (  4)] FAIL= 0.00% 
CLASS[  2 (  7)] FAIL= 0.00% 
GENERATION=  185 FITNESS=    -1.852% TEST_ERROR=     5.882%
PROGRAMS=
if(!(x2<(x13+sin((exp(((x13+sin((-93.4)))+(-46.9)))-x8+(x13-(-36.66))*x1)))|x7<x9&!(!(x5<x6|!(x9<=(-61.3)|x12<=sin(x2)))))) CLASS=0.00
else 
if(x3>=x10-x12*x7|x11>(x2/x7)) CLASS=1.00
else 
CLASS=2.00
** CONFUSION MATRIX ** Number of classes: 3
   5    1    0 
   0    4    0 
   0    0    7 
TEST REPORT=>
CLASS[  0 (  6)] FAIL=16.67% 
CLASS[  1 (  4)] FAIL= 0.00% 
CLASS[  2 (  7)] FAIL= 0.00% 
CLASS_ERROR:    5.8823529412 PRECISION:    0.9333333333 RECALL:    0.9444444444 F1SCORE:    0.9388560158
 50:1.8519  100:1.8519  150:1.8519  200:1.8519  250:1.8519  300:1.8519  350:1.8519  400:1.8519  450:1.8519  500:1.8519 TEST REPORT=>
CLASS[  0 (  6)] FAIL=16.67% 
CLASS[  1 (  4)] FAIL= 0.00% 
CLASS[  2 (  7)] FAIL= 0.00% 
GENERATION=  186 FITNESS=    -1.852% TEST_ERROR=     5.882%
PROGRAMS=
if(!(x2<(x13+sin((exp(((x13+sin((-93.4)))+(-46.9)))-x8+(x13-(-36.66))*x1)))|x7<x9&!(!(x5<x6|!(x9<=(-61.3)|x12<=sin(x2)))))) CLASS=0.00
else 
if(x3>=x10-x12*x7|x11>(x2/x7)) CLASS=1.00
else 
CLASS=2.00
** CONFUSION MATRIX ** Number of classes: 3
   5    1    0 
   0    4    0 
   0    0    7 
TEST REPORT=>
CLASS[  0 (  6)] FAIL=16.67% 
CLASS[  1 (  4)] FAIL= 0.00% 
CLASS[  2 (  7)] FAIL= 0.00% 
CLASS_ERROR:    5.8823529412 PRECISION:    0.9333333333 RECALL:    0.9444444444 F1SCORE:    0.9388560158
 50:1.8519  100:1.8519  150:1.8519  200:1.8519  250:1.8519  300:1.8519  350:1.8519  400:1.8519  450:1.8519  500:1.8519 TEST REPORT=>
CLASS[  0 (  6)] FAIL=16.67% 
CLASS[  1 (  4)] FAIL= 0.00% 
CLASS[  2 (  7)] FAIL= 0.00% 
GENERATION=  187 FITNESS=    -1.852% TEST_ERROR=     5.882%
PROGRAMS=
if(!(x2<(x13+sin((exp(((x13+sin((-93.4)))+(-46.9)))-x8+(x13-(-36.66))*x1)))|x7<x9&!(!(x5<x6|!(x9<=(-61.3)|x12<=sin(x2)))))) CLASS=0.00
else 
if(x3>=x10-x12*x7|x11>(x2/x7)) CLASS=1.00
else 
CLASS=2.00
** CONFUSION MATRIX ** Number of classes: 3
   5    1    0 
   0    4    0 
   0    0    7 
TEST REPORT=>
CLASS[  0 (  6)] FAIL=16.67% 
CLASS[  1 (  4)] FAIL= 0.00% 
CLASS[  2 (  7)] FAIL= 0.00% 
CLASS_ERROR:    5.8823529412 PRECISION:    0.9333333333 RECALL:    0.9444444444 F1SCORE:    0.9388560158
 50:1.8519  100:1.8519  150:1.8519  200:1.8519  250:1.8519  300:1.8519  350:1.8519  400:1.8519  450:1.8519  500:1.8519 TEST REPORT=>
CLASS[  0 (  6)] FAIL=16.67% 
CLASS[  1 (  4)] FAIL= 0.00% 
CLASS[  2 (  7)] FAIL= 0.00% 
GENERATION=  188 FITNESS=    -1.852% TEST_ERROR=     5.882%
PROGRAMS=
if(!(x2<(x13+sin((exp(((x13+sin((-93.4)))+(-46.9)))-x8+(x13-(-36.66))*x1)))|x7<x9&!(!(x5<x6|!(x9<=(-61.3)|x12<=sin(x2)))))) CLASS=0.00
else 
if(x3>=x10-x12*x7|x11>(x2/x7)) CLASS=1.00
else 
CLASS=2.00
** CONFUSION MATRIX ** Number of classes: 3
   5    1    0 
   0    4    0 
   0    0    7 
TEST REPORT=>
CLASS[  0 (  6)] FAIL=16.67% 
CLASS[  1 (  4)] FAIL= 0.00% 
CLASS[  2 (  7)] FAIL= 0.00% 
CLASS_ERROR:    5.8823529412 PRECISION:    0.9333333333 RECALL:    0.9444444444 F1SCORE:    0.9388560158
 50:1.8519  100:1.8519  150:1.8519  200:1.8519  250:1.8519  300:1.8519  350:1.8519  400:1.8519  450:1.8519  500:1.8519 TEST REPORT=>
CLASS[  0 (  6)] FAIL=16.67% 
CLASS[  1 (  4)] FAIL= 0.00% 
CLASS[  2 (  7)] FAIL= 0.00% 
GENERATION=  189 FITNESS=    -1.852% TEST_ERROR=     5.882%
PROGRAMS=
if(!(x2<(x13+sin((exp(((x13+sin((-93.4)))+(-46.9)))-x8+(x13-(-36.66))*x1)))|x7<x9&!(!(x5<x6|!(x9<=(-61.3)|x12<=sin(x2)))))) CLASS=0.00
else 
if(x3>=x10-x12*x7|x11>(x2/x7)) CLASS=1.00
else 
CLASS=2.00
** CONFUSION MATRIX ** Number of classes: 3
   5    1    0 
   0    4    0 
   0    0    7 
TEST REPORT=>
CLASS[  0 (  6)] FAIL=16.67% 
CLASS[  1 (  4)] FAIL= 0.00% 
CLASS[  2 (  7)] FAIL= 0.00% 
CLASS_ERROR:    5.8823529412 PRECISION:    0.9333333333 RECALL:    0.9444444444 F1SCORE:    0.9388560158
 50:1.8519  100:1.8519  150:1.8519  200:1.8519  250:1.8519  300:1.8519  350:1.8519  400:1.8519  450:1.8519  500:1.8519 TEST REPORT=>
CLASS[  0 (  6)] FAIL=16.67% 
CLASS[  1 (  4)] FAIL= 0.00% 
CLASS[  2 (  7)] FAIL= 0.00% 
GENERATION=  190 FITNESS=    -1.852% TEST_ERROR=     5.882%
PROGRAMS=
if(!(x2<(x13+sin((exp(((x13+sin((-93.4)))+(-46.9)))-x8+(x13-(-36.66))*x1)))|x7<x9&!(!(x5<x6|!(x9<=(-61.3)|x12<=sin(x2)))))) CLASS=0.00
else 
if(x3>=x10-x12*x7|x11>(x2/x7)) CLASS=1.00
else 
CLASS=2.00
** CONFUSION MATRIX ** Number of classes: 3
   5    1    0 
   0    4    0 
   0    0    7 
TEST REPORT=>
CLASS[  0 (  6)] FAIL=16.67% 
CLASS[  1 (  4)] FAIL= 0.00% 
CLASS[  2 (  7)] FAIL= 0.00% 
CLASS_ERROR:    5.8823529412 PRECISION:    0.9333333333 RECALL:    0.9444444444 F1SCORE:    0.9388560158
 50:1.8519  100:1.8519  150:1.8519  200:1.8519  250:1.8519  300:1.8519  350:1.8519  400:1.8519  450:1.8519  500:1.8519 TEST REPORT=>
CLASS[  0 (  6)] FAIL=16.67% 
CLASS[  1 (  4)] FAIL= 0.00% 
CLASS[  2 (  7)] FAIL= 0.00% 
GENERATION=  191 FITNESS=    -1.852% TEST_ERROR=     5.882%
PROGRAMS=
if(!(x2<(x13+sin((exp(((x13+sin((-93.4)))+(-46.9)))-x8+(x13-(-36.66))*x1)))|x7<x9&!(!(x5<x6|!(x9<=(-61.3)|x12<=sin(x2)))))) CLASS=0.00
else 
if(x3>=x10-x12*x7|x11>(x2/x7)) CLASS=1.00
else 
CLASS=2.00
** CONFUSION MATRIX ** Number of classes: 3
   5    1    0 
   0    4    0 
   0    0    7 
TEST REPORT=>
CLASS[  0 (  6)] FAIL=16.67% 
CLASS[  1 (  4)] FAIL= 0.00% 
CLASS[  2 (  7)] FAIL= 0.00% 
CLASS_ERROR:    5.8823529412 PRECISION:    0.9333333333 RECALL:    0.9444444444 F1SCORE:    0.9388560158
 50:1.8519  100:1.8519  150:1.8519  200:1.8519  250:1.8519  300:1.8519  350:1.8519  400:1.8519  450:1.8519  500:1.8519 
TARGETED STAGNATION BURST generation=192 stagnation=20
TARGETED_BEST[0] START fitness=-1.8518518519
TARGETED_BEST[0] END fitness=-1.8518518519 accepted=0
TARGETED_BEST[1] START fitness=-1.8518518519
TARGETED_BEST[1] END fitness=-1.8518518519 accepted=0
TARGETED_BEST[2] START fitness=-1.8518518519
TARGETED_BEST[2] END fitness=-1.8518518519 accepted=0
TARGETED_BEST[3] START fitness=-1.8518518519
TARGETED_BEST[3] END fitness=-1.8518518519 accepted=0
TARGETED_BEST[4] START fitness=-1.8518518519
TARGETED_BEST[4] END fitness=-1.8518518519 accepted=0
TARGETED_BEST[5] START fitness=-1.8518518519
TARGETED_BEST[5] END fitness=-1.8518518519 accepted=0
TARGETED_BEST[6] START fitness=-1.8518518519
TARGETED_BEST[6] END fitness=-1.8518518519 accepted=0
TARGETED_BEST[7] START fitness=-1.8518518519
TARGETED_BEST[7] END fitness=-1.8518518519 accepted=0
TARGETED_BEST[8] START fitness=-1.8518518519
TARGETED_BEST[8] END fitness=-1.8518518519 accepted=0
TARGETED_BEST[9] START fitness=-1.8518518519
TARGETED_BEST[9] END fitness=-1.8518518519 accepted=0
TARGETED_BEST[10] START fitness=-1.8518518519
TARGETED_BEST[10] END fitness=-1.8518518519 accepted=0
TARGETED_BEST[11] START fitness=-1.8518518519
TARGETED_BEST[11] END fitness=-1.8518518519 accepted=0
TARGETED_BEST[12] START fitness=-1.8518518519
TARGETED_BEST[12] END fitness=-1.8518518519 accepted=0
TARGETED_BEST[13] START fitness=-1.8518518519
TARGETED_BEST[13] END fitness=-1.8518518519 accepted=0
TARGETED_BEST[14] START fitness=-1.8518518519
TARGETED_BEST[14] END fitness=-1.8518518519 accepted=0
TARGETED_BEST[15] START fitness=-1.8518518519
TARGETED_BEST[15] END fitness=-1.8518518519 accepted=0
TARGETED_BEST[16] START fitness=-1.8518518519
TARGETED_BEST[16] END fitness=-1.8518518519 accepted=0
TARGETED_BEST[17] START fitness=-1.8518518519
TARGETED_BEST[17] END fitness=-1.8518518519 accepted=0
TARGETED_BEST[18] START fitness=-1.8518518519
TARGETED_BEST[18] END fitness=-1.8518518519 accepted=0
TARGETED_BEST[19] START fitness=-1.8518518519
TARGETED_BEST[19] END fitness=-1.8518518519 accepted=0
TEST REPORT=>
CLASS[  0 (  6)] FAIL=16.67% 
CLASS[  1 (  4)] FAIL= 0.00% 
CLASS[  2 (  7)] FAIL= 0.00% 
GENERATION=  192 FITNESS=    -1.852% TEST_ERROR=     5.882%
PROGRAMS=
if(!(x2<(x13+sin((exp(((x13+sin((-93.4)))+(-46.9)))-x8+(x13-(-36.66))*x1)))|x7<x9&!(!(x5<x6|!(x9<=(-61.3)|x12<=sin(x2)))))) CLASS=0.00
else 
if(x3>=x10-x12*x7|x11>(x2/x7)) CLASS=1.00
else 
CLASS=2.00
** CONFUSION MATRIX ** Number of classes: 3
   5    1    0 
   0    4    0 
   0    0    7 
TEST REPORT=>
CLASS[  0 (  6)] FAIL=16.67% 
CLASS[  1 (  4)] FAIL= 0.00% 
CLASS[  2 (  7)] FAIL= 0.00% 
CLASS_ERROR:    5.8823529412 PRECISION:    0.9333333333 RECALL:    0.9444444444 F1SCORE:    0.9388560158
 50:1.8519  100:1.8519  150:1.8519  200:1.8519  250:1.8519  300:1.8519  350:1.8519  400:1.8519  450:1.8519  500:1.8519 TEST REPORT=>
CLASS[  0 (  6)] FAIL=16.67% 
CLASS[  1 (  4)] FAIL= 0.00% 
CLASS[  2 (  7)] FAIL= 0.00% 
GENERATION=  193 FITNESS=    -1.852% TEST_ERROR=     5.882%
PROGRAMS=
if(!(x2<(x13+sin((exp(((x13+sin((-93.4)))+(-46.9)))-x8+(x13-(-36.66))*x1)))|x7<x9&!(!(x5<x6|!(x9<=(-61.3)|x12<=sin(x2)))))) CLASS=0.00
else 
if(x3>=x10-x12*x7|x11>(x2/x7)) CLASS=1.00
else 
CLASS=2.00
** CONFUSION MATRIX ** Number of classes: 3
   5    1    0 
   0    4    0 
   0    0    7 
TEST REPORT=>
CLASS[  0 (  6)] FAIL=16.67% 
CLASS[  1 (  4)] FAIL= 0.00% 
CLASS[  2 (  7)] FAIL= 0.00% 
CLASS_ERROR:    5.8823529412 PRECISION:    0.9333333333 RECALL:    0.9444444444 F1SCORE:    0.9388560158
 50:1.8519  100:1.8519  150:1.8519  200:1.8519  250:1.8519  300:1.8519  350:1.8519  400:1.8519  450:1.8519  500:1.8519 TEST REPORT=>
CLASS[  0 (  6)] FAIL=16.67% 
CLASS[  1 (  4)] FAIL= 0.00% 
CLASS[  2 (  7)] FAIL= 0.00% 
GENERATION=  194 FITNESS=    -1.852% TEST_ERROR=     5.882%
PROGRAMS=
if(!(x2<(x13+sin((exp(((x13+sin((-93.4)))+(-46.9)))-x8+(x13-(-36.66))*x1)))|x7<x9&!(!(x5<x6|!(x9<=(-61.3)|x12<=sin(x2)))))) CLASS=0.00
else 
if(x3>=x10-x12*x7|x11>(x2/x7)) CLASS=1.00
else 
CLASS=2.00
** CONFUSION MATRIX ** Number of classes: 3
   5    1    0 
   0    4    0 
   0    0    7 
TEST REPORT=>
CLASS[  0 (  6)] FAIL=16.67% 
CLASS[  1 (  4)] FAIL= 0.00% 
CLASS[  2 (  7)] FAIL= 0.00% 
CLASS_ERROR:    5.8823529412 PRECISION:    0.9333333333 RECALL:    0.9444444444 F1SCORE:    0.9388560158
 50:1.8519  100:1.8519  150:1.8519  200:1.8519  250:1.8519  300:1.8519  350:1.8519  400:1.8519  450:1.8519  500:1.8519 TEST REPORT=>
CLASS[  0 (  6)] FAIL=16.67% 
CLASS[  1 (  4)] FAIL= 0.00% 
CLASS[  2 (  7)] FAIL= 0.00% 
GENERATION=  195 FITNESS=    -1.852% TEST_ERROR=     5.882%
PROGRAMS=
if(!(x2<(x13+sin((exp(((x13+sin((-93.4)))+(-46.9)))-x8+(x13-(-36.66))*x1)))|x7<x9&!(!(x5<x6|!(x9<=(-61.3)|x12<=sin(x2)))))) CLASS=0.00
else 
if(x3>=x10-x12*x7|x11>(x2/x7)) CLASS=1.00
else 
CLASS=2.00
** CONFUSION MATRIX ** Number of classes: 3
   5    1    0 
   0    4    0 
   0    0    7 
TEST REPORT=>
CLASS[  0 (  6)] FAIL=16.67% 
CLASS[  1 (  4)] FAIL= 0.00% 
CLASS[  2 (  7)] FAIL= 0.00% 
CLASS_ERROR:    5.8823529412 PRECISION:    0.9333333333 RECALL:    0.9444444444 F1SCORE:    0.9388560158
 50:1.8519  100:1.8519  150:1.8519  200:1.8519  250:1.8519  300:1.8519  350:1.8519  400:1.8519  450:1.8519  500:1.8519 TEST REPORT=>
CLASS[  0 (  6)] FAIL=16.67% 
CLASS[  1 (  4)] FAIL= 0.00% 
CLASS[  2 (  7)] FAIL= 0.00% 
GENERATION=  196 FITNESS=    -1.852% TEST_ERROR=     5.882%
PROGRAMS=
if(!(x2<(x13+sin((exp(((x13+sin((-93.4)))+(-46.9)))-x8+(x13-(-36.66))*x1)))|x7<x9&!(!(x5<x6|!(x9<=(-61.3)|x12<=sin(x2)))))) CLASS=0.00
else 
if(x3>=x10-x12*x7|x11>(x2/x7)) CLASS=1.00
else 
CLASS=2.00
** CONFUSION MATRIX ** Number of classes: 3
   5    1    0 
   0    4    0 
   0    0    7 
TEST REPORT=>
CLASS[  0 (  6)] FAIL=16.67% 
CLASS[  1 (  4)] FAIL= 0.00% 
CLASS[  2 (  7)] FAIL= 0.00% 
CLASS_ERROR:    5.8823529412 PRECISION:    0.9333333333 RECALL:    0.9444444444 F1SCORE:    0.9388560158
 50:1.8519  100:1.8519  150:1.8519  200:1.8519  250:1.8519  300:1.8519  350:1.8519  400:1.8519  450:1.8519  500:1.8519 TEST REPORT=>
CLASS[  0 (  6)] FAIL=16.67% 
CLASS[  1 (  4)] FAIL= 0.00% 
CLASS[  2 (  7)] FAIL= 0.00% 
GENERATION=  197 FITNESS=    -1.852% TEST_ERROR=     5.882%
PROGRAMS=
if(!(x2<(x13+sin((exp(((x13+sin((-93.4)))+(-46.9)))-x8+(x13-(-36.66))*x1)))|x7<x9&!(!(x5<x6|!(x9<=(-61.3)|x12<=sin(x2)))))) CLASS=0.00
else 
if(x3>=x10-x12*x7|x11>(x2/x7)) CLASS=1.00
else 
CLASS=2.00
** CONFUSION MATRIX ** Number of classes: 3
   5    1    0 
   0    4    0 
   0    0    7 
TEST REPORT=>
CLASS[  0 (  6)] FAIL=16.67% 
CLASS[  1 (  4)] FAIL= 0.00% 
CLASS[  2 (  7)] FAIL= 0.00% 
CLASS_ERROR:    5.8823529412 PRECISION:    0.9333333333 RECALL:    0.9444444444 F1SCORE:    0.9388560158
 50:1.8519  100:1.8519  150:1.8519  200:1.8519  250:1.8519  300:1.8519  350:1.8519  400:1.8519  450:1.8519  500:1.8519 TEST REPORT=>
CLASS[  0 (  6)] FAIL=16.67% 
CLASS[  1 (  4)] FAIL= 0.00% 
CLASS[  2 (  7)] FAIL= 0.00% 
GENERATION=  198 FITNESS=    -1.852% TEST_ERROR=     5.882%
PROGRAMS=
if(!(x2<(x13+sin((exp(((x13+sin((-93.4)))+(-46.9)))-x8+(x13-(-36.66))*x1)))|x7<x9&!(!(x5<x6|!(x9<=(-61.3)|x12<=sin(x2)))))) CLASS=0.00
else 
if(x3>=x10-x12*x7|x11>(x2/x7)) CLASS=1.00
else 
CLASS=2.00
** CONFUSION MATRIX ** Number of classes: 3
   5    1    0 
   0    4    0 
   0    0    7 
TEST REPORT=>
CLASS[  0 (  6)] FAIL=16.67% 
CLASS[  1 (  4)] FAIL= 0.00% 
CLASS[  2 (  7)] FAIL= 0.00% 
CLASS_ERROR:    5.8823529412 PRECISION:    0.9333333333 RECALL:    0.9444444444 F1SCORE:    0.9388560158
 50:1.8519  100:1.8519  150:1.8519  200:1.8519  250:1.8519  300:1.8519  350:1.8519  400:1.8519  450:1.8519  500:1.8519 TEST REPORT=>
CLASS[  0 (  6)] FAIL=16.67% 
CLASS[  1 (  4)] FAIL= 0.00% 
CLASS[  2 (  7)] FAIL= 0.00% 
GENERATION=  199 FITNESS=    -1.852% TEST_ERROR=     5.882%
PROGRAMS=
if(!(x2<(x13+sin((exp(((x13+sin((-93.4)))+(-46.9)))-x8+(x13-(-36.66))*x1)))|x7<x9&!(!(x5<x6|!(x9<=(-61.3)|x12<=sin(x2)))))) CLASS=0.00
else 
if(x3>=x10-x12*x7|x11>(x2/x7)) CLASS=1.00
else 
CLASS=2.00
** CONFUSION MATRIX ** Number of classes: 3
   5    1    0 
   0    4    0 
   0    0    7 
TEST REPORT=>
CLASS[  0 (  6)] FAIL=16.67% 
CLASS[  1 (  4)] FAIL= 0.00% 
CLASS[  2 (  7)] FAIL= 0.00% 
CLASS_ERROR:    5.8823529412 PRECISION:    0.9333333333 RECALL:    0.9444444444 F1SCORE:    0.9388560158
 50:1.8519  100:1.8519  150:1.8519  200:1.8519  250:1.8519  300:1.8519  350:1.8519  400:1.8519  450:1.8519  500:1.8519 TARGETED[0] START fitness=       -1.8518518519
TARGETED[0] END fitness=       -1.8518518519 accepted=0
TARGETED[123] START fitness=      -17.9012345679
TARGETED[123] iter=4 type=FUNCTION codonPos=9 codon=127->126 rule=3->2 fitness=      -17.9012345679->      -16.0493827160
TARGETED[123] iter=14 type=UNKNOWN codonPos=37 codon=169->165 rule=9->5 fitness=      -16.0493827160->      -14.1975308642
TARGETED[123] iter=17 type=BINARY_OPERATOR codonPos=7 codon=202->200 rule=2->0 fitness=      -14.1975308642->       -1.8518518519
TARGETED[123] END fitness=       -1.8518518519 accepted=3
TARGETED[316] START fitness=      -59.2592592593
TARGETED[316] iter=1 type=VARIABLE codonPos=44 codon=43->44 rule=13->14 fitness=      -59.2592592593->      -58.6419753086
TARGETED[316] iter=23 type=BOOLEAN_OPERATOR codonPos=102 codon=180->182 rule=0->2 fitness=      -58.6419753086->      -46.2962962963
TARGETED[316] iter=35 type=VARIABLE codonPos=119 codon=141->146 rule=6->11 fitness=      -46.2962962963->      -38.2716049383
TARGETED[316] iter=48 type=VARIABLE codonPos=101 codon=56->52 rule=11->7 fitness=      -38.2716049383->      -35.8024691358
TARGETED[316] END fitness=      -35.8024691358 accepted=4
TARGETED[202] START fitness=      -32.7160493827
TARGETED[202] END fitness=      -32.7160493827 accepted=0
TARGETED[347] START fitness=      -67.2839506173
TARGETED[347] iter=1 type=BOOLEAN_OPERATOR codonPos=3 codon=78->76 rule=2->0 fitness=      -67.2839506173->      -32.7160493827
TARGETED[347] iter=5 type=VARIABLE codonPos=7 codon=244->238 rule=4->13 fitness=      -32.7160493827->       -9.2592592593
TARGETED[347] iter=7 type=BINARY_OPERATOR codonPos=82 codon=9->8 rule=1->0 fitness=       -9.2592592593->       -6.1728395062
TARGETED[347] iter=9 type=VARIABLE codonPos=86 codon=91->96 rule=1->6 fitness=       -6.1728395062->       -4.9382716049
TARGETED[347] END fitness=       -4.9382716049 accepted=4
TARGETED[389] START fitness=-100000000.0000000000
TARGETED[389] iter=45 type=VARIABLE codonPos=2 codon=172->178 rule=7->13 fitness=-100000000.0000000000->      -67.2839506173
TARGETED[389] END fitness=      -67.2839506173 accepted=1
TARGETED[122] START fitness=      -16.6666666667
TARGETED[122] iter=3 type=UNKNOWN codonPos=29 codon=36->34 rule=6->4 fitness=      -16.6666666667->      -15.4320987654
TARGETED[122] iter=5 type=VARIABLE codonPos=116 codon=1->10 rule=1->10 fitness=      -15.4320987654->       -8.0246913580
TARGETED[122] iter=47 type=VARIABLE codonPos=110 codon=231->232 rule=6->7 fitness=       -8.0246913580->       -6.7901234568
TARGETED[122] END fitness=       -6.7901234568 accepted=3
TARGETED[125] START fitness=      -19.7530864198
TARGETED[125] iter=4 type=VARIABLE codonPos=6 codon=242->240 rule=2->0 fitness=      -19.7530864198->       -2.4691358025
TARGETED[125] END fitness=       -2.4691358025 accepted=1
TARGETED[366] START fitness=-100000000.0000000000
TARGETED[366] iter=8 type=UNKNOWN codonPos=107 codon=209->208 rule=1->0 fitness=-100000000.0000000000->      -27.7777777778
TARGETED[366] END fitness=      -27.7777777778 accepted=1
TARGETED[256] START fitness=      -40.7407407407
TARGETED[256] iter=3 type=VARIABLE codonPos=110 codon=231->230 rule=6->5 fitness=      -40.7407407407->      -35.8024691358
TARGETED[256] iter=9 type=VARIABLE codonPos=119 codon=141->146 rule=6->11 fitness=      -35.8024691358->      -34.5679012346
TARGETED[256] iter=24 type=VARIABLE codonPos=110 codon=230->227 rule=5->2 fitness=      -34.5679012346->      -33.9506172840
TARGETED[256] iter=28 type=VARIABLE codonPos=109 codon=251->256 rule=11->1 fitness=      -33.9506172840->      -33.3333333333
TARGETED[256] END fitness=      -33.3333333333 accepted=4
TARGETED[86] START fitness=       -6.1728395062
TARGETED[86] END fitness=       -6.1728395062 accepted=0
TARGETED[107] START fitness=       -8.6419753086
TARGETED[107] iter=2 type=VARIABLE codonPos=112 codon=235->236 rule=10->11 fitness=       -8.6419753086->       -4.3209876543
TARGETED[107] END fitness=       -4.3209876543 accepted=1
TARGETED[176] START fitness=      -32.7160493827
TARGETED[176] iter=3 type=BINARY_OPERATOR codonPos=17 codon=162->160 rule=2->0 fitness=      -32.7160493827->       -1.8518518519
TARGETED[176] END fitness=       -1.8518518519 accepted=1
TARGETED[308] START fitness=      -58.6419753086
TARGETED[308] iter=45 type=VARIABLE codonPos=104 codon=59->62 rule=14->2 fitness=      -58.6419753086->      -38.8888888889
TARGETED[308] END fitness=      -38.8888888889 accepted=1
TARGETED[130] START fitness=      -21.6049382716
TARGETED[130] iter=2 type=UNKNOWN codonPos=29 codon=34->33 rule=4->3 fitness=      -21.6049382716->      -19.1358024691
TARGETED[130] iter=4 type=BINARY_OPERATOR codonPos=7 codon=79->80 rule=3->0 fitness=      -19.1358024691->       -2.4691358025
TARGETED[130] iter=27 type=UNKNOWN codonPos=29 codon=33->34 rule=3->4 fitness=       -2.4691358025->       -1.8518518519
TARGETED[130] END fitness=       -1.8518518519 accepted=3
TARGETED[427] START fitness=-100000000.0000000000
TARGETED[427] iter=15 type=VARIABLE codonPos=116 codon=1->14 rule=1->14 fitness=-100000000.0000000000->      -33.3333333333
TARGETED[427] END fitness=      -33.3333333333 accepted=1
TARGETED[485] START fitness=-100000000.0000000000
TARGETED[485] iter=1 type=VARIABLE codonPos=12 codon=245->238 rule=5->13 fitness=-100000000.0000000000->      -32.7160493827
TARGETED[485] END fitness=      -32.7160493827 accepted=1
TARGETED[43] START fitness=       -1.8518518519
TARGETED[43] END fitness=       -1.8518518519 accepted=0
TARGETED[225] START fitness=      -33.3333333333
TARGETED[225] iter=6 type=FUNCTION codonPos=9 codon=17->18 rule=1->2 fitness=      -33.3333333333->       -2.4691358025
TARGETED[225] iter=33 type=BINARY_OPERATOR codonPos=117 codon=96->95 rule=0->3 fitness=       -2.4691358025->       -1.8518518519
TARGETED[225] END fitness=       -1.8518518519 accepted=2
TARGETED[419] START fitness=-100000000.0000000000
TARGETED[419] iter=3 type=BINARY_OPERATOR codonPos=29 codon=34->32 rule=2->0 fitness=-100000000.0000000000->      -60.4938271605
TARGETED[419] iter=4 type=VARIABLE codonPos=107 codon=73->80 rule=13->5 fitness=      -60.4938271605->      -38.8888888889
TARGETED[419] iter=6 type=UNKNOWN codonPos=38 codon=237->236 rule=1->0 fitness=      -38.8888888889->      -35.1851851852
TARGETED[419] iter=13 type=VARIABLE codonPos=107 codon=80->86 rule=5->11 fitness=      -35.1851851852->      -34.5679012346
TARGETED[419] END fitness=      -34.5679012346 accepted=4
TEST REPORT=>
CLASS[  0 (  6)] FAIL=16.67% 
CLASS[  1 (  4)] FAIL= 0.00% 
CLASS[  2 (  7)] FAIL= 0.00% 
GENERATION=  200 FITNESS=    -1.852% TEST_ERROR=     5.882%
PROGRAMS=
if(!(x2<(x13+sin((exp(((x13+sin((-93.4)))+(-46.9)))-x8+(x13-(-36.66))*x1)))|x7<x9&!(!(x5<x6|!(x9<=(-61.3)|x12<=sin(x2)))))) CLASS=0.00
else 
if(x3>=x10-x12*x7|x11>(x2/x7)) CLASS=1.00
else 
CLASS=2.00
** CONFUSION MATRIX ** Number of classes: 3
   5    1    0 
   0    4    0 
   0    0    7 
TEST REPORT=>
CLASS[  0 (  6)] FAIL=16.67% 
CLASS[  1 (  4)] FAIL= 0.00% 
CLASS[  2 (  7)] FAIL= 0.00% 
CLASS_ERROR:    5.8823529412 PRECISION:    0.9333333333 RECALL:    0.9444444444 F1SCORE:    0.9388560158
 50:1.8519  100:1.8519  150:1.8519  200:1.8519  250:1.8519  300:1.8519  350:1.8519  400:1.8519  450:1.8519  500:1.8519 TEST REPORT=>
CLASS[  0 (  6)] FAIL=16.67% 
CLASS[  1 (  4)] FAIL= 0.00% 
CLASS[  2 (  7)] FAIL= 0.00% 
GENERATION=  201 FITNESS=    -1.852% TEST_ERROR=     5.882%
PROGRAMS=
if(!(x2<(x13+sin((exp(((x13+sin((-93.4)))+(-46.9)))-x8+(x13-(-36.66))*x1)))|x7<x9&!(!(x5<x6|!(x9<=(-61.3)|x12<=sin(x2)))))) CLASS=0.00
else 
if(x3>=x10-x12*x7|x11>(x2/x7)) CLASS=1.00
else 
CLASS=2.00
** CONFUSION MATRIX ** Number of classes: 3
   5    1    0 
   0    4    0 
   0    0    7 
TEST REPORT=>
CLASS[  0 (  6)] FAIL=16.67% 
CLASS[  1 (  4)] FAIL= 0.00% 
CLASS[  2 (  7)] FAIL= 0.00% 
CLASS_ERROR:    5.8823529412 PRECISION:    0.9333333333 RECALL:    0.9444444444 F1SCORE:    0.9388560158
 50:1.8519  100:1.8519  150:1.8519  200:1.8519  250:1.8519  300:1.8519  350:1.8519  400:1.8519  450:1.8519  500:1.8519 TEST REPORT=>
CLASS[  0 (  6)] FAIL=16.67% 
CLASS[  1 (  4)] FAIL= 0.00% 
CLASS[  2 (  7)] FAIL= 0.00% 
GENERATION=  202 FITNESS=    -1.852% TEST_ERROR=     5.882%
PROGRAMS=
if(!(x2<(x13+sin((exp(((x13+sin((-93.4)))+(-46.9)))-x8+(x13-(-36.66))*x1)))|x7<x9&!(!(x5<x6|!(x9<=(-61.3)|x12<=sin(x2)))))) CLASS=0.00
else 
if(x3>=x10-x12*x7|x11>(x2/x7)) CLASS=1.00
else 
CLASS=2.00
** CONFUSION MATRIX ** Number of classes: 3
   5    1    0 
   0    4    0 
   0    0    7 
TEST REPORT=>
CLASS[  0 (  6)] FAIL=16.67% 
CLASS[  1 (  4)] FAIL= 0.00% 
CLASS[  2 (  7)] FAIL= 0.00% 
CLASS_ERROR:    5.8823529412 PRECISION:    0.9333333333 RECALL:    0.9444444444 F1SCORE:    0.9388560158
 50:1.8519  100:1.8519  150:1.8519  200:1.8519  250:1.8519  300:1.8519  350:1.8519  400:1.8519  450:1.8519  500:1.8519 TEST REPORT=>
CLASS[  0 (  6)] FAIL=16.67% 
CLASS[  1 (  4)] FAIL= 0.00% 
CLASS[  2 (  7)] FAIL= 0.00% 
GENERATION=  203 FITNESS=    -1.852% TEST_ERROR=     5.882%
PROGRAMS=
if(!(x2<(x13+sin((exp(((x13+sin((-93.4)))+(-46.9)))-x8+(x13-(-36.66))*x1)))|x7<x9&!(!(x5<x6|!(x9<=(-61.3)|x12<=sin(x2)))))) CLASS=0.00
else 
if(x3>=x10-x12*x7|x11>(x2/x7)) CLASS=1.00
else 
CLASS=2.00
** CONFUSION MATRIX ** Number of classes: 3
   5    1    0 
   0    4    0 
   0    0    7 
TEST REPORT=>
CLASS[  0 (  6)] FAIL=16.67% 
CLASS[  1 (  4)] FAIL= 0.00% 
CLASS[  2 (  7)] FAIL= 0.00% 
CLASS_ERROR:    5.8823529412 PRECISION:    0.9333333333 RECALL:    0.9444444444 F1SCORE:    0.9388560158
 50:1.8519  100:1.8519  150:1.8519  200:1.8519  250:1.8519  300:1.8519  350:1.8519  400:1.8519  450:1.8519  500:1.8519 TEST REPORT=>
CLASS[  0 (  6)] FAIL=16.67% 
CLASS[  1 (  4)] FAIL= 0.00% 
CLASS[  2 (  7)] FAIL= 0.00% 
GENERATION=  204 FITNESS=    -1.852% TEST_ERROR=     5.882%
PROGRAMS=
if(!(x2<(x13+sin((exp(((x13+sin((-93.4)))+(-46.9)))-x8+(x13-(-36.66))*x1)))|x7<x9&!(!(x5<x6|!(x9<=(-61.3)|x12<=sin(x2)))))) CLASS=0.00
else 
if(x3>=x10-x12*x7|x11>(x2/x7)) CLASS=1.00
else 
CLASS=2.00
** CONFUSION MATRIX ** Number of classes: 3
   5    1    0 
   0    4    0 
   0    0    7 
TEST REPORT=>
CLASS[  0 (  6)] FAIL=16.67% 
CLASS[  1 (  4)] FAIL= 0.00% 
CLASS[  2 (  7)] FAIL= 0.00% 
CLASS_ERROR:    5.8823529412 PRECISION:    0.9333333333 RECALL:    0.9444444444 F1SCORE:    0.9388560158
 50:1.8519  100:1.8519  150:1.8519  200:1.8519  250:1.8519  300:1.8519  350:1.8519  400:1.8519  450:1.8519  500:1.8519 TEST REPORT=>
CLASS[  0 (  6)] FAIL=16.67% 
CLASS[  1 (  4)] FAIL= 0.00% 
CLASS[  2 (  7)] FAIL= 0.00% 
GENERATION=  205 FITNESS=    -1.852% TEST_ERROR=     5.882%
PROGRAMS=
if(!(x2<(x13+sin((exp(((x13+sin((-93.4)))+(-46.9)))-x8+(x13-(-36.66))*x1)))|x7<x9&!(!(x5<x6|!(x9<=(-61.3)|x12<=sin(x2)))))) CLASS=0.00
else 
if(x3>=x10-x12*x7|x11>(x2/x7)) CLASS=1.00
else 
CLASS=2.00
** CONFUSION MATRIX ** Number of classes: 3
   5    1    0 
   0    4    0 
   0    0    7 
TEST REPORT=>
CLASS[  0 (  6)] FAIL=16.67% 
CLASS[  1 (  4)] FAIL= 0.00% 
CLASS[  2 (  7)] FAIL= 0.00% 
CLASS_ERROR:    5.8823529412 PRECISION:    0.9333333333 RECALL:    0.9444444444 F1SCORE:    0.9388560158
 50:1.8519  100:1.8519  150:1.8519  200:1.8519  250:1.8519  300:1.8519  350:1.8519  400:1.8519  450:1.8519  500:1.8519 TEST REPORT=>
CLASS[  0 (  6)] FAIL=16.67% 
CLASS[  1 (  4)] FAIL= 0.00% 
CLASS[  2 (  7)] FAIL= 0.00% 
GENERATION=  206 FITNESS=    -1.852% TEST_ERROR=     5.882%
PROGRAMS=
if(!(x2<(x13+sin((exp(((x13+sin((-93.4)))+(-46.9)))-x8+(x13-(-36.66))*x1)))|x7<x9&!(!(x5<x6|!(x9<=(-61.3)|x12<=sin(x2)))))) CLASS=0.00
else 
if(x3>=x10-x12*x7|x11>(x2/x7)) CLASS=1.00
else 
CLASS=2.00
** CONFUSION MATRIX ** Number of classes: 3
   5    1    0 
   0    4    0 
   0    0    7 
TEST REPORT=>
CLASS[  0 (  6)] FAIL=16.67% 
CLASS[  1 (  4)] FAIL= 0.00% 
CLASS[  2 (  7)] FAIL= 0.00% 
CLASS_ERROR:    5.8823529412 PRECISION:    0.9333333333 RECALL:    0.9444444444 F1SCORE:    0.9388560158
 50:1.8519  100:1.8519  150:1.8519  200:1.8519  250:1.8519  300:1.8519  350:1.8519  400:1.8519  450:1.8519  500:1.8519 TEST REPORT=>
CLASS[  0 (  6)] FAIL=16.67% 
CLASS[  1 (  4)] FAIL= 0.00% 
CLASS[  2 (  7)] FAIL= 0.00% 
GENERATION=  207 FITNESS=    -1.852% TEST_ERROR=     5.882%
PROGRAMS=
if(!(x2<(x13+sin((exp(((x13+sin((-93.4)))+(-46.9)))-x8+(x13-(-36.66))*x1)))|x7<x9&!(!(x5<x6|!(x9<=(-61.3)|x12<=sin(x2)))))) CLASS=0.00
else 
if(x3>=x10-x12*x7|x11>(x2/x7)) CLASS=1.00
else 
CLASS=2.00
** CONFUSION MATRIX ** Number of classes: 3
   5    1    0 
   0    4    0 
   0    0    7 
TEST REPORT=>
CLASS[  0 (  6)] FAIL=16.67% 
CLASS[  1 (  4)] FAIL= 0.00% 
CLASS[  2 (  7)] FAIL= 0.00% 
CLASS_ERROR:    5.8823529412 PRECISION:    0.9333333333 RECALL:    0.9444444444 F1SCORE:    0.9388560158
 50:1.8519  100:1.8519  150:1.8519  200:1.8519  250:1.8519  300:1.8519  350:1.8519  400:1.8519  450:1.8519  500:1.8519 TEST REPORT=>
CLASS[  0 (  6)] FAIL=16.67% 
CLASS[  1 (  4)] FAIL= 0.00% 
CLASS[  2 (  7)] FAIL= 0.00% 
GENERATION=  208 FITNESS=    -1.852% TEST_ERROR=     5.882%
PROGRAMS=
if(!(x2<(x13+sin((exp(((x13+sin((-93.4)))+(-46.9)))-x8+(x13-(-36.66))*x1)))|x7<x9&!(!(x5<x6|!(x9<=(-61.3)|x12<=sin(x2)))))) CLASS=0.00
else 
if(x3>=x10-x12*x7|x11>(x2/x7)) CLASS=1.00
else 
CLASS=2.00
** CONFUSION MATRIX ** Number of classes: 3
   5    1    0 
   0    4    0 
   0    0    7 
TEST REPORT=>
CLASS[  0 (  6)] FAIL=16.67% 
CLASS[  1 (  4)] FAIL= 0.00% 
CLASS[  2 (  7)] FAIL= 0.00% 
CLASS_ERROR:    5.8823529412 PRECISION:    0.9333333333 RECALL:    0.9444444444 F1SCORE:    0.9388560158
 50:1.8519  100:1.8519  150:1.8519  200:1.8519  250:1.8519  300:1.8519  350:1.8519  400:1.8519  450:1.8519  500:1.8519 TEST REPORT=>
CLASS[  0 (  6)] FAIL=16.67% 
CLASS[  1 (  4)] FAIL= 0.00% 
CLASS[  2 (  7)] FAIL= 0.00% 
GENERATION=  209 FITNESS=    -1.852% TEST_ERROR=     5.882%
PROGRAMS=
if(!(x2<(x13+sin((exp(((x13+sin((-93.4)))+(-46.9)))-x8+(x13-(-36.66))*x1)))|x7<x9&!(!(x5<x6|!(x9<=(-61.3)|x12<=sin(x2)))))) CLASS=0.00
else 
if(x3>=x10-x12*x7|x11>(x2/x7)) CLASS=1.00
else 
CLASS=2.00
** CONFUSION MATRIX ** Number of classes: 3
   5    1    0 
   0    4    0 
   0    0    7 
TEST REPORT=>
CLASS[  0 (  6)] FAIL=16.67% 
CLASS[  1 (  4)] FAIL= 0.00% 
CLASS[  2 (  7)] FAIL= 0.00% 
CLASS_ERROR:    5.8823529412 PRECISION:    0.9333333333 RECALL:    0.9444444444 F1SCORE:    0.9388560158
 50:1.8519  100:1.8519  150:1.8519  200:1.8519  250:1.8519  300:1.8519  350:1.8519  400:1.8519  450:1.8519  500:1.8519 TEST REPORT=>
CLASS[  0 (  6)] FAIL=16.67% 
CLASS[  1 (  4)] FAIL= 0.00% 
CLASS[  2 (  7)] FAIL= 0.00% 
GENERATION=  210 FITNESS=    -1.852% TEST_ERROR=     5.882%
PROGRAMS=
if(!(x2<(x13+sin((exp(((x13+sin((-93.4)))+(-46.9)))-x8+(x13-(-36.66))*x1)))|x7<x9&!(!(x5<x6|!(x9<=(-61.3)|x12<=sin(x2)))))) CLASS=0.00
else 
if(x3>=x10-x12*x7|x11>(x2/x7)) CLASS=1.00
else 
CLASS=2.00
** CONFUSION MATRIX ** Number of classes: 3
   5    1    0 
   0    4    0 
   0    0    7 
TEST REPORT=>
CLASS[  0 (  6)] FAIL=16.67% 
CLASS[  1 (  4)] FAIL= 0.00% 
CLASS[  2 (  7)] FAIL= 0.00% 
CLASS_ERROR:    5.8823529412 PRECISION:    0.9333333333 RECALL:    0.9444444444 F1SCORE:    0.9388560158
 50:1.8519  100:1.8519  150:1.8519  200:1.8519  250:1.8519  300:1.8519  350:1.8519  400:1.8519  450:1.8519  500:1.8519 TEST REPORT=>
CLASS[  0 (  6)] FAIL=16.67% 
CLASS[  1 (  4)] FAIL= 0.00% 
CLASS[  2 (  7)] FAIL= 0.00% 
GENERATION=  211 FITNESS=    -1.852% TEST_ERROR=     5.882%
PROGRAMS=
if(!(x2<(x13+sin((exp(((x13+sin((-93.4)))+(-46.9)))-x8+(x13-(-36.66))*x1)))|x7<x9&!(!(x5<x6|!(x9<=(-61.3)|x12<=sin(x2)))))) CLASS=0.00
else 
if(x3>=x10-x12*x7|x11>(x2/x7)) CLASS=1.00
else 
CLASS=2.00
** CONFUSION MATRIX ** Number of classes: 3
   5    1    0 
   0    4    0 
   0    0    7 
TEST REPORT=>
CLASS[  0 (  6)] FAIL=16.67% 
CLASS[  1 (  4)] FAIL= 0.00% 
CLASS[  2 (  7)] FAIL= 0.00% 
CLASS_ERROR:    5.8823529412 PRECISION:    0.9333333333 RECALL:    0.9444444444 F1SCORE:    0.9388560158
 50:1.8519  100:1.8519  150:1.8519  200:1.8519  250:1.8519  300:1.8519  350:1.8519  400:1.8519  450:1.8519  500:1.8519 
TARGETED STAGNATION BURST generation=212 stagnation=20
TARGETED_BEST[0] START fitness=-1.8518518519
TARGETED_BEST[0] END fitness=-1.8518518519 accepted=0
TARGETED_BEST[1] START fitness=-1.8518518519
TARGETED_BEST[1] END fitness=-1.8518518519 accepted=0
TARGETED_BEST[2] START fitness=-1.8518518519
TARGETED_BEST[2] END fitness=-1.8518518519 accepted=0
TARGETED_BEST[3] START fitness=-1.8518518519
TARGETED_BEST[3] END fitness=-1.8518518519 accepted=0
TARGETED_BEST[4] START fitness=-1.8518518519
TARGETED_BEST[4] END fitness=-1.8518518519 accepted=0
TARGETED_BEST[5] START fitness=-1.8518518519
TARGETED_BEST[5] END fitness=-1.8518518519 accepted=0
TARGETED_BEST[6] START fitness=-1.8518518519
TARGETED_BEST[6] END fitness=-1.8518518519 accepted=0
TARGETED_BEST[7] START fitness=-1.8518518519
TARGETED_BEST[7] END fitness=-1.8518518519 accepted=0
TARGETED_BEST[8] START fitness=-1.8518518519
TARGETED_BEST[8] END fitness=-1.8518518519 accepted=0
TARGETED_BEST[9] START fitness=-1.8518518519
TARGETED_BEST[9] END fitness=-1.8518518519 accepted=0
TARGETED_BEST[10] START fitness=-1.8518518519
TARGETED_BEST[10] END fitness=-1.8518518519 accepted=0
TARGETED_BEST[11] START fitness=-1.8518518519
TARGETED_BEST[11] END fitness=-1.8518518519 accepted=0
TARGETED_BEST[12] START fitness=-1.8518518519
TARGETED_BEST[12] END fitness=-1.8518518519 accepted=0
TARGETED_BEST[13] START fitness=-1.8518518519
TARGETED_BEST[13] END fitness=-1.8518518519 accepted=0
TARGETED_BEST[14] START fitness=-1.8518518519
TARGETED_BEST[14] END fitness=-1.8518518519 accepted=0
TARGETED_BEST[15] START fitness=-1.8518518519
TARGETED_BEST[15] END fitness=-1.8518518519 accepted=0
TARGETED_BEST[16] START fitness=-1.8518518519
TARGETED_BEST[16] END fitness=-1.8518518519 accepted=0
TARGETED_BEST[17] START fitness=-1.8518518519
TARGETED_BEST[17] END fitness=-1.8518518519 accepted=0
TARGETED_BEST[18] START fitness=-1.8518518519
TARGETED_BEST[18] END fitness=-1.8518518519 accepted=0
TARGETED_BEST[19] START fitness=-1.8518518519
TARGETED_BEST[19] END fitness=-1.8518518519 accepted=0
TEST REPORT=>
CLASS[  0 (  6)] FAIL=16.67% 
CLASS[  1 (  4)] FAIL= 0.00% 
CLASS[  2 (  7)] FAIL= 0.00% 
GENERATION=  212 FITNESS=    -1.852% TEST_ERROR=     5.882%
PROGRAMS=
if(!(x2<(x13+sin((exp(((x13+sin((-93.4)))+(-46.9)))-x8+(x13-(-36.66))*x1)))|x7<x9&!(!(x5<x6|!(x9<=(-61.3)|x12<=sin(x2)))))) CLASS=0.00
else 
if(x3>=x10-x12*x7|x11>(x2/x7)) CLASS=1.00
else 
CLASS=2.00
** CONFUSION MATRIX ** Number of classes: 3
   5    1    0 
   0    4    0 
   0    0    7 
TEST REPORT=>
CLASS[  0 (  6)] FAIL=16.67% 
CLASS[  1 (  4)] FAIL= 0.00% 
CLASS[  2 (  7)] FAIL= 0.00% 
CLASS_ERROR:    5.8823529412 PRECISION:    0.9333333333 RECALL:    0.9444444444 F1SCORE:    0.9388560158
 50:1.8519  100:1.8519  150:1.8519  200:1.8519  250:1.8519  300:1.8519  350:1.8519  400:1.8519  450:1.8519  500:1.8519 TEST REPORT=>
CLASS[  0 (  6)] FAIL=16.67% 
CLASS[  1 (  4)] FAIL= 0.00% 
CLASS[  2 (  7)] FAIL= 0.00% 
GENERATION=  213 FITNESS=    -1.852% TEST_ERROR=     5.882%
PROGRAMS=
if(!(x2<(x13+sin((exp(((x13+sin((-93.4)))+(-46.9)))-x8+(x13-(-36.66))*x1)))|x7<x9&!(!(x5<x6|!(x9<=(-61.3)|x12<=sin(x2)))))) CLASS=0.00
else 
if(x3>=x10-x12*x7|x11>(x2/x7)) CLASS=1.00
else 
CLASS=2.00
** CONFUSION MATRIX ** Number of classes: 3
   5    1    0 
   0    4    0 
   0    0    7 
TEST REPORT=>
CLASS[  0 (  6)] FAIL=16.67% 
CLASS[  1 (  4)] FAIL= 0.00% 
CLASS[  2 (  7)] FAIL= 0.00% 
CLASS_ERROR:    5.8823529412 PRECISION:    0.9333333333 RECALL:    0.9444444444 F1SCORE:    0.9388560158
 50:1.8519  100:1.8519  150:1.8519  200:1.8519  250:1.8519  300:1.8519  350:1.8519  400:1.8519  450:1.8519  500:1.8519 TEST REPORT=>
CLASS[  0 (  6)] FAIL=16.67% 
CLASS[  1 (  4)] FAIL= 0.00% 
CLASS[  2 (  7)] FAIL= 0.00% 
GENERATION=  214 FITNESS=    -1.852% TEST_ERROR=     5.882%
PROGRAMS=
if(!(x2<(x13+sin((exp(((x13+sin((-93.4)))+(-46.9)))-x8+(x13-(-36.66))*x1)))|x7<x9&!(!(x5<x6|!(x9<=(-61.3)|x12<=sin(x2)))))) CLASS=0.00
else 
if(x3>=x10-x12*x7|x11>(x2/x7)) CLASS=1.00
else 
CLASS=2.00
** CONFUSION MATRIX ** Number of classes: 3
   5    1    0 
   0    4    0 
   0    0    7 
TEST REPORT=>
CLASS[  0 (  6)] FAIL=16.67% 
CLASS[  1 (  4)] FAIL= 0.00% 
CLASS[  2 (  7)] FAIL= 0.00% 
CLASS_ERROR:    5.8823529412 PRECISION:    0.9333333333 RECALL:    0.9444444444 F1SCORE:    0.9388560158
 50:1.8519  100:1.8519  150:1.8519  200:1.8519  250:1.8519  300:1.8519  350:1.8519  400:1.8519  450:1.8519  500:1.8519 TEST REPORT=>
CLASS[  0 (  6)] FAIL=16.67% 
CLASS[  1 (  4)] FAIL= 0.00% 
CLASS[  2 (  7)] FAIL= 0.00% 
GENERATION=  215 FITNESS=    -1.852% TEST_ERROR=     5.882%
PROGRAMS=
if(!(x2<(x13+sin((exp(((x13+sin((-93.4)))+(-46.9)))-x8+(x13-(-36.66))*x1)))|x7<x9&!(!(x5<x6|!(x9<=(-61.3)|x12<=sin(x2)))))) CLASS=0.00
else 
if(x3>=x10-x12*x7|x11>(x2/x7)) CLASS=1.00
else 
CLASS=2.00
** CONFUSION MATRIX ** Number of classes: 3
   5    1    0 
   0    4    0 
   0    0    7 
TEST REPORT=>
CLASS[  0 (  6)] FAIL=16.67% 
CLASS[  1 (  4)] FAIL= 0.00% 
CLASS[  2 (  7)] FAIL= 0.00% 
CLASS_ERROR:    5.8823529412 PRECISION:    0.9333333333 RECALL:    0.9444444444 F1SCORE:    0.9388560158
 50:1.8519  100:1.8519  150:1.8519  200:1.8519  250:1.8519  300:1.8519  350:1.8519  400:1.8519  450:1.8519  500:1.8519 TEST REPORT=>
CLASS[  0 (  6)] FAIL=16.67% 
CLASS[  1 (  4)] FAIL= 0.00% 
CLASS[  2 (  7)] FAIL= 0.00% 
GENERATION=  216 FITNESS=    -1.852% TEST_ERROR=     5.882%
PROGRAMS=
if(!(x2<(x13+sin((exp(((x13+sin((-93.4)))+(-46.9)))-x8+(x13-(-36.66))*x1)))|x7<x9&!(!(x5<x6|!(x9<=(-61.3)|x12<=sin(x2)))))) CLASS=0.00
else 
if(x3>=x10-x12*x7|x11>(x2/x7)) CLASS=1.00
else 
CLASS=2.00
** CONFUSION MATRIX ** Number of classes: 3
   5    1    0 
   0    4    0 
   0    0    7 
TEST REPORT=>
CLASS[  0 (  6)] FAIL=16.67% 
CLASS[  1 (  4)] FAIL= 0.00% 
CLASS[  2 (  7)] FAIL= 0.00% 
CLASS_ERROR:    5.8823529412 PRECISION:    0.9333333333 RECALL:    0.9444444444 F1SCORE:    0.9388560158
 50:1.8519  100:1.8519  150:1.8519  200:1.8519  250:1.8519  300:1.8519  350:1.8519  400:1.8519  450:1.8519  500:1.8519 TEST REPORT=>
CLASS[  0 (  6)] FAIL=16.67% 
CLASS[  1 (  4)] FAIL= 0.00% 
CLASS[  2 (  7)] FAIL= 0.00% 
GENERATION=  217 FITNESS=    -1.852% TEST_ERROR=     5.882%
PROGRAMS=
if(!(x2<(x13+sin((exp(((x13+sin((-93.4)))+(-46.9)))-x8+(x13-(-36.66))*x1)))|x7<x9&!(!(x5<x6|!(x9<=(-61.3)|x12<=sin(x2)))))) CLASS=0.00
else 
if(x3>=x10-x12*x7|x11>(x2/x7)) CLASS=1.00
else 
CLASS=2.00
** CONFUSION MATRIX ** Number of classes: 3
   5    1    0 
   0    4    0 
   0    0    7 
TEST REPORT=>
CLASS[  0 (  6)] FAIL=16.67% 
CLASS[  1 (  4)] FAIL= 0.00% 
CLASS[  2 (  7)] FAIL= 0.00% 
CLASS_ERROR:    5.8823529412 PRECISION:    0.9333333333 RECALL:    0.9444444444 F1SCORE:    0.9388560158
 50:1.8519  100:1.8519  150:1.8519  200:1.8519  250:1.8519  300:1.8519  350:1.8519  400:1.8519  450:1.8519  500:1.8519 TEST REPORT=>
CLASS[  0 (  6)] FAIL=16.67% 
CLASS[  1 (  4)] FAIL= 0.00% 
CLASS[  2 (  7)] FAIL= 0.00% 
GENERATION=  218 FITNESS=    -1.852% TEST_ERROR=     5.882%
PROGRAMS=
if(!(x2<(x13+sin((exp(((x13+sin((-93.4)))+(-46.9)))-x8+(x13-(-36.66))*x1)))|x7<x9&!(!(x5<x6|!(x9<=(-61.3)|x12<=sin(x2)))))) CLASS=0.00
else 
if(x3>=x10-x12*x7|x11>(x2/x7)) CLASS=1.00
else 
CLASS=2.00
** CONFUSION MATRIX ** Number of classes: 3
   5    1    0 
   0    4    0 
   0    0    7 
TEST REPORT=>
CLASS[  0 (  6)] FAIL=16.67% 
CLASS[  1 (  4)] FAIL= 0.00% 
CLASS[  2 (  7)] FAIL= 0.00% 
CLASS_ERROR:    5.8823529412 PRECISION:    0.9333333333 RECALL:    0.9444444444 F1SCORE:    0.9388560158
 50:1.8519  100:1.8519  150:1.8519  200:1.8519  250:1.8519  300:1.8519  350:1.8519  400:1.8519  450:1.8519  500:1.8519 TEST REPORT=>
CLASS[  0 (  6)] FAIL=16.67% 
CLASS[  1 (  4)] FAIL= 0.00% 
CLASS[  2 (  7)] FAIL= 0.00% 
GENERATION=  219 FITNESS=    -1.852% TEST_ERROR=     5.882%
PROGRAMS=
if(!(x2<(x13+sin((exp(((x13+sin((-93.4)))+(-46.9)))-x8+(x13-(-36.66))*x1)))|x7<x9&!(!(x5<x6|!(x9<=(-61.3)|x12<=sin(x2)))))) CLASS=0.00
else 
if(x3>=x10-x12*x7|x11>(x2/x7)) CLASS=1.00
else 
CLASS=2.00
** CONFUSION MATRIX ** Number of classes: 3
   5    1    0 
   0    4    0 
   0    0    7 
TEST REPORT=>
CLASS[  0 (  6)] FAIL=16.67% 
CLASS[  1 (  4)] FAIL= 0.00% 
CLASS[  2 (  7)] FAIL= 0.00% 
CLASS_ERROR:    5.8823529412 PRECISION:    0.9333333333 RECALL:    0.9444444444 F1SCORE:    0.9388560158
 50:1.8519  100:1.8519  150:1.8519  200:1.8519  250:1.8519  300:1.8519  350:1.8519  400:1.8519  450:1.8519  500:1.8519 TEST REPORT=>
CLASS[  0 (  6)] FAIL=16.67% 
CLASS[  1 (  4)] FAIL= 0.00% 
CLASS[  2 (  7)] FAIL= 0.00% 
GENERATION=  220 FITNESS=    -1.852% TEST_ERROR=     5.882%
PROGRAMS=
if(!(x2<(x13+sin((exp(((x13+sin((-93.4)))+(-46.9)))-x8+(x13-(-36.66))*x1)))|x7<x9&!(!(x5<x6|!(x9<=(-61.3)|x12<=sin(x2)))))) CLASS=0.00
else 
if(x3>=x10-x12*x7|x11>(x2/x7)) CLASS=1.00
else 
CLASS=2.00
** CONFUSION MATRIX ** Number of classes: 3
   5    1    0 
   0    4    0 
   0    0    7 
TEST REPORT=>
CLASS[  0 (  6)] FAIL=16.67% 
CLASS[  1 (  4)] FAIL= 0.00% 
CLASS[  2 (  7)] FAIL= 0.00% 
CLASS_ERROR:    5.8823529412 PRECISION:    0.9333333333 RECALL:    0.9444444444 F1SCORE:    0.9388560158
 50:1.8519  100:1.8519  150:1.8519  200:1.8519  250:1.8519  300:1.8519  350:1.8519  400:1.8519  450:1.8519  500:1.8519 TEST REPORT=>
CLASS[  0 (  6)] FAIL=16.67% 
CLASS[  1 (  4)] FAIL= 0.00% 
CLASS[  2 (  7)] FAIL= 0.00% 
GENERATION=  221 FITNESS=    -1.852% TEST_ERROR=     5.882%
PROGRAMS=
if(!(x2<(x13+sin((exp(((x13+sin((-93.4)))+(-46.9)))-x8+(x13-(-36.66))*x1)))|x7<x9&!(!(x5<x6|!(x9<=(-61.3)|x12<=sin(x2)))))) CLASS=0.00
else 
if(x3>=x10-x12*x7|x11>(x2/x7)) CLASS=1.00
else 
CLASS=2.00
** CONFUSION MATRIX ** Number of classes: 3
   5    1    0 
   0    4    0 
   0    0    7 
TEST REPORT=>
CLASS[  0 (  6)] FAIL=16.67% 
CLASS[  1 (  4)] FAIL= 0.00% 
CLASS[  2 (  7)] FAIL= 0.00% 
CLASS_ERROR:    5.8823529412 PRECISION:    0.9333333333 RECALL:    0.9444444444 F1SCORE:    0.9388560158
 50:1.8519  100:1.8519  150:1.8519  200:1.8519  250:1.8519  300:1.8519  350:1.8519  400:1.8519  450:1.8519  500:1.8519 TEST REPORT=>
CLASS[  0 (  6)] FAIL=16.67% 
CLASS[  1 (  4)] FAIL= 0.00% 
CLASS[  2 (  7)] FAIL= 0.00% 
GENERATION=  222 FITNESS=    -1.852% TEST_ERROR=     5.882%
PROGRAMS=
if(!(x2<(x13+sin((exp(((x13+sin((-93.4)))+(-46.9)))-x8+(x13-(-36.66))*x1)))|x7<x9&!(!(x5<x6|!(x9<=(-61.3)|x12<=sin(x2)))))) CLASS=0.00
else 
if(x3>=x10-x12*x7|x11>(x2/x7)) CLASS=1.00
else 
CLASS=2.00
** CONFUSION MATRIX ** Number of classes: 3
   5    1    0 
   0    4    0 
   0    0    7 
TEST REPORT=>
CLASS[  0 (  6)] FAIL=16.67% 
CLASS[  1 (  4)] FAIL= 0.00% 
CLASS[  2 (  7)] FAIL= 0.00% 
CLASS_ERROR:    5.8823529412 PRECISION:    0.9333333333 RECALL:    0.9444444444 F1SCORE:    0.9388560158
 50:1.8519  100:1.8519  150:1.8519  200:1.8519  250:1.8519  300:1.8519  350:1.8519  400:1.8519  450:1.8519  500:1.8519 TEST REPORT=>
CLASS[  0 (  6)] FAIL=16.67% 
CLASS[  1 (  4)] FAIL= 0.00% 
CLASS[  2 (  7)] FAIL= 0.00% 
GENERATION=  223 FITNESS=    -1.852% TEST_ERROR=     5.882%
PROGRAMS=
if(!(x2<(x13+sin((exp(((x13+sin((-93.4)))+(-46.9)))-x8+(x13-(-36.66))*x1)))|x7<x9&!(!(x5<x6|!(x9<=(-61.3)|x12<=sin(x2)))))) CLASS=0.00
else 
if(x3>=x10-x12*x7|x11>(x2/x7)) CLASS=1.00
else 
CLASS=2.00
** CONFUSION MATRIX ** Number of classes: 3
   5    1    0 
   0    4    0 
   0    0    7 
TEST REPORT=>
CLASS[  0 (  6)] FAIL=16.67% 
CLASS[  1 (  4)] FAIL= 0.00% 
CLASS[  2 (  7)] FAIL= 0.00% 
CLASS_ERROR:    5.8823529412 PRECISION:    0.9333333333 RECALL:    0.9444444444 F1SCORE:    0.9388560158
 50:1.8519  100:1.8519  150:1.8519  200:1.8519  250:1.8519  300:1.8519  350:1.8519  400:1.8519  450:1.8519  500:1.8519 TEST REPORT=>
CLASS[  0 (  6)] FAIL=16.67% 
CLASS[  1 (  4)] FAIL= 0.00% 
CLASS[  2 (  7)] FAIL= 0.00% 
GENERATION=  224 FITNESS=    -1.852% TEST_ERROR=     5.882%
PROGRAMS=
if(!(x2<(x13+sin((exp(((x13+sin((-93.4)))+(-46.9)))-x8+(x13-(-36.66))*x1)))|x7<x9&!(!(x5<x6|!(x9<=(-61.3)|x12<=sin(x2)))))) CLASS=0.00
else 
if(x3>=x10-x12*x7|x11>(x2/x7)) CLASS=1.00
else 
CLASS=2.00
** CONFUSION MATRIX ** Number of classes: 3
   5    1    0 
   0    4    0 
   0    0    7 
TEST REPORT=>
CLASS[  0 (  6)] FAIL=16.67% 
CLASS[  1 (  4)] FAIL= 0.00% 
CLASS[  2 (  7)] FAIL= 0.00% 
CLASS_ERROR:    5.8823529412 PRECISION:    0.9333333333 RECALL:    0.9444444444 F1SCORE:    0.9388560158
 50:1.8519  100:1.8519  150:1.8519  200:1.8519  250:1.8519  300:1.8519  350:1.8519  400:1.8519  450:1.8519  500:1.8519 TEST REPORT=>
CLASS[  0 (  6)] FAIL=16.67% 
CLASS[  1 (  4)] FAIL= 0.00% 
CLASS[  2 (  7)] FAIL= 0.00% 
GENERATION=  225 FITNESS=    -1.852% TEST_ERROR=     5.882%
PROGRAMS=
if(!(x2<(x13+sin((exp(((x13+sin((-93.4)))+(-46.9)))-x8+(x13-(-36.66))*x1)))|x7<x9&!(!(x5<x6|!(x9<=(-61.3)|x12<=sin(x2)))))) CLASS=0.00
else 
if(x3>=x10-x12*x7|x11>(x2/x7)) CLASS=1.00
else 
CLASS=2.00
** CONFUSION MATRIX ** Number of classes: 3
   5    1    0 
   0    4    0 
   0    0    7 
TEST REPORT=>
CLASS[  0 (  6)] FAIL=16.67% 
CLASS[  1 (  4)] FAIL= 0.00% 
CLASS[  2 (  7)] FAIL= 0.00% 
CLASS_ERROR:    5.8823529412 PRECISION:    0.9333333333 RECALL:    0.9444444444 F1SCORE:    0.9388560158
 50:1.8519  100:1.8519  150:1.8519  200:1.8519  250:1.8519  300:1.8519  350:1.8519  400:1.8519  450:1.8519  500:1.8519 TEST REPORT=>
CLASS[  0 (  6)] FAIL=16.67% 
CLASS[  1 (  4)] FAIL= 0.00% 
CLASS[  2 (  7)] FAIL= 0.00% 
GENERATION=  226 FITNESS=    -1.852% TEST_ERROR=     5.882%
PROGRAMS=
if(!(x2<(x13+sin((exp(((x13+sin((-93.4)))+(-46.9)))-x8+(x13-(-36.66))*x1)))|x7<x9&!(!(x5<x6|!(x9<=(-61.3)|x12<=sin(x2)))))) CLASS=0.00
else 
if(x3>=x10-x12*x7|x11>(x2/x7)) CLASS=1.00
else 
CLASS=2.00
** CONFUSION MATRIX ** Number of classes: 3
   5    1    0 
   0    4    0 
   0    0    7 
TEST REPORT=>
CLASS[  0 (  6)] FAIL=16.67% 
CLASS[  1 (  4)] FAIL= 0.00% 
CLASS[  2 (  7)] FAIL= 0.00% 
CLASS_ERROR:    5.8823529412 PRECISION:    0.9333333333 RECALL:    0.9444444444 F1SCORE:    0.9388560158
 50:1.8519  100:1.8519  150:1.8519  200:1.8519  250:1.8519  300:1.8519  350:1.8519  400:1.8519  450:1.8519  500:1.8519 TEST REPORT=>
CLASS[  0 (  6)] FAIL=16.67% 
CLASS[  1 (  4)] FAIL= 0.00% 
CLASS[  2 (  7)] FAIL= 0.00% 
GENERATION=  227 FITNESS=    -1.852% TEST_ERROR=     5.882%
PROGRAMS=
if(!(x2<(x13+sin((exp(((x13+sin((-93.4)))+(-46.9)))-x8+(x13-(-36.66))*x1)))|x7<x9&!(!(x5<x6|!(x9<=(-61.3)|x12<=sin(x2)))))) CLASS=0.00
else 
if(x3>=x10-x12*x7|x11>(x2/x7)) CLASS=1.00
else 
CLASS=2.00
** CONFUSION MATRIX ** Number of classes: 3
   5    1    0 
   0    4    0 
   0    0    7 
TEST REPORT=>
CLASS[  0 (  6)] FAIL=16.67% 
CLASS[  1 (  4)] FAIL= 0.00% 
CLASS[  2 (  7)] FAIL= 0.00% 
CLASS_ERROR:    5.8823529412 PRECISION:    0.9333333333 RECALL:    0.9444444444 F1SCORE:    0.9388560158
 50:1.8519  100:1.8519  150:1.8519  200:1.8519  250:1.8519  300:1.8519  350:1.8519  400:1.8519  450:1.8519  500:1.8519 TEST REPORT=>
CLASS[  0 (  6)] FAIL=16.67% 
CLASS[  1 (  4)] FAIL= 0.00% 
CLASS[  2 (  7)] FAIL= 0.00% 
GENERATION=  228 FITNESS=    -1.852% TEST_ERROR=     5.882%
PROGRAMS=
if(!(x2<(x13+sin((exp(((x13+sin((-93.4)))+(-46.9)))-x8+(x13-(-36.66))*x1)))|x7<x9&!(!(x5<x6|!(x9<=(-61.3)|x12<=sin(x2)))))) CLASS=0.00
else 
if(x3>=x10-x12*x7|x11>(x2/x7)) CLASS=1.00
else 
CLASS=2.00
** CONFUSION MATRIX ** Number of classes: 3
   5    1    0 
   0    4    0 
   0    0    7 
TEST REPORT=>
CLASS[  0 (  6)] FAIL=16.67% 
CLASS[  1 (  4)] FAIL= 0.00% 
CLASS[  2 (  7)] FAIL= 0.00% 
CLASS_ERROR:    5.8823529412 PRECISION:    0.9333333333 RECALL:    0.9444444444 F1SCORE:    0.9388560158
 50:1.8519  100:1.8519  150:1.8519  200:1.8519  250:1.8519  300:1.8519  350:1.8519  400:1.8519  450:1.8519  500:1.8519 TEST REPORT=>
CLASS[  0 (  6)] FAIL=16.67% 
CLASS[  1 (  4)] FAIL= 0.00% 
CLASS[  2 (  7)] FAIL= 0.00% 
GENERATION=  229 FITNESS=    -1.852% TEST_ERROR=     5.882%
PROGRAMS=
if(!(x2<(x13+sin((exp(((x13+sin((-93.4)))+(-46.9)))-x8+(x13-(-36.66))*x1)))|x7<x9&!(!(x5<x6|!(x9<=(-61.3)|x12<=sin(x2)))))) CLASS=0.00
else 
if(x3>=x10-x12*x7|x11>(x2/x7)) CLASS=1.00
else 
CLASS=2.00
** CONFUSION MATRIX ** Number of classes: 3
   5    1    0 
   0    4    0 
   0    0    7 
TEST REPORT=>
CLASS[  0 (  6)] FAIL=16.67% 
CLASS[  1 (  4)] FAIL= 0.00% 
CLASS[  2 (  7)] FAIL= 0.00% 
CLASS_ERROR:    5.8823529412 PRECISION:    0.9333333333 RECALL:    0.9444444444 F1SCORE:    0.9388560158
 50:1.8519  100:1.8519  150:1.8519  200:1.8519  250:1.8519  300:1.8519  350:1.8519  400:1.8519  450:1.8519  500:1.8519 TEST REPORT=>
CLASS[  0 (  6)] FAIL=16.67% 
CLASS[  1 (  4)] FAIL= 0.00% 
CLASS[  2 (  7)] FAIL= 0.00% 
GENERATION=  230 FITNESS=    -1.852% TEST_ERROR=     5.882%
PROGRAMS=
if(!(x2<(x13+sin((exp(((x13+sin((-93.4)))+(-46.9)))-x8+(x13-(-36.66))*x1)))|x7<x9&!(!(x5<x6|!(x9<=(-61.3)|x12<=sin(x2)))))) CLASS=0.00
else 
if(x3>=x10-x12*x7|x11>(x2/x7)) CLASS=1.00
else 
CLASS=2.00
** CONFUSION MATRIX ** Number of classes: 3
   5    1    0 
   0    4    0 
   0    0    7 
TEST REPORT=>
CLASS[  0 (  6)] FAIL=16.67% 
CLASS[  1 (  4)] FAIL= 0.00% 
CLASS[  2 (  7)] FAIL= 0.00% 
CLASS_ERROR:    5.8823529412 PRECISION:    0.9333333333 RECALL:    0.9444444444 F1SCORE:    0.9388560158
 50:1.8519  100:1.8519  150:1.8519  200:1.8519  250:1.8519  300:1.8519  350:1.8519  400:1.8519  450:1.8519  500:1.8519 TEST REPORT=>
CLASS[  0 (  6)] FAIL=16.67% 
CLASS[  1 (  4)] FAIL= 0.00% 
CLASS[  2 (  7)] FAIL= 0.00% 
GENERATION=  231 FITNESS=    -1.852% TEST_ERROR=     5.882%
PROGRAMS=
if(!(x2<(x13+sin((exp(((x13+sin((-93.4)))+(-46.9)))-x8+(x13-(-36.66))*x1)))|x7<x9&!(!(x5<x6|!(x9<=(-61.3)|x12<=sin(x2)))))) CLASS=0.00
else 
if(x3>=x10-x12*x7|x11>(x2/x7)) CLASS=1.00
else 
CLASS=2.00
** CONFUSION MATRIX ** Number of classes: 3
   5    1    0 
   0    4    0 
   0    0    7 
TEST REPORT=>
CLASS[  0 (  6)] FAIL=16.67% 
CLASS[  1 (  4)] FAIL= 0.00% 
CLASS[  2 (  7)] FAIL= 0.00% 
CLASS_ERROR:    5.8823529412 PRECISION:    0.9333333333 RECALL:    0.9444444444 F1SCORE:    0.9388560158
 50:1.8519  100:1.8519  150:1.8519  200:1.8519  250:1.8519  300:1.8519  350:1.8519  400:1.8519  450:1.8519  500:1.8519 
TARGETED STAGNATION BURST generation=232 stagnation=20
TARGETED_BEST[0] START fitness=-1.8518518519
TARGETED_BEST[0] END fitness=-1.8518518519 accepted=0
TARGETED_BEST[1] START fitness=-1.8518518519
TARGETED_BEST[1] END fitness=-1.8518518519 accepted=0
TARGETED_BEST[2] START fitness=-1.8518518519
TARGETED_BEST[2] END fitness=-1.8518518519 accepted=0
TARGETED_BEST[3] START fitness=-1.8518518519
TARGETED_BEST[3] END fitness=-1.8518518519 accepted=0
TARGETED_BEST[4] START fitness=-1.8518518519
TARGETED_BEST[4] END fitness=-1.8518518519 accepted=0
TARGETED_BEST[5] START fitness=-1.8518518519
TARGETED_BEST[5] END fitness=-1.8518518519 accepted=0
TARGETED_BEST[6] START fitness=-1.8518518519
TARGETED_BEST[6] END fitness=-1.8518518519 accepted=0
TARGETED_BEST[7] START fitness=-1.8518518519
TARGETED_BEST[7] END fitness=-1.8518518519 accepted=0
TARGETED_BEST[8] START fitness=-1.8518518519
TARGETED_BEST[8] END fitness=-1.8518518519 accepted=0
TARGETED_BEST[9] START fitness=-1.8518518519
TARGETED_BEST[9] END fitness=-1.8518518519 accepted=0
TARGETED_BEST[10] START fitness=-1.8518518519
TARGETED_BEST[10] END fitness=-1.8518518519 accepted=0
TARGETED_BEST[11] START fitness=-1.8518518519
TARGETED_BEST[11] END fitness=-1.8518518519 accepted=0
TARGETED_BEST[12] START fitness=-1.8518518519
TARGETED_BEST[12] END fitness=-1.8518518519 accepted=0
TARGETED_BEST[13] START fitness=-1.8518518519
TARGETED_BEST[13] END fitness=-1.8518518519 accepted=0
TARGETED_BEST[14] START fitness=-1.8518518519
TARGETED_BEST[14] END fitness=-1.8518518519 accepted=0
TARGETED_BEST[15] START fitness=-1.8518518519
TARGETED_BEST[15] END fitness=-1.8518518519 accepted=0
TARGETED_BEST[16] START fitness=-1.8518518519
TARGETED_BEST[16] END fitness=-1.8518518519 accepted=0
TARGETED_BEST[17] START fitness=-1.8518518519
TARGETED_BEST[17] END fitness=-1.8518518519 accepted=0
TARGETED_BEST[18] START fitness=-1.8518518519
TARGETED_BEST[18] END fitness=-1.8518518519 accepted=0
TARGETED_BEST[19] START fitness=-1.8518518519
TARGETED_BEST[19] END fitness=-1.8518518519 accepted=0
TEST REPORT=>
CLASS[  0 (  6)] FAIL=16.67% 
CLASS[  1 (  4)] FAIL= 0.00% 
CLASS[  2 (  7)] FAIL= 0.00% 
GENERATION=  232 FITNESS=    -1.852% TEST_ERROR=     5.882%
PROGRAMS=
if(!(x2<(x13+sin((exp(((x13+sin((-93.4)))+(-46.9)))-x8+(x13-(-36.66))*x1)))|x7<x9&!(!(x5<x6|!(x9<=(-61.3)|x12<=sin(x2)))))) CLASS=0.00
else 
if(x3>=x10-x12*x7|x11>(x2/x7)) CLASS=1.00
else 
CLASS=2.00
** CONFUSION MATRIX ** Number of classes: 3
   5    1    0 
   0    4    0 
   0    0    7 
TEST REPORT=>
CLASS[  0 (  6)] FAIL=16.67% 
CLASS[  1 (  4)] FAIL= 0.00% 
CLASS[  2 (  7)] FAIL= 0.00% 
CLASS_ERROR:    5.8823529412 PRECISION:    0.9333333333 RECALL:    0.9444444444 F1SCORE:    0.9388560158
 50:1.8519  100:1.8519  150:1.8519  200:1.8519  250:1.8519  300:1.8519  350:1.8519  400:1.8519  450:1.8519  500:1.8519 TEST REPORT=>
CLASS[  0 (  6)] FAIL=16.67% 
CLASS[  1 (  4)] FAIL= 0.00% 
CLASS[  2 (  7)] FAIL= 0.00% 
GENERATION=  233 FITNESS=    -1.852% TEST_ERROR=     5.882%
PROGRAMS=
if(!(x2<(x13+sin((exp(((x13+sin((-93.4)))+(-46.9)))-x8+(x13-(-36.66))*x1)))|x7<x9&!(!(x5<x6|!(x9<=(-61.3)|x12<=sin(x2)))))) CLASS=0.00
else 
if(x3>=x10-x12*x7|x11>(x2/x7)) CLASS=1.00
else 
CLASS=2.00
** CONFUSION MATRIX ** Number of classes: 3
   5    1    0 
   0    4    0 
   0    0    7 
TEST REPORT=>
CLASS[  0 (  6)] FAIL=16.67% 
CLASS[  1 (  4)] FAIL= 0.00% 
CLASS[  2 (  7)] FAIL= 0.00% 
CLASS_ERROR:    5.8823529412 PRECISION:    0.9333333333 RECALL:    0.9444444444 F1SCORE:    0.9388560158
 50:1.8519  100:1.8519  150:1.8519  200:1.8519  250:1.8519  300:1.8519  350:1.8519  400:1.8519  450:1.8519  500:1.8519 TEST REPORT=>
CLASS[  0 (  6)] FAIL=16.67% 
CLASS[  1 (  4)] FAIL= 0.00% 
CLASS[  2 (  7)] FAIL= 0.00% 
GENERATION=  234 FITNESS=    -1.852% TEST_ERROR=     5.882%
PROGRAMS=
if(!(x2<(x13+sin((exp(((x13+sin((-93.4)))+(-46.9)))-x8+(x13-(-36.66))*x1)))|x7<x9&!(!(x5<x6|!(x9<=(-61.3)|x12<=sin(x2)))))) CLASS=0.00
else 
if(x3>=x10-x12*x7|x11>(x2/x7)) CLASS=1.00
else 
CLASS=2.00
** CONFUSION MATRIX ** Number of classes: 3
   5    1    0 
   0    4    0 
   0    0    7 
TEST REPORT=>
CLASS[  0 (  6)] FAIL=16.67% 
CLASS[  1 (  4)] FAIL= 0.00% 
CLASS[  2 (  7)] FAIL= 0.00% 
CLASS_ERROR:    5.8823529412 PRECISION:    0.9333333333 RECALL:    0.9444444444 F1SCORE:    0.9388560158
 50:1.8519  100:1.8519  150:1.8519  200:1.8519  250:1.8519  300:1.8519  350:1.8519  400:1.8519  450:1.8519  500:1.8519 TEST REPORT=>
CLASS[  0 (  6)] FAIL=16.67% 
CLASS[  1 (  4)] FAIL= 0.00% 
CLASS[  2 (  7)] FAIL= 0.00% 
GENERATION=  235 FITNESS=    -1.852% TEST_ERROR=     5.882%
PROGRAMS=
if(!(x2<(x13+sin((exp(((x13+sin((-93.4)))+(-46.9)))-x8+(x13-(-36.66))*x1)))|x7<x9&!(!(x5<x6|!(x9<=(-61.3)|x12<=sin(x2)))))) CLASS=0.00
else 
if(x3>=x10-x12*x7|x11>(x2/x7)) CLASS=1.00
else 
CLASS=2.00
** CONFUSION MATRIX ** Number of classes: 3
   5    1    0 
   0    4    0 
   0    0    7 
TEST REPORT=>
CLASS[  0 (  6)] FAIL=16.67% 
CLASS[  1 (  4)] FAIL= 0.00% 
CLASS[  2 (  7)] FAIL= 0.00% 
CLASS_ERROR:    5.8823529412 PRECISION:    0.9333333333 RECALL:    0.9444444444 F1SCORE:    0.9388560158
 50:1.8519  100:1.8519  150:1.8519  200:1.8519  250:1.8519  300:1.8519  350:1.8519  400:1.8519  450:1.8519  500:1.8519 TEST REPORT=>
CLASS[  0 (  6)] FAIL=16.67% 
CLASS[  1 (  4)] FAIL= 0.00% 
CLASS[  2 (  7)] FAIL= 0.00% 
GENERATION=  236 FITNESS=    -1.852% TEST_ERROR=     5.882%
PROGRAMS=
if(!(x2<(x13+sin((exp(((x13+sin((-93.4)))+(-46.9)))-x8+(x13-(-36.66))*x1)))|x7<x9&!(!(x5<x6|!(x9<=(-61.3)|x12<=sin(x2)))))) CLASS=0.00
else 
if(x3>=x10-x12*x7|x11>(x2/x7)) CLASS=1.00
else 
CLASS=2.00
** CONFUSION MATRIX ** Number of classes: 3
   5    1    0 
   0    4    0 
   0    0    7 
TEST REPORT=>
CLASS[  0 (  6)] FAIL=16.67% 
CLASS[  1 (  4)] FAIL= 0.00% 
CLASS[  2 (  7)] FAIL= 0.00% 
CLASS_ERROR:    5.8823529412 PRECISION:    0.9333333333 RECALL:    0.9444444444 F1SCORE:    0.9388560158
 50:1.8519  100:1.8519  150:1.8519  200:1.8519  250:1.8519  300:1.8519  350:1.8519  400:1.8519  450:1.8519  500:1.8519 TEST REPORT=>
CLASS[  0 (  6)] FAIL=16.67% 
CLASS[  1 (  4)] FAIL= 0.00% 
CLASS[  2 (  7)] FAIL= 0.00% 
GENERATION=  237 FITNESS=    -1.852% TEST_ERROR=     5.882%
PROGRAMS=
if(!(x2<(x13+sin((exp(((x13+sin((-93.4)))+(-46.9)))-x8+(x13-(-36.66))*x1)))|x7<x9&!(!(x5<x6|!(x9<=(-61.3)|x12<=sin(x2)))))) CLASS=0.00
else 
if(x3>=x10-x12*x7|x11>(x2/x7)) CLASS=1.00
else 
CLASS=2.00
** CONFUSION MATRIX ** Number of classes: 3
   5    1    0 
   0    4    0 
   0    0    7 
TEST REPORT=>
CLASS[  0 (  6)] FAIL=16.67% 
CLASS[  1 (  4)] FAIL= 0.00% 
CLASS[  2 (  7)] FAIL= 0.00% 
CLASS_ERROR:    5.8823529412 PRECISION:    0.9333333333 RECALL:    0.9444444444 F1SCORE:    0.9388560158
 50:1.8519  100:1.8519  150:1.8519  200:1.8519  250:1.8519  300:1.8519  350:1.8519  400:1.8519  450:1.8519  500:1.8519 TEST REPORT=>
CLASS[  0 (  6)] FAIL=16.67% 
CLASS[  1 (  4)] FAIL= 0.00% 
CLASS[  2 (  7)] FAIL= 0.00% 
GENERATION=  238 FITNESS=    -1.852% TEST_ERROR=     5.882%
PROGRAMS=
if(!(x2<(x13+sin((exp(((x13+sin((-93.4)))+(-46.9)))-x8+(x13-(-36.66))*x1)))|x7<x9&!(!(x5<x6|!(x9<=(-61.3)|x12<=sin(x2)))))) CLASS=0.00
else 
if(x3>=x10-x12*x7|x11>(x2/x7)) CLASS=1.00
else 
CLASS=2.00
** CONFUSION MATRIX ** Number of classes: 3
   5    1    0 
   0    4    0 
   0    0    7 
TEST REPORT=>
CLASS[  0 (  6)] FAIL=16.67% 
CLASS[  1 (  4)] FAIL= 0.00% 
CLASS[  2 (  7)] FAIL= 0.00% 
CLASS_ERROR:    5.8823529412 PRECISION:    0.9333333333 RECALL:    0.9444444444 F1SCORE:    0.9388560158
 50:1.8519  100:1.8519  150:1.8519  200:1.8519  250:1.8519  300:1.8519  350:1.8519  400:1.8519  450:1.8519  500:1.8519 TEST REPORT=>
CLASS[  0 (  6)] FAIL=16.67% 
CLASS[  1 (  4)] FAIL= 0.00% 
CLASS[  2 (  7)] FAIL= 0.00% 
GENERATION=  239 FITNESS=    -1.852% TEST_ERROR=     5.882%
PROGRAMS=
if(!(x2<(x13+sin((exp(((x13+sin((-93.4)))+(-46.9)))-x8+(x13-(-36.66))*x1)))|x7<x9&!(!(x5<x6|!(x9<=(-61.3)|x12<=sin(x2)))))) CLASS=0.00
else 
if(x3>=x10-x12*x7|x11>(x2/x7)) CLASS=1.00
else 
CLASS=2.00
** CONFUSION MATRIX ** Number of classes: 3
   5    1    0 
   0    4    0 
   0    0    7 
TEST REPORT=>
CLASS[  0 (  6)] FAIL=16.67% 
CLASS[  1 (  4)] FAIL= 0.00% 
CLASS[  2 (  7)] FAIL= 0.00% 
CLASS_ERROR:    5.8823529412 PRECISION:    0.9333333333 RECALL:    0.9444444444 F1SCORE:    0.9388560158
 50:1.8519  100:1.8519  150:1.8519  200:1.8519  250:1.8519  300:1.8519  350:1.8519  400:1.8519  450:1.8519  500:1.8519 TEST REPORT=>
CLASS[  0 (  6)] FAIL=16.67% 
CLASS[  1 (  4)] FAIL= 0.00% 
CLASS[  2 (  7)] FAIL= 0.00% 
GENERATION=  240 FITNESS=    -1.852% TEST_ERROR=     5.882%
PROGRAMS=
if(!(x2<(x13+sin((exp(((x13+sin((-93.4)))+(-46.9)))-x8+(x13-(-36.66))*x1)))|x7<x9&!(!(x5<x6|!(x9<=(-61.3)|x12<=sin(x2)))))) CLASS=0.00
else 
if(x3>=x10-x12*x7|x11>(x2/x7)) CLASS=1.00
else 
CLASS=2.00
** CONFUSION MATRIX ** Number of classes: 3
   5    1    0 
   0    4    0 
   0    0    7 
TEST REPORT=>
CLASS[  0 (  6)] FAIL=16.67% 
CLASS[  1 (  4)] FAIL= 0.00% 
CLASS[  2 (  7)] FAIL= 0.00% 
CLASS_ERROR:    5.8823529412 PRECISION:    0.9333333333 RECALL:    0.9444444444 F1SCORE:    0.9388560158
 50:1.8519  100:1.8519  150:1.8519  200:1.8519  250:1.8519  300:1.8519  350:1.8519  400:1.8519  450:1.8519  500:1.8519 TEST REPORT=>
CLASS[  0 (  6)] FAIL=16.67% 
CLASS[  1 (  4)] FAIL= 0.00% 
CLASS[  2 (  7)] FAIL= 0.00% 
GENERATION=  241 FITNESS=    -1.852% TEST_ERROR=     5.882%
PROGRAMS=
if(!(x2<(x13+sin((exp(((x13+sin((-93.4)))+(-46.9)))-x8+(x13-(-36.66))*x1)))|x7<x9&!(!(x5<x6|!(x9<=(-61.3)|x12<=sin(x2)))))) CLASS=0.00
else 
if(x3>=x10-x12*x7|x11>(x2/x7)) CLASS=1.00
else 
CLASS=2.00
** CONFUSION MATRIX ** Number of classes: 3
   5    1    0 
   0    4    0 
   0    0    7 
TEST REPORT=>
CLASS[  0 (  6)] FAIL=16.67% 
CLASS[  1 (  4)] FAIL= 0.00% 
CLASS[  2 (  7)] FAIL= 0.00% 
CLASS_ERROR:    5.8823529412 PRECISION:    0.9333333333 RECALL:    0.9444444444 F1SCORE:    0.9388560158
 50:1.8519  100:1.8519  150:1.8519  200:1.8519  250:1.8519  300:1.8519  350:1.8519  400:1.8519  450:1.8519  500:1.8519 TEST REPORT=>
CLASS[  0 (  6)] FAIL=16.67% 
CLASS[  1 (  4)] FAIL= 0.00% 
CLASS[  2 (  7)] FAIL= 0.00% 
GENERATION=  242 FITNESS=    -1.852% TEST_ERROR=     5.882%
PROGRAMS=
if(!(x2<(x13+sin((exp(((x13+sin((-93.4)))+(-46.9)))-x8+(x13-(-36.66))*x1)))|x7<x9&!(!(x5<x6|!(x9<=(-61.3)|x12<=sin(x2)))))) CLASS=0.00
else 
if(x3>=x10-x12*x7|x11>(x2/x7)) CLASS=1.00
else 
CLASS=2.00
** CONFUSION MATRIX ** Number of classes: 3
   5    1    0 
   0    4    0 
   0    0    7 
TEST REPORT=>
CLASS[  0 (  6)] FAIL=16.67% 
CLASS[  1 (  4)] FAIL= 0.00% 
CLASS[  2 (  7)] FAIL= 0.00% 
CLASS_ERROR:    5.8823529412 PRECISION:    0.9333333333 RECALL:    0.9444444444 F1SCORE:    0.9388560158
 50:1.8519  100:1.8519  150:1.8519  200:1.8519  250:1.8519  300:1.8519  350:1.8519  400:1.8519  450:1.8519  500:1.8519 TEST REPORT=>
CLASS[  0 (  6)] FAIL=16.67% 
CLASS[  1 (  4)] FAIL= 0.00% 
CLASS[  2 (  7)] FAIL= 0.00% 
GENERATION=  243 FITNESS=    -1.852% TEST_ERROR=     5.882%
PROGRAMS=
if(!(x2<(x13+sin((exp(((x13+sin((-93.4)))+(-46.9)))-x8+(x13-(-36.66))*x1)))|x7<x9&!(!(x5<x6|!(x9<=(-61.3)|x12<=sin(x2)))))) CLASS=0.00
else 
if(x3>=x10-x12*x7|x11>(x2/x7)) CLASS=1.00
else 
CLASS=2.00
** CONFUSION MATRIX ** Number of classes: 3
   5    1    0 
   0    4    0 
   0    0    7 
TEST REPORT=>
CLASS[  0 (  6)] FAIL=16.67% 
CLASS[  1 (  4)] FAIL= 0.00% 
CLASS[  2 (  7)] FAIL= 0.00% 
CLASS_ERROR:    5.8823529412 PRECISION:    0.9333333333 RECALL:    0.9444444444 F1SCORE:    0.9388560158
 50:1.8519  100:1.8519  150:1.8519  200:1.8519  250:1.8519  300:1.8519  350:1.8519  400:1.8519  450:1.8519  500:1.8519 TEST REPORT=>
CLASS[  0 (  6)] FAIL=16.67% 
CLASS[  1 (  4)] FAIL= 0.00% 
CLASS[  2 (  7)] FAIL= 0.00% 
GENERATION=  244 FITNESS=    -1.852% TEST_ERROR=     5.882%
PROGRAMS=
if(!(x2<(x13+sin((exp(((x13+sin((-93.4)))+(-46.9)))-x8+(x13-(-36.66))*x1)))|x7<x9&!(!(x5<x6|!(x9<=(-61.3)|x12<=sin(x2)))))) CLASS=0.00
else 
if(x3>=x10-x12*x7|x11>(x2/x7)) CLASS=1.00
else 
CLASS=2.00
** CONFUSION MATRIX ** Number of classes: 3
   5    1    0 
   0    4    0 
   0    0    7 
TEST REPORT=>
CLASS[  0 (  6)] FAIL=16.67% 
CLASS[  1 (  4)] FAIL= 0.00% 
CLASS[  2 (  7)] FAIL= 0.00% 
CLASS_ERROR:    5.8823529412 PRECISION:    0.9333333333 RECALL:    0.9444444444 F1SCORE:    0.9388560158
 50:1.8519  100:1.8519  150:1.8519  200:1.8519  250:1.8519  300:1.8519  350:1.8519  400:1.8519  450:1.8519  500:1.8519 TEST REPORT=>
CLASS[  0 (  6)] FAIL=16.67% 
CLASS[  1 (  4)] FAIL= 0.00% 
CLASS[  2 (  7)] FAIL= 0.00% 
GENERATION=  245 FITNESS=    -1.852% TEST_ERROR=     5.882%
PROGRAMS=
if(!(x2<(x13+sin((exp(((x13+sin((-93.4)))+(-46.9)))-x8+(x13-(-36.66))*x1)))|x7<x9&!(!(x5<x6|!(x9<=(-61.3)|x12<=sin(x2)))))) CLASS=0.00
else 
if(x3>=x10-x12*x7|x11>(x2/x7)) CLASS=1.00
else 
CLASS=2.00
** CONFUSION MATRIX ** Number of classes: 3
   5    1    0 
   0    4    0 
   0    0    7 
TEST REPORT=>
CLASS[  0 (  6)] FAIL=16.67% 
CLASS[  1 (  4)] FAIL= 0.00% 
CLASS[  2 (  7)] FAIL= 0.00% 
CLASS_ERROR:    5.8823529412 PRECISION:    0.9333333333 RECALL:    0.9444444444 F1SCORE:    0.9388560158
 50:1.8519  100:1.8519  150:1.8519  200:1.8519  250:1.8519  300:1.8519  350:1.8519  400:1.8519  450:1.8519  500:1.8519 TEST REPORT=>
CLASS[  0 (  6)] FAIL=16.67% 
CLASS[  1 (  4)] FAIL= 0.00% 
CLASS[  2 (  7)] FAIL= 0.00% 
GENERATION=  246 FITNESS=    -1.852% TEST_ERROR=     5.882%
PROGRAMS=
if(!(x2<(x13+sin((exp(((x13+sin((-93.4)))+(-46.9)))-x8+(x13-(-36.66))*x1)))|x7<x9&!(!(x5<x6|!(x9<=(-61.3)|x12<=sin(x2)))))) CLASS=0.00
else 
if(x3>=x10-x12*x7|x11>(x2/x7)) CLASS=1.00
else 
CLASS=2.00
** CONFUSION MATRIX ** Number of classes: 3
   5    1    0 
   0    4    0 
   0    0    7 
TEST REPORT=>
CLASS[  0 (  6)] FAIL=16.67% 
CLASS[  1 (  4)] FAIL= 0.00% 
CLASS[  2 (  7)] FAIL= 0.00% 
CLASS_ERROR:    5.8823529412 PRECISION:    0.9333333333 RECALL:    0.9444444444 F1SCORE:    0.9388560158
 50:1.8519  100:1.8519  150:1.8519  200:1.8519  250:1.8519  300:1.8519  350:1.8519  400:1.8519  450:1.8519  500:1.8519 TEST REPORT=>
CLASS[  0 (  6)] FAIL=16.67% 
CLASS[  1 (  4)] FAIL= 0.00% 
CLASS[  2 (  7)] FAIL= 0.00% 
GENERATION=  247 FITNESS=    -1.852% TEST_ERROR=     5.882%
PROGRAMS=
if(!(x2<(x13+sin((exp(((x13+sin((-93.4)))+(-46.9)))-x8+(x13-(-36.66))*x1)))|x7<x9&!(!(x5<x6|!(x9<=(-61.3)|x12<=sin(x2)))))) CLASS=0.00
else 
if(x3>=x10-x12*x7|x11>(x2/x7)) CLASS=1.00
else 
CLASS=2.00
** CONFUSION MATRIX ** Number of classes: 3
   5    1    0 
   0    4    0 
   0    0    7 
TEST REPORT=>
CLASS[  0 (  6)] FAIL=16.67% 
CLASS[  1 (  4)] FAIL= 0.00% 
CLASS[  2 (  7)] FAIL= 0.00% 
CLASS_ERROR:    5.8823529412 PRECISION:    0.9333333333 RECALL:    0.9444444444 F1SCORE:    0.9388560158
 50:1.8519  100:1.8519  150:1.8519  200:1.8519  250:1.8519  300:1.8519  350:1.8519  400:1.8519  450:1.8519  500:1.8519 TEST REPORT=>
CLASS[  0 (  6)] FAIL=16.67% 
CLASS[  1 (  4)] FAIL= 0.00% 
CLASS[  2 (  7)] FAIL= 0.00% 
GENERATION=  248 FITNESS=    -1.852% TEST_ERROR=     5.882%
PROGRAMS=
if(!(x2<(x13+sin((exp(((x13+sin((-93.4)))+(-46.9)))-x8+(x13-(-36.66))*x1)))|x7<x9&!(!(x5<x6|!(x9<=(-61.3)|x12<=sin(x2)))))) CLASS=0.00
else 
if(x3>=x10-x12*x7|x11>(x2/x7)) CLASS=1.00
else 
CLASS=2.00
** CONFUSION MATRIX ** Number of classes: 3
   5    1    0 
   0    4    0 
   0    0    7 
TEST REPORT=>
CLASS[  0 (  6)] FAIL=16.67% 
CLASS[  1 (  4)] FAIL= 0.00% 
CLASS[  2 (  7)] FAIL= 0.00% 
CLASS_ERROR:    5.8823529412 PRECISION:    0.9333333333 RECALL:    0.9444444444 F1SCORE:    0.9388560158
 50:1.8519  100:1.8519  150:1.8519  200:1.8519  250:1.8519  300:1.8519  350:1.8519  400:1.8519  450:1.8519  500:1.8519 TEST REPORT=>
CLASS[  0 (  6)] FAIL=16.67% 
CLASS[  1 (  4)] FAIL= 0.00% 
CLASS[  2 (  7)] FAIL= 0.00% 
GENERATION=  249 FITNESS=    -1.852% TEST_ERROR=     5.882%
PROGRAMS=
if(!(x2<(x13+sin((exp(((x13+sin((-93.4)))+(-46.9)))-x8+(x13-(-36.66))*x1)))|x7<x9&!(!(x5<x6|!(x9<=(-61.3)|x12<=sin(x2)))))) CLASS=0.00
else 
if(x3>=x10-x12*x7|x11>(x2/x7)) CLASS=1.00
else 
CLASS=2.00
** CONFUSION MATRIX ** Number of classes: 3
   5    1    0 
   0    4    0 
   0    0    7 
TEST REPORT=>
CLASS[  0 (  6)] FAIL=16.67% 
CLASS[  1 (  4)] FAIL= 0.00% 
CLASS[  2 (  7)] FAIL= 0.00% 
CLASS_ERROR:    5.8823529412 PRECISION:    0.9333333333 RECALL:    0.9444444444 F1SCORE:    0.9388560158
 50:1.8519  100:1.8519  150:1.8519  200:1.8519  250:1.8519  300:1.8519  350:1.8519  400:1.8519  450:1.8519  500:1.8519 TARGETED[0] START fitness=       -1.8518518519
TARGETED[0] END fitness=       -1.8518518519 accepted=0
TARGETED[69] START fitness=       -2.4691358025
TARGETED[69] iter=31 type=UNKNOWN codonPos=29 codon=112->114 rule=2->4 fitness=       -2.4691358025->       -1.8518518519
TARGETED[69] END fitness=       -1.8518518519 accepted=1
TARGETED[392] START fitness=-100000000.0000000000
TARGETED[392] iter=7 type=VARIABLE codonPos=107 codon=27->28 rule=12->13 fitness=-100000000.0000000000->      -43.2098765432
TARGETED[392] iter=8 type=VARIABLE codonPos=45 codon=68->75 rule=8->0 fitness=      -43.2098765432->       -7.4074074074
TARGETED[392] END fitness=       -7.4074074074 accepted=2
TARGETED[265] START fitness=      -38.2716049383
TARGETED[265] iter=8 type=BINARY_OPERATOR codonPos=7 codon=233->234 rule=1->2 fitness=      -38.2716049383->      -11.1111111111
TARGETED[265] iter=11 type=VARIABLE codonPos=2 codon=26->24 rule=11->9 fitness=      -11.1111111111->       -8.6419753086
TARGETED[265] iter=12 type=UNKNOWN codonPos=39 codon=188->189 rule=8->9 fitness=       -8.6419753086->       -8.0246913580
TARGETED[265] iter=45 type=VARIABLE codonPos=112 codon=145->141 rule=10->6 fitness=       -8.0246913580->       -4.9382716049
TARGETED[265] END fitness=       -4.9382716049 accepted=4
TARGETED[174] START fitness=      -32.7160493827
TARGETED[174] END fitness=      -32.7160493827 accepted=0
TARGETED[129] START fitness=      -27.7777777778
TARGETED[129] iter=46 type=VARIABLE codonPos=110 codon=223->216 rule=13->6 fitness=      -27.7777777778->       -1.8518518519
TARGETED[129] END fitness=       -1.8518518519 accepted=1
TARGETED[451] START fitness=-100000000.0000000000
TARGETED[451] iter=4 type=UNKNOWN codonPos=39 codon=228->229 rule=0->1 fitness=-100000000.0000000000->      -34.5679012346
TARGETED[451] iter=14 type=BOOLEAN_OPERATOR codonPos=44 codon=241->242 rule=1->2 fitness=      -34.5679012346->       -8.0246913580
TARGETED[451] iter=25 type=VARIABLE codonPos=112 codon=235->232 rule=10->7 fitness=       -8.0246913580->       -6.7901234568
TARGETED[451] END fitness=       -6.7901234568 accepted=3
TARGETED[27] START fitness=       -1.8518518519
TARGETED[27] END fitness=       -1.8518518519 accepted=0
TARGETED[221] START fitness=      -32.7160493827
TARGETED[221] iter=49 type=FUNCTION codonPos=12 codon=199->197 rule=3->1 fitness=      -32.7160493827->       -1.8518518519
TARGETED[221] END fitness=       -1.8518518519 accepted=1
TARGETED[403] START fitness=-100000000.0000000000
TARGETED[403] iter=1 type=VARIABLE codonPos=107 codon=6->13 rule=6->13 fitness=-100000000.0000000000->      -11.7283950617
TARGETED[403] iter=3 type=VARIABLE codonPos=104 codon=59->58 rule=14->13 fitness=      -11.7283950617->       -9.8765432099
TARGETED[403] iter=20 type=VARIABLE codonPos=101 codon=56->51 rule=11->6 fitness=       -9.8765432099->       -8.0246913580
TARGETED[403] END fitness=       -8.0246913580 accepted=3
TARGETED[482] START fitness=-100000000.0000000000
TARGETED[482] iter=6 type=UNKNOWN codonPos=130 codon=209->208 rule=1->0 fitness=-100000000.0000000000->      -33.3333333333
TARGETED[482] iter=16 type=FUNCTION codonPos=124 codon=194->193 rule=2->1 fitness=      -33.3333333333->      -32.7160493827
TARGETED[482] END fitness=      -32.7160493827 accepted=2
TARGETED[317] START fitness=      -58.6419753086
TARGETED[317] iter=5 type=VARIABLE codonPos=120 codon=56->58 rule=11->13 fitness=      -58.6419753086->      -34.5679012346
TARGETED[317] iter=8 type=UNKNOWN codonPos=23 codon=212->213 rule=0->1 fitness=      -34.5679012346->       -3.7037037037
TARGETED[317] iter=9 type=VARIABLE codonPos=119 codon=224->231 rule=14->6 fitness=       -3.7037037037->       -1.8518518519
TARGETED[317] END fitness=       -1.8518518519 accepted=3
TARGETED[176] START fitness=      -32.7160493827
TARGETED[176] END fitness=      -32.7160493827 accepted=0
TARGETED[300] START fitness=      -58.6419753086
TARGETED[300] iter=8 type=UNKNOWN codonPos=48 codon=18->20 rule=8->0 fitness=      -58.6419753086->      -57.4074074074
TARGETED[300] iter=9 type=BOOLEAN_OPERATOR codonPos=44 codon=255->256 rule=3->0 fitness=      -57.4074074074->      -32.7160493827
TARGETED[300] iter=11 type=BOOLEAN_OPERATOR codonPos=102 codon=249->250 rule=1->2 fitness=      -32.7160493827->      -18.5185185185
TARGETED[300] iter=15 type=UNKNOWN codonPos=51 codon=254->255 rule=4->5 fitness=      -18.5185185185->      -17.2839506173
TARGETED[300] iter=26 type=VARIABLE codonPos=116 codon=1->2 rule=1->2 fitness=      -17.2839506173->      -16.0493827160
TARGETED[300] END fitness=      -16.0493827160 accepted=5
TARGETED[0] START fitness=       -1.8518518519
TARGETED[0] END fitness=       -1.8518518519 accepted=0
TARGETED[189] START fitness=      -32.7160493827
TARGETED[189] END fitness=      -32.7160493827 accepted=0
TARGETED[493] START fitness=-100000000.0000000000
TARGETED[493] iter=7 type=VARIABLE codonPos=104 codon=59->58 rule=14->13 fitness=-100000000.0000000000->      -58.6419753086
TARGETED[493] iter=12 type=VARIABLE codonPos=118 codon=184->181 rule=4->1 fitness=      -58.6419753086->      -40.7407407407
TARGETED[493] iter=15 type=VARIABLE codonPos=45 codon=195->188 rule=0->8 fitness=      -40.7407407407->       -9.8765432099
TARGETED[493] iter=19 type=VARIABLE codonPos=101 codon=56->51 rule=11->6 fitness=       -9.8765432099->       -8.0246913580
TARGETED[493] END fitness=       -8.0246913580 accepted=4
TARGETED[451] START fitness=       -6.7901234568
TARGETED[451] END fitness=       -6.7901234568 accepted=0
TARGETED[140] START fitness=      -27.7777777778
TARGETED[140] iter=23 type=VARIABLE codonPos=112 codon=235->238 rule=10->13 fitness=      -27.7777777778->      -12.3456790123
TARGETED[140] iter=29 type=UNKNOWN codonPos=115 codon=159->158 rule=1->0 fitness=      -12.3456790123->       -2.4691358025
TARGETED[140] END fitness=       -2.4691358025 accepted=2
TARGETED[301] START fitness=      -58.6419753086
TARGETED[301] iter=2 type=UNKNOWN codonPos=126 codon=230->231 rule=0->1 fitness=      -58.6419753086->      -36.4197530864
TARGETED[301] iter=4 type=VARIABLE codonPos=114 codon=188->187 rule=8->7 fitness=      -36.4197530864->      -33.9506172840
TARGETED[301] END fitness=      -33.9506172840 accepted=2
TEST REPORT=>
CLASS[  0 (  6)] FAIL=16.67% 
CLASS[  1 (  4)] FAIL= 0.00% 
CLASS[  2 (  7)] FAIL= 0.00% 
GENERATION=  250 FITNESS=    -1.852% TEST_ERROR=     5.882%
PROGRAMS=
if(!(x2<(x13+sin((exp(((x13+sin((-93.4)))+(-46.9)))-x8+(x13-(-36.66))*x1)))|x7<x9&!(!(x5<x6|!(x9<=(-61.3)|x12<=sin(x2)))))) CLASS=0.00
else 
if(x3>=x10-x12*x7|x11>(x2/x7)) CLASS=1.00
else 
CLASS=2.00
** CONFUSION MATRIX ** Number of classes: 3
   5    1    0 
   0    4    0 
   0    0    7 
TEST REPORT=>
CLASS[  0 (  6)] FAIL=16.67% 
CLASS[  1 (  4)] FAIL= 0.00% 
CLASS[  2 (  7)] FAIL= 0.00% 
CLASS_ERROR:    5.8823529412 PRECISION:    0.9333333333 RECALL:    0.9444444444 F1SCORE:    0.9388560158
 50:1.8519  100:1.8519  150:1.8519  200:1.8519  250:1.8519  300:1.8519  350:1.8519  400:1.8519  450:1.8519  500:1.8519 TEST REPORT=>
CLASS[  0 (  6)] FAIL=16.67% 
CLASS[  1 (  4)] FAIL= 0.00% 
CLASS[  2 (  7)] FAIL= 0.00% 
GENERATION=  251 FITNESS=    -1.852% TEST_ERROR=     5.882%
PROGRAMS=
if(!(x2<(x13+sin((exp(((x13+sin((-93.4)))+(-46.9)))-x8+(x13-(-36.66))*x1)))|x7<x9&!(!(x5<x6|!(x9<=(-61.3)|x12<=sin(x2)))))) CLASS=0.00
else 
if(x3>=x10-x12*x7|x11>(x2/x7)) CLASS=1.00
else 
CLASS=2.00
** CONFUSION MATRIX ** Number of classes: 3
   5    1    0 
   0    4    0 
   0    0    7 
TEST REPORT=>
CLASS[  0 (  6)] FAIL=16.67% 
CLASS[  1 (  4)] FAIL= 0.00% 
CLASS[  2 (  7)] FAIL= 0.00% 
CLASS_ERROR:    5.8823529412 PRECISION:    0.9333333333 RECALL:    0.9444444444 F1SCORE:    0.9388560158
 50:1.8519  100:1.8519  150:1.8519  200:1.8519  250:1.8519  300:1.8519  350:1.8519  400:1.8519  450:1.8519  500:1.8519 
TARGETED STAGNATION BURST generation=252 stagnation=20
TARGETED_BEST[0] START fitness=-1.8518518519
TARGETED_BEST[0] END fitness=-1.8518518519 accepted=0
TARGETED_BEST[1] START fitness=-1.8518518519
TARGETED_BEST[1] END fitness=-1.8518518519 accepted=0
TARGETED_BEST[2] START fitness=-1.8518518519
TARGETED_BEST[2] END fitness=-1.8518518519 accepted=0
TARGETED_BEST[3] START fitness=-1.8518518519
TARGETED_BEST[3] END fitness=-1.8518518519 accepted=0
TARGETED_BEST[4] START fitness=-1.8518518519
TARGETED_BEST[4] END fitness=-1.8518518519 accepted=0
TARGETED_BEST[5] START fitness=-1.8518518519
TARGETED_BEST[5] END fitness=-1.8518518519 accepted=0
TARGETED_BEST[6] START fitness=-1.8518518519
TARGETED_BEST[6] END fitness=-1.8518518519 accepted=0
TARGETED_BEST[7] START fitness=-1.8518518519
TARGETED_BEST[7] END fitness=-1.8518518519 accepted=0
TARGETED_BEST[8] START fitness=-1.8518518519
TARGETED_BEST[8] END fitness=-1.8518518519 accepted=0
TARGETED_BEST[9] START fitness=-1.8518518519
TARGETED_BEST[9] END fitness=-1.8518518519 accepted=0
TARGETED_BEST[10] START fitness=-1.8518518519
TARGETED_BEST[10] END fitness=-1.8518518519 accepted=0
TARGETED_BEST[11] START fitness=-1.8518518519
TARGETED_BEST[11] END fitness=-1.8518518519 accepted=0
TARGETED_BEST[12] START fitness=-1.8518518519
TARGETED_BEST[12] END fitness=-1.8518518519 accepted=0
TARGETED_BEST[13] START fitness=-1.8518518519
TARGETED_BEST[13] END fitness=-1.8518518519 accepted=0
TARGETED_BEST[14] START fitness=-1.8518518519
TARGETED_BEST[14] END fitness=-1.8518518519 accepted=0
TARGETED_BEST[15] START fitness=-1.8518518519
TARGETED_BEST[15] END fitness=-1.8518518519 accepted=0
TARGETED_BEST[16] START fitness=-1.8518518519
TARGETED_BEST[16] END fitness=-1.8518518519 accepted=0
TARGETED_BEST[17] START fitness=-1.8518518519
TARGETED_BEST[17] END fitness=-1.8518518519 accepted=0
TARGETED_BEST[18] START fitness=-1.8518518519
TARGETED_BEST[18] END fitness=-1.8518518519 accepted=0
TARGETED_BEST[19] START fitness=-1.8518518519
TARGETED_BEST[19] END fitness=-1.8518518519 accepted=0
TEST REPORT=>
CLASS[  0 (  6)] FAIL=16.67% 
CLASS[  1 (  4)] FAIL= 0.00% 
CLASS[  2 (  7)] FAIL= 0.00% 
GENERATION=  252 FITNESS=    -1.852% TEST_ERROR=     5.882%
PROGRAMS=
if(!(x2<(x13+sin((exp(((x13+sin((-93.4)))+(-46.9)))-x8+(x13-(-36.66))*x1)))|x7<x9&!(!(x5<x6|!(x9<=(-61.3)|x12<=sin(x2)))))) CLASS=0.00
else 
if(x3>=x10-x12*x7|x11>(x2/x7)) CLASS=1.00
else 
CLASS=2.00
** CONFUSION MATRIX ** Number of classes: 3
   5    1    0 
   0    4    0 
   0    0    7 
TEST REPORT=>
CLASS[  0 (  6)] FAIL=16.67% 
CLASS[  1 (  4)] FAIL= 0.00% 
CLASS[  2 (  7)] FAIL= 0.00% 
CLASS_ERROR:    5.8823529412 PRECISION:    0.9333333333 RECALL:    0.9444444444 F1SCORE:    0.9388560158
 50:1.8519  100:1.8519  150:1.8519  200:1.8519  250:1.8519  300:1.8519  350:1.8519  400:1.8519  450:1.8519  500:1.8519 TEST REPORT=>
CLASS[  0 (  6)] FAIL=16.67% 
CLASS[  1 (  4)] FAIL= 0.00% 
CLASS[  2 (  7)] FAIL= 0.00% 
GENERATION=  253 FITNESS=    -1.852% TEST_ERROR=     5.882%
PROGRAMS=
if(!(x2<(x13+sin((exp(((x13+sin((-93.4)))+(-46.9)))-x8+(x13-(-36.66))*x1)))|x7<x9&!(!(x5<x6|!(x9<=(-61.3)|x12<=sin(x2)))))) CLASS=0.00
else 
if(x3>=x10-x12*x7|x11>(x2/x7)) CLASS=1.00
else 
CLASS=2.00
** CONFUSION MATRIX ** Number of classes: 3
   5    1    0 
   0    4    0 
   0    0    7 
TEST REPORT=>
CLASS[  0 (  6)] FAIL=16.67% 
CLASS[  1 (  4)] FAIL= 0.00% 
CLASS[  2 (  7)] FAIL= 0.00% 
CLASS_ERROR:    5.8823529412 PRECISION:    0.9333333333 RECALL:    0.9444444444 F1SCORE:    0.9388560158
 50:1.8519  100:1.8519  150:1.8519  200:1.8519  250:1.8519  300:1.8519  350:1.8519  400:1.8519  450:1.8519  500:1.8519 TEST REPORT=>
CLASS[  0 (  6)] FAIL=16.67% 
CLASS[  1 (  4)] FAIL= 0.00% 
CLASS[  2 (  7)] FAIL= 0.00% 
GENERATION=  254 FITNESS=    -1.852% TEST_ERROR=     5.882%
PROGRAMS=
if(!(x2<(x13+sin((exp(((x13+sin((-93.4)))+(-46.9)))-x8+(x13-(-36.66))*x1)))|x7<x9&!(!(x5<x6|!(x9<=(-61.3)|x12<=sin(x2)))))) CLASS=0.00
else 
if(x3>=x10-x12*x7|x11>(x2/x7)) CLASS=1.00
else 
CLASS=2.00
** CONFUSION MATRIX ** Number of classes: 3
   5    1    0 
   0    4    0 
   0    0    7 
TEST REPORT=>
CLASS[  0 (  6)] FAIL=16.67% 
CLASS[  1 (  4)] FAIL= 0.00% 
CLASS[  2 (  7)] FAIL= 0.00% 
CLASS_ERROR:    5.8823529412 PRECISION:    0.9333333333 RECALL:    0.9444444444 F1SCORE:    0.9388560158
 50:1.8519  100:1.8519  150:1.8519  200:1.8519  250:1.8519  300:1.8519  350:1.8519  400:1.8519  450:1.8519  500:1.8519 TEST REPORT=>
CLASS[  0 (  6)] FAIL=16.67% 
CLASS[  1 (  4)] FAIL= 0.00% 
CLASS[  2 (  7)] FAIL= 0.00% 
GENERATION=  255 FITNESS=    -1.852% TEST_ERROR=     5.882%
PROGRAMS=
if(!(x2<(x13+sin((exp(((x13+sin((-93.4)))+(-46.9)))-x8+(x13-(-36.66))*x1)))|x7<x9&!(!(x5<x6|!(x9<=(-61.3)|x12<=sin(x2)))))) CLASS=0.00
else 
if(x3>=x10-x12*x7|x11>(x2/x7)) CLASS=1.00
else 
CLASS=2.00
** CONFUSION MATRIX ** Number of classes: 3
   5    1    0 
   0    4    0 
   0    0    7 
TEST REPORT=>
CLASS[  0 (  6)] FAIL=16.67% 
CLASS[  1 (  4)] FAIL= 0.00% 
CLASS[  2 (  7)] FAIL= 0.00% 
CLASS_ERROR:    5.8823529412 PRECISION:    0.9333333333 RECALL:    0.9444444444 F1SCORE:    0.9388560158
 50:1.8519  100:1.8519  150:1.8519  200:1.8519  250:1.8519  300:1.8519  350:1.8519  400:1.8519  450:1.8519  500:1.8519 TEST REPORT=>
CLASS[  0 (  6)] FAIL=16.67% 
CLASS[  1 (  4)] FAIL= 0.00% 
CLASS[  2 (  7)] FAIL= 0.00% 
GENERATION=  256 FITNESS=    -1.852% TEST_ERROR=     5.882%
PROGRAMS=
if(!(x2<(x13+sin((exp(((x13+sin((-93.4)))+(-46.9)))-x8+(x13-(-36.66))*x1)))|x7<x9&!(!(x5<x6|!(x9<=(-61.3)|x12<=sin(x2)))))) CLASS=0.00
else 
if(x3>=x10-x12*x7|x11>(x2/x7)) CLASS=1.00
else 
CLASS=2.00
** CONFUSION MATRIX ** Number of classes: 3
   5    1    0 
   0    4    0 
   0    0    7 
TEST REPORT=>
CLASS[  0 (  6)] FAIL=16.67% 
CLASS[  1 (  4)] FAIL= 0.00% 
CLASS[  2 (  7)] FAIL= 0.00% 
CLASS_ERROR:    5.8823529412 PRECISION:    0.9333333333 RECALL:    0.9444444444 F1SCORE:    0.9388560158
 50:1.8519  100:1.8519  150:1.8519  200:1.8519  250:1.8519  300:1.8519  350:1.8519  400:1.8519  450:1.8519  500:1.8519 TEST REPORT=>
CLASS[  0 (  6)] FAIL=16.67% 
CLASS[  1 (  4)] FAIL= 0.00% 
CLASS[  2 (  7)] FAIL= 0.00% 
GENERATION=  257 FITNESS=    -1.852% TEST_ERROR=     5.882%
PROGRAMS=
if(!(x2<(x13+sin((exp(((x13+sin((-93.4)))+(-46.9)))-x8+(x13-(-36.66))*x1)))|x7<x9&!(!(x5<x6|!(x9<=(-61.3)|x12<=sin(x2)))))) CLASS=0.00
else 
if(x3>=x10-x12*x7|x11>(x2/x7)) CLASS=1.00
else 
CLASS=2.00
** CONFUSION MATRIX ** Number of classes: 3
   5    1    0 
   0    4    0 
   0    0    7 
TEST REPORT=>
CLASS[  0 (  6)] FAIL=16.67% 
CLASS[  1 (  4)] FAIL= 0.00% 
CLASS[  2 (  7)] FAIL= 0.00% 
CLASS_ERROR:    5.8823529412 PRECISION:    0.9333333333 RECALL:    0.9444444444 F1SCORE:    0.9388560158
 50:1.8519  100:1.8519  150:1.8519  200:1.8519  250:1.8519  300:1.8519  350:1.8519  400:1.8519  450:1.8519  500:1.8519 TEST REPORT=>
CLASS[  0 (  6)] FAIL=16.67% 
CLASS[  1 (  4)] FAIL= 0.00% 
CLASS[  2 (  7)] FAIL= 0.00% 
GENERATION=  258 FITNESS=    -1.852% TEST_ERROR=     5.882%
PROGRAMS=
if(!(x2<(x13+sin((exp(((x13+sin((-93.4)))+(-46.9)))-x8+(x13-(-36.66))*x1)))|x7<x9&!(!(x5<x6|!(x9<=(-61.3)|x12<=sin(x2)))))) CLASS=0.00
else 
if(x3>=x10-x12*x7|x11>(x2/x7)) CLASS=1.00
else 
CLASS=2.00
** CONFUSION MATRIX ** Number of classes: 3
   5    1    0 
   0    4    0 
   0    0    7 
TEST REPORT=>
CLASS[  0 (  6)] FAIL=16.67% 
CLASS[  1 (  4)] FAIL= 0.00% 
CLASS[  2 (  7)] FAIL= 0.00% 
CLASS_ERROR:    5.8823529412 PRECISION:    0.9333333333 RECALL:    0.9444444444 F1SCORE:    0.9388560158
 50:1.8519  100:1.8519  150:1.8519  200:1.8519  250:1.8519  300:1.8519  350:1.8519  400:1.8519  450:1.8519  500:1.8519 TEST REPORT=>
CLASS[  0 (  6)] FAIL=16.67% 
CLASS[  1 (  4)] FAIL= 0.00% 
CLASS[  2 (  7)] FAIL= 0.00% 
GENERATION=  259 FITNESS=    -1.852% TEST_ERROR=     5.882%
PROGRAMS=
if(!(x2<(x13+sin((exp(((x13+sin((-93.4)))+(-46.9)))-x8+(x13-(-36.66))*x1)))|x7<x9&!(!(x5<x6|!(x9<=(-61.3)|x12<=sin(x2)))))) CLASS=0.00
else 
if(x3>=x10-x12*x7|x11>(x2/x7)) CLASS=1.00
else 
CLASS=2.00
** CONFUSION MATRIX ** Number of classes: 3
   5    1    0 
   0    4    0 
   0    0    7 
TEST REPORT=>
CLASS[  0 (  6)] FAIL=16.67% 
CLASS[  1 (  4)] FAIL= 0.00% 
CLASS[  2 (  7)] FAIL= 0.00% 
CLASS_ERROR:    5.8823529412 PRECISION:    0.9333333333 RECALL:    0.9444444444 F1SCORE:    0.9388560158
 50:1.8519  100:1.8519  150:1.8519  200:1.8519  250:1.8519  300:1.8519  350:1.8519  400:1.8519  450:1.8519  500:1.8519 TEST REPORT=>
CLASS[  0 (  6)] FAIL=16.67% 
CLASS[  1 (  4)] FAIL= 0.00% 
CLASS[  2 (  7)] FAIL= 0.00% 
GENERATION=  260 FITNESS=    -1.852% TEST_ERROR=     5.882%
PROGRAMS=
if(!(x2<(x13+sin((exp(((x13+sin((-93.4)))+(-46.9)))-x8+(x13-(-36.66))*x1)))|x7<x9&!(!(x5<x6|!(x9<=(-61.3)|x12<=sin(x2)))))) CLASS=0.00
else 
if(x3>=x10-x12*x7|x11>(x2/x7)) CLASS=1.00
else 
CLASS=2.00
** CONFUSION MATRIX ** Number of classes: 3
   5    1    0 
   0    4    0 
   0    0    7 
TEST REPORT=>
CLASS[  0 (  6)] FAIL=16.67% 
CLASS[  1 (  4)] FAIL= 0.00% 
CLASS[  2 (  7)] FAIL= 0.00% 
CLASS_ERROR:    5.8823529412 PRECISION:    0.9333333333 RECALL:    0.9444444444 F1SCORE:    0.9388560158
 50:1.8519  100:1.8519  150:1.8519  200:1.8519  250:1.8519  300:1.8519  350:1.8519  400:1.8519  450:1.8519  500:1.8519 TEST REPORT=>
CLASS[  0 (  6)] FAIL=16.67% 
CLASS[  1 (  4)] FAIL= 0.00% 
CLASS[  2 (  7)] FAIL= 0.00% 
GENERATION=  261 FITNESS=    -1.852% TEST_ERROR=     5.882%
PROGRAMS=
if(!(x2<(x13+sin((exp(((x13+sin((-93.4)))+(-46.9)))-x8+(x13-(-36.66))*x1)))|x7<x9&!(!(x5<x6|!(x9<=(-61.3)|x12<=sin(x2)))))) CLASS=0.00
else 
if(x3>=x10-x12*x7|x11>(x2/x7)) CLASS=1.00
else 
CLASS=2.00
** CONFUSION MATRIX ** Number of classes: 3
   5    1    0 
   0    4    0 
   0    0    7 
TEST REPORT=>
CLASS[  0 (  6)] FAIL=16.67% 
CLASS[  1 (  4)] FAIL= 0.00% 
CLASS[  2 (  7)] FAIL= 0.00% 
CLASS_ERROR:    5.8823529412 PRECISION:    0.9333333333 RECALL:    0.9444444444 F1SCORE:    0.9388560158
 50:1.8519  100:1.8519  150:1.8519  200:1.8519  250:1.8519  300:1.8519  350:1.8519  400:1.8519  450:1.8519  500:1.8519 TEST REPORT=>
CLASS[  0 (  6)] FAIL=16.67% 
CLASS[  1 (  4)] FAIL= 0.00% 
CLASS[  2 (  7)] FAIL= 0.00% 
GENERATION=  262 FITNESS=    -1.852% TEST_ERROR=     5.882%
PROGRAMS=
if(!(x2<(x13+sin((exp(((x13+sin((-93.4)))+(-46.9)))-x8+(x13-(-36.66))*x1)))|x7<x9&!(!(x5<x6|!(x9<=(-61.3)|x12<=sin(x2)))))) CLASS=0.00
else 
if(x3>=x10-x12*x7|x11>(x2/x7)) CLASS=1.00
else 
CLASS=2.00
** CONFUSION MATRIX ** Number of classes: 3
   5    1    0 
   0    4    0 
   0    0    7 
TEST REPORT=>
CLASS[  0 (  6)] FAIL=16.67% 
CLASS[  1 (  4)] FAIL= 0.00% 
CLASS[  2 (  7)] FAIL= 0.00% 
CLASS_ERROR:    5.8823529412 PRECISION:    0.9333333333 RECALL:    0.9444444444 F1SCORE:    0.9388560158
 50:1.8519  100:1.8519  150:1.8519  200:1.8519  250:1.8519  300:1.8519  350:1.8519  400:1.8519  450:1.8519  500:1.8519 TEST REPORT=>
CLASS[  0 (  6)] FAIL=16.67% 
CLASS[  1 (  4)] FAIL= 0.00% 
CLASS[  2 (  7)] FAIL= 0.00% 
GENERATION=  263 FITNESS=    -1.852% TEST_ERROR=     5.882%
PROGRAMS=
if(!(x2<(x13+sin((exp(((x13+sin((-93.4)))+(-46.9)))-x8+(x13-(-36.66))*x1)))|x7<x9&!(!(x5<x6|!(x9<=(-61.3)|x12<=sin(x2)))))) CLASS=0.00
else 
if(x3>=x10-x12*x7|x11>(x2/x7)) CLASS=1.00
else 
CLASS=2.00
** CONFUSION MATRIX ** Number of classes: 3
   5    1    0 
   0    4    0 
   0    0    7 
TEST REPORT=>
CLASS[  0 (  6)] FAIL=16.67% 
CLASS[  1 (  4)] FAIL= 0.00% 
CLASS[  2 (  7)] FAIL= 0.00% 
CLASS_ERROR:    5.8823529412 PRECISION:    0.9333333333 RECALL:    0.9444444444 F1SCORE:    0.9388560158
 50:1.8519  100:1.8519  150:1.8519  200:1.8519  250:1.8519  300:1.8519  350:1.8519  400:1.8519  450:1.8519  500:1.8519 TEST REPORT=>
CLASS[  0 (  6)] FAIL=16.67% 
CLASS[  1 (  4)] FAIL= 0.00% 
CLASS[  2 (  7)] FAIL= 0.00% 
GENERATION=  264 FITNESS=    -1.852% TEST_ERROR=     5.882%
PROGRAMS=
if(!(x2<(x13+sin((exp(((x13+sin((-93.4)))+(-46.9)))-x8+(x13-(-36.66))*x1)))|x7<x9&!(!(x5<x6|!(x9<=(-61.3)|x12<=sin(x2)))))) CLASS=0.00
else 
if(x3>=x10-x12*x7|x11>(x2/x7)) CLASS=1.00
else 
CLASS=2.00
** CONFUSION MATRIX ** Number of classes: 3
   5    1    0 
   0    4    0 
   0    0    7 
TEST REPORT=>
CLASS[  0 (  6)] FAIL=16.67% 
CLASS[  1 (  4)] FAIL= 0.00% 
CLASS[  2 (  7)] FAIL= 0.00% 
CLASS_ERROR:    5.8823529412 PRECISION:    0.9333333333 RECALL:    0.9444444444 F1SCORE:    0.9388560158
 50:1.8519  100:1.8519  150:1.8519  200:1.8519  250:1.8519  300:1.8519  350:1.8519  400:1.8519  450:1.8519  500:1.8519 TEST REPORT=>
CLASS[  0 (  6)] FAIL=16.67% 
CLASS[  1 (  4)] FAIL= 0.00% 
CLASS[  2 (  7)] FAIL= 0.00% 
GENERATION=  265 FITNESS=    -1.852% TEST_ERROR=     5.882%
PROGRAMS=
if(!(x2<(x13+sin((exp(((x13+sin((-93.4)))+(-46.9)))-x8+(x13-(-36.66))*x1)))|x7<x9&!(!(x5<x6|!(x9<=(-61.3)|x12<=sin(x2)))))) CLASS=0.00
else 
if(x3>=x10-x12*x7|x11>(x2/x7)) CLASS=1.00
else 
CLASS=2.00
** CONFUSION MATRIX ** Number of classes: 3
   5    1    0 
   0    4    0 
   0    0    7 
TEST REPORT=>
CLASS[  0 (  6)] FAIL=16.67% 
CLASS[  1 (  4)] FAIL= 0.00% 
CLASS[  2 (  7)] FAIL= 0.00% 
CLASS_ERROR:    5.8823529412 PRECISION:    0.9333333333 RECALL:    0.9444444444 F1SCORE:    0.9388560158
 50:1.8519  100:1.8519  150:1.8519  200:1.8519  250:1.8519  300:1.8519  350:1.8519  400:1.8519  450:1.8519  500:1.8519 TEST REPORT=>
CLASS[  0 (  6)] FAIL=16.67% 
CLASS[  1 (  4)] FAIL= 0.00% 
CLASS[  2 (  7)] FAIL= 0.00% 
GENERATION=  266 FITNESS=    -1.852% TEST_ERROR=     5.882%
PROGRAMS=
if(!(x2<(x13+sin((exp(((x13+sin((-93.4)))+(-46.9)))-x8+(x13-(-36.66))*x1)))|x7<x9&!(!(x5<x6|!(x9<=(-61.3)|x12<=sin(x2)))))) CLASS=0.00
else 
if(x3>=x10-x12*x7|x11>(x2/x7)) CLASS=1.00
else 
CLASS=2.00
** CONFUSION MATRIX ** Number of classes: 3
   5    1    0 
   0    4    0 
   0    0    7 
TEST REPORT=>
CLASS[  0 (  6)] FAIL=16.67% 
CLASS[  1 (  4)] FAIL= 0.00% 
CLASS[  2 (  7)] FAIL= 0.00% 
CLASS_ERROR:    5.8823529412 PRECISION:    0.9333333333 RECALL:    0.9444444444 F1SCORE:    0.9388560158
 50:1.8519  100:1.8519  150:1.8519  200:1.8519  250:1.8519  300:1.8519  350:1.8519  400:1.8519  450:1.8519  500:1.8519 TEST REPORT=>
CLASS[  0 (  6)] FAIL=16.67% 
CLASS[  1 (  4)] FAIL= 0.00% 
CLASS[  2 (  7)] FAIL= 0.00% 
GENERATION=  267 FITNESS=    -1.852% TEST_ERROR=     5.882%
PROGRAMS=
if(!(x2<(x13+sin((exp(((x13+sin((-93.4)))+(-46.9)))-x8+(x13-(-36.66))*x1)))|x7<x9&!(!(x5<x6|!(x9<=(-61.3)|x12<=sin(x2)))))) CLASS=0.00
else 
if(x3>=x10-x12*x7|x11>(x2/x7)) CLASS=1.00
else 
CLASS=2.00
** CONFUSION MATRIX ** Number of classes: 3
   5    1    0 
   0    4    0 
   0    0    7 
TEST REPORT=>
CLASS[  0 (  6)] FAIL=16.67% 
CLASS[  1 (  4)] FAIL= 0.00% 
CLASS[  2 (  7)] FAIL= 0.00% 
CLASS_ERROR:    5.8823529412 PRECISION:    0.9333333333 RECALL:    0.9444444444 F1SCORE:    0.9388560158
 50:1.8519  100:1.8519  150:1.8519  200:1.8519  250:1.8519  300:1.8519  350:1.8519  400:1.8519  450:1.8519  500:1.8519 TEST REPORT=>
CLASS[  0 (  6)] FAIL=16.67% 
CLASS[  1 (  4)] FAIL= 0.00% 
CLASS[  2 (  7)] FAIL= 0.00% 
GENERATION=  268 FITNESS=    -1.852% TEST_ERROR=     5.882%
PROGRAMS=
if(!(x2<(x13+sin((exp(((x13+sin((-93.4)))+(-46.9)))-x8+(x13-(-36.66))*x1)))|x7<x9&!(!(x5<x6|!(x9<=(-61.3)|x12<=sin(x2)))))) CLASS=0.00
else 
if(x3>=x10-x12*x7|x11>(x2/x7)) CLASS=1.00
else 
CLASS=2.00
** CONFUSION MATRIX ** Number of classes: 3
   5    1    0 
   0    4    0 
   0    0    7 
TEST REPORT=>
CLASS[  0 (  6)] FAIL=16.67% 
CLASS[  1 (  4)] FAIL= 0.00% 
CLASS[  2 (  7)] FAIL= 0.00% 
CLASS_ERROR:    5.8823529412 PRECISION:    0.9333333333 RECALL:    0.9444444444 F1SCORE:    0.9388560158
 50:1.8519  100:1.8519  150:1.8519  200:1.8519  250:1.8519  300:1.8519  350:1.8519  400:1.8519  450:1.8519  500:1.8519 TEST REPORT=>
CLASS[  0 (  6)] FAIL=16.67% 
CLASS[  1 (  4)] FAIL= 0.00% 
CLASS[  2 (  7)] FAIL= 0.00% 
GENERATION=  269 FITNESS=    -1.852% TEST_ERROR=     5.882%
PROGRAMS=
if(!(x2<(x13+sin((exp(((x13+sin((-93.4)))+(-46.9)))-x8+(x13-(-36.66))*x1)))|x7<x9&!(!(x5<x6|!(x9<=(-61.3)|x12<=sin(x2)))))) CLASS=0.00
else 
if(x3>=x10-x12*x7|x11>(x2/x7)) CLASS=1.00
else 
CLASS=2.00
** CONFUSION MATRIX ** Number of classes: 3
   5    1    0 
   0    4    0 
   0    0    7 
TEST REPORT=>
CLASS[  0 (  6)] FAIL=16.67% 
CLASS[  1 (  4)] FAIL= 0.00% 
CLASS[  2 (  7)] FAIL= 0.00% 
CLASS_ERROR:    5.8823529412 PRECISION:    0.9333333333 RECALL:    0.9444444444 F1SCORE:    0.9388560158
 50:1.8519  100:1.8519  150:1.8519  200:1.8519  250:1.8519  300:1.8519  350:1.8519  400:1.8519  450:1.8519  500:1.8519 TEST REPORT=>
CLASS[  0 (  6)] FAIL=16.67% 
CLASS[  1 (  4)] FAIL= 0.00% 
CLASS[  2 (  7)] FAIL= 0.00% 
GENERATION=  270 FITNESS=    -1.852% TEST_ERROR=     5.882%
PROGRAMS=
if(!(x2<(x13+sin((exp(((x13+sin((-93.4)))+(-46.9)))-x8+(x13-(-36.66))*x1)))|x7<x9&!(!(x5<x6|!(x9<=(-61.3)|x12<=sin(x2)))))) CLASS=0.00
else 
if(x3>=x10-x12*x7|x11>(x2/x7)) CLASS=1.00
else 
CLASS=2.00
** CONFUSION MATRIX ** Number of classes: 3
   5    1    0 
   0    4    0 
   0    0    7 
TEST REPORT=>
CLASS[  0 (  6)] FAIL=16.67% 
CLASS[  1 (  4)] FAIL= 0.00% 
CLASS[  2 (  7)] FAIL= 0.00% 
CLASS_ERROR:    5.8823529412 PRECISION:    0.9333333333 RECALL:    0.9444444444 F1SCORE:    0.9388560158
 50:1.8519  100:1.8519  150:1.8519  200:1.8519  250:1.8519  300:1.8519  350:1.8519  400:1.8519  450:1.8519  500:1.8519 TEST REPORT=>
CLASS[  0 (  6)] FAIL=16.67% 
CLASS[  1 (  4)] FAIL= 0.00% 
CLASS[  2 (  7)] FAIL= 0.00% 
GENERATION=  271 FITNESS=    -1.852% TEST_ERROR=     5.882%
PROGRAMS=
if(!(x2<(x13+sin((exp(((x13+sin((-93.4)))+(-46.9)))-x8+(x13-(-36.66))*x1)))|x7<x9&!(!(x5<x6|!(x9<=(-61.3)|x12<=sin(x2)))))) CLASS=0.00
else 
if(x3>=x10-x12*x7|x11>(x2/x7)) CLASS=1.00
else 
CLASS=2.00
** CONFUSION MATRIX ** Number of classes: 3
   5    1    0 
   0    4    0 
   0    0    7 
TEST REPORT=>
CLASS[  0 (  6)] FAIL=16.67% 
CLASS[  1 (  4)] FAIL= 0.00% 
CLASS[  2 (  7)] FAIL= 0.00% 
CLASS_ERROR:    5.8823529412 PRECISION:    0.9333333333 RECALL:    0.9444444444 F1SCORE:    0.9388560158
 50:1.8519  100:1.8519  150:1.8519  200:1.8519  250:1.8519  300:1.8519  350:1.8519  400:1.8519  450:1.8519  500:1.8519 
TARGETED STAGNATION BURST generation=272 stagnation=20
TARGETED_BEST[0] START fitness=-1.8518518519
TARGETED_BEST[0] END fitness=-1.8518518519 accepted=0
TARGETED_BEST[1] START fitness=-1.8518518519
TARGETED_BEST[1] END fitness=-1.8518518519 accepted=0
TARGETED_BEST[2] START fitness=-1.8518518519
TARGETED_BEST[2] END fitness=-1.8518518519 accepted=0
TARGETED_BEST[3] START fitness=-1.8518518519
TARGETED_BEST[3] END fitness=-1.8518518519 accepted=0
TARGETED_BEST[4] START fitness=-1.8518518519
TARGETED_BEST[4] END fitness=-1.8518518519 accepted=0
TARGETED_BEST[5] START fitness=-1.8518518519
TARGETED_BEST[5] END fitness=-1.8518518519 accepted=0
TARGETED_BEST[6] START fitness=-1.8518518519
TARGETED_BEST[6] END fitness=-1.8518518519 accepted=0
TARGETED_BEST[7] START fitness=-1.8518518519
TARGETED_BEST[7] END fitness=-1.8518518519 accepted=0
TARGETED_BEST[8] START fitness=-1.8518518519
TARGETED_BEST[8] END fitness=-1.8518518519 accepted=0
TARGETED_BEST[9] START fitness=-1.8518518519
TARGETED_BEST[9] END fitness=-1.8518518519 accepted=0
TARGETED_BEST[10] START fitness=-1.8518518519
TARGETED_BEST[10] END fitness=-1.8518518519 accepted=0
TARGETED_BEST[11] START fitness=-1.8518518519
TARGETED_BEST[11] END fitness=-1.8518518519 accepted=0
TARGETED_BEST[12] START fitness=-1.8518518519
TARGETED_BEST[12] END fitness=-1.8518518519 accepted=0
TARGETED_BEST[13] START fitness=-1.8518518519
TARGETED_BEST[13] END fitness=-1.8518518519 accepted=0
TARGETED_BEST[14] START fitness=-1.8518518519
TARGETED_BEST[14] END fitness=-1.8518518519 accepted=0
TARGETED_BEST[15] START fitness=-1.8518518519
TARGETED_BEST[15] END fitness=-1.8518518519 accepted=0
TARGETED_BEST[16] START fitness=-1.8518518519
TARGETED_BEST[16] END fitness=-1.8518518519 accepted=0
TARGETED_BEST[17] START fitness=-1.8518518519
TARGETED_BEST[17] END fitness=-1.8518518519 accepted=0
TARGETED_BEST[18] START fitness=-1.8518518519
TARGETED_BEST[18] END fitness=-1.8518518519 accepted=0
TARGETED_BEST[19] START fitness=-1.8518518519
TARGETED_BEST[19] END fitness=-1.8518518519 accepted=0
TEST REPORT=>
CLASS[  0 (  6)] FAIL=16.67% 
CLASS[  1 (  4)] FAIL= 0.00% 
CLASS[  2 (  7)] FAIL= 0.00% 
GENERATION=  272 FITNESS=    -1.852% TEST_ERROR=     5.882%
PROGRAMS=
if(!(x2<(x13+sin((exp(((x13+sin((-93.4)))+(-46.9)))-x8+(x13-(-36.66))*x1)))|x7<x9&!(!(x5<x6|!(x9<=(-61.3)|x12<=sin(x2)))))) CLASS=0.00
else 
if(x3>=x10-x12*x7|x11>(x2/x7)) CLASS=1.00
else 
CLASS=2.00
** CONFUSION MATRIX ** Number of classes: 3
   5    1    0 
   0    4    0 
   0    0    7 
TEST REPORT=>
CLASS[  0 (  6)] FAIL=16.67% 
CLASS[  1 (  4)] FAIL= 0.00% 
CLASS[  2 (  7)] FAIL= 0.00% 
CLASS_ERROR:    5.8823529412 PRECISION:    0.9333333333 RECALL:    0.9444444444 F1SCORE:    0.9388560158
 50:1.8519  100:1.8519  150:1.8519  200:1.8519  250:1.8519  300:1.8519  350:1.8519  400:1.8519  450:1.8519  500:1.8519 TEST REPORT=>
CLASS[  0 (  6)] FAIL=16.67% 
CLASS[  1 (  4)] FAIL= 0.00% 
CLASS[  2 (  7)] FAIL= 0.00% 
GENERATION=  273 FITNESS=    -1.852% TEST_ERROR=     5.882%
PROGRAMS=
if(!(x2<(x13+sin((exp(((x13+sin((-93.4)))+(-46.9)))-x8+(x13-(-36.66))*x1)))|x7<x9&!(!(x5<x6|!(x9<=(-61.3)|x12<=sin(x2)))))) CLASS=0.00
else 
if(x3>=x10-x12*x7|x11>(x2/x7)) CLASS=1.00
else 
CLASS=2.00
** CONFUSION MATRIX ** Number of classes: 3
   5    1    0 
   0    4    0 
   0    0    7 
TEST REPORT=>
CLASS[  0 (  6)] FAIL=16.67% 
CLASS[  1 (  4)] FAIL= 0.00% 
CLASS[  2 (  7)] FAIL= 0.00% 
CLASS_ERROR:    5.8823529412 PRECISION:    0.9333333333 RECALL:    0.9444444444 F1SCORE:    0.9388560158
 50:1.8519  100:1.8519  150:1.8519  200:1.8519  250:1.8519  300:1.8519  350:1.8519  400:1.8519  450:1.8519  500:1.8519 TEST REPORT=>
CLASS[  0 (  6)] FAIL=16.67% 
CLASS[  1 (  4)] FAIL= 0.00% 
CLASS[  2 (  7)] FAIL= 0.00% 
GENERATION=  274 FITNESS=    -1.852% TEST_ERROR=     5.882%
PROGRAMS=
if(!(x2<(x13+sin((exp(((x13+sin((-93.4)))+(-46.9)))-x8+(x13-(-36.66))*x1)))|x7<x9&!(!(x5<x6|!(x9<=(-61.3)|x12<=sin(x2)))))) CLASS=0.00
else 
if(x3>=x10-x12*x7|x11>(x2/x7)) CLASS=1.00
else 
CLASS=2.00
** CONFUSION MATRIX ** Number of classes: 3
   5    1    0 
   0    4    0 
   0    0    7 
TEST REPORT=>
CLASS[  0 (  6)] FAIL=16.67% 
CLASS[  1 (  4)] FAIL= 0.00% 
CLASS[  2 (  7)] FAIL= 0.00% 
CLASS_ERROR:    5.8823529412 PRECISION:    0.9333333333 RECALL:    0.9444444444 F1SCORE:    0.9388560158
 50:1.8519  100:1.8519  150:1.8519  200:1.8519  250:1.8519  300:1.8519  350:1.8519  400:1.8519  450:1.8519  500:1.8519 TEST REPORT=>
CLASS[  0 (  6)] FAIL=16.67% 
CLASS[  1 (  4)] FAIL= 0.00% 
CLASS[  2 (  7)] FAIL= 0.00% 
GENERATION=  275 FITNESS=    -1.852% TEST_ERROR=     5.882%
PROGRAMS=
if(!(x2<(x13+sin((exp(((x13+sin((-93.4)))+(-46.9)))-x8+(x13-(-36.66))*x1)))|x7<x9&!(!(x5<x6|!(x9<=(-61.3)|x12<=sin(x2)))))) CLASS=0.00
else 
if(x3>=x10-x12*x7|x11>(x2/x7)) CLASS=1.00
else 
CLASS=2.00
** CONFUSION MATRIX ** Number of classes: 3
   5    1    0 
   0    4    0 
   0    0    7 
TEST REPORT=>
CLASS[  0 (  6)] FAIL=16.67% 
CLASS[  1 (  4)] FAIL= 0.00% 
CLASS[  2 (  7)] FAIL= 0.00% 
CLASS_ERROR:    5.8823529412 PRECISION:    0.9333333333 RECALL:    0.9444444444 F1SCORE:    0.9388560158
 50:1.8519  100:1.8519  150:1.8519  200:1.8519  250:1.8519  300:1.8519  350:1.8519  400:1.8519  450:1.8519  500:1.8519 TEST REPORT=>
CLASS[  0 (  6)] FAIL=16.67% 
CLASS[  1 (  4)] FAIL= 0.00% 
CLASS[  2 (  7)] FAIL= 0.00% 
GENERATION=  276 FITNESS=    -1.852% TEST_ERROR=     5.882%
PROGRAMS=
if(!(x2<(x13+sin((exp(((x13+sin((-93.4)))+(-46.9)))-x8+(x13-(-36.66))*x1)))|x7<x9&!(!(x5<x6|!(x9<=(-61.3)|x12<=sin(x2)))))) CLASS=0.00
else 
if(x3>=x10-x12*x7|x11>(x2/x7)) CLASS=1.00
else 
CLASS=2.00
** CONFUSION MATRIX ** Number of classes: 3
   5    1    0 
   0    4    0 
   0    0    7 
TEST REPORT=>
CLASS[  0 (  6)] FAIL=16.67% 
CLASS[  1 (  4)] FAIL= 0.00% 
CLASS[  2 (  7)] FAIL= 0.00% 
CLASS_ERROR:    5.8823529412 PRECISION:    0.9333333333 RECALL:    0.9444444444 F1SCORE:    0.9388560158
 50:1.8519  100:1.8519  150:1.8519  200:1.8519  250:1.8519  300:1.8519  350:1.8519  400:1.8519  450:1.8519  500:1.8519 TEST REPORT=>
CLASS[  0 (  6)] FAIL=16.67% 
CLASS[  1 (  4)] FAIL= 0.00% 
CLASS[  2 (  7)] FAIL= 0.00% 
GENERATION=  277 FITNESS=    -1.852% TEST_ERROR=     5.882%
PROGRAMS=
if(!(x2<(x13+sin((exp(((x13+sin((-93.4)))+(-46.9)))-x8+(x13-(-36.66))*x1)))|x7<x9&!(!(x5<x6|!(x9<=(-61.3)|x12<=sin(x2)))))) CLASS=0.00
else 
if(x3>=x10-x12*x7|x11>(x2/x7)) CLASS=1.00
else 
CLASS=2.00
** CONFUSION MATRIX ** Number of classes: 3
   5    1    0 
   0    4    0 
   0    0    7 
TEST REPORT=>
CLASS[  0 (  6)] FAIL=16.67% 
CLASS[  1 (  4)] FAIL= 0.00% 
CLASS[  2 (  7)] FAIL= 0.00% 
CLASS_ERROR:    5.8823529412 PRECISION:    0.9333333333 RECALL:    0.9444444444 F1SCORE:    0.9388560158
 50:1.8519  100:1.8519  150:1.8519  200:1.8519  250:1.8519  300:1.8519  350:1.8519  400:1.8519  450:1.8519  500:1.8519 TEST REPORT=>
CLASS[  0 (  6)] FAIL=16.67% 
CLASS[  1 (  4)] FAIL= 0.00% 
CLASS[  2 (  7)] FAIL= 0.00% 
GENERATION=  278 FITNESS=    -1.852% TEST_ERROR=     5.882%
PROGRAMS=
if(!(x2<(x13+sin((exp(((x13+sin((-93.4)))+(-46.9)))-x8+(x13-(-36.66))*x1)))|x7<x9&!(!(x5<x6|!(x9<=(-61.3)|x12<=sin(x2)))))) CLASS=0.00
else 
if(x3>=x10-x12*x7|x11>(x2/x7)) CLASS=1.00
else 
CLASS=2.00
** CONFUSION MATRIX ** Number of classes: 3
   5    1    0 
   0    4    0 
   0    0    7 
TEST REPORT=>
CLASS[  0 (  6)] FAIL=16.67% 
CLASS[  1 (  4)] FAIL= 0.00% 
CLASS[  2 (  7)] FAIL= 0.00% 
CLASS_ERROR:    5.8823529412 PRECISION:    0.9333333333 RECALL:    0.9444444444 F1SCORE:    0.9388560158
 50:1.8519  100:1.8519  150:1.8519  200:1.8519  250:1.8519  300:1.8519  350:1.8519  400:1.8519  450:1.8519  500:1.8519 TEST REPORT=>
CLASS[  0 (  6)] FAIL=16.67% 
CLASS[  1 (  4)] FAIL= 0.00% 
CLASS[  2 (  7)] FAIL= 0.00% 
GENERATION=  279 FITNESS=    -1.852% TEST_ERROR=     5.882%
PROGRAMS=
if(!(x2<(x13+sin((exp(((x13+sin((-93.4)))+(-46.9)))-x8+(x13-(-36.66))*x1)))|x7<x9&!(!(x5<x6|!(x9<=(-61.3)|x12<=sin(x2)))))) CLASS=0.00
else 
if(x3>=x10-x12*x7|x11>(x2/x7)) CLASS=1.00
else 
CLASS=2.00
** CONFUSION MATRIX ** Number of classes: 3
   5    1    0 
   0    4    0 
   0    0    7 
TEST REPORT=>
CLASS[  0 (  6)] FAIL=16.67% 
CLASS[  1 (  4)] FAIL= 0.00% 
CLASS[  2 (  7)] FAIL= 0.00% 
CLASS_ERROR:    5.8823529412 PRECISION:    0.9333333333 RECALL:    0.9444444444 F1SCORE:    0.9388560158
 50:1.8519  100:1.8519  150:1.8519  200:1.8519  250:1.8519  300:1.8519  350:1.8519  400:1.8519  450:1.8519  500:1.8519 TEST REPORT=>
CLASS[  0 (  6)] FAIL=16.67% 
CLASS[  1 (  4)] FAIL= 0.00% 
CLASS[  2 (  7)] FAIL= 0.00% 
GENERATION=  280 FITNESS=    -1.852% TEST_ERROR=     5.882%
PROGRAMS=
if(!(x2<(x13+sin((exp(((x13+sin((-93.4)))+(-46.9)))-x8+(x13-(-36.66))*x1)))|x7<x9&!(!(x5<x6|!(x9<=(-61.3)|x12<=sin(x2)))))) CLASS=0.00
else 
if(x3>=x10-x12*x7|x11>(x2/x7)) CLASS=1.00
else 
CLASS=2.00
** CONFUSION MATRIX ** Number of classes: 3
   5    1    0 
   0    4    0 
   0    0    7 
TEST REPORT=>
CLASS[  0 (  6)] FAIL=16.67% 
CLASS[  1 (  4)] FAIL= 0.00% 
CLASS[  2 (  7)] FAIL= 0.00% 
CLASS_ERROR:    5.8823529412 PRECISION:    0.9333333333 RECALL:    0.9444444444 F1SCORE:    0.9388560158
 50:1.8519  100:1.8519  150:1.8519  200:1.8519  250:1.8519  300:1.8519  350:1.8519  400:1.8519  450:1.8519  500:1.8519 TEST REPORT=>
CLASS[  0 (  6)] FAIL=16.67% 
CLASS[  1 (  4)] FAIL= 0.00% 
CLASS[  2 (  7)] FAIL= 0.00% 
GENERATION=  281 FITNESS=    -1.852% TEST_ERROR=     5.882%
PROGRAMS=
if(!(x2<(x13+sin((exp(((x13+sin((-93.4)))+(-46.9)))-x8+(x13-(-36.66))*x1)))|x7<x9&!(!(x5<x6|!(x9<=(-61.3)|x12<=sin(x2)))))) CLASS=0.00
else 
if(x3>=x10-x12*x7|x11>(x2/x7)) CLASS=1.00
else 
CLASS=2.00
** CONFUSION MATRIX ** Number of classes: 3
   5    1    0 
   0    4    0 
   0    0    7 
TEST REPORT=>
CLASS[  0 (  6)] FAIL=16.67% 
CLASS[  1 (  4)] FAIL= 0.00% 
CLASS[  2 (  7)] FAIL= 0.00% 
CLASS_ERROR:    5.8823529412 PRECISION:    0.9333333333 RECALL:    0.9444444444 F1SCORE:    0.9388560158
 50:1.8519  100:1.8519  150:1.8519  200:1.8519  250:1.8519  300:1.8519  350:1.8519  400:1.8519  450:1.8519  500:1.8519 TEST REPORT=>
CLASS[  0 (  6)] FAIL=16.67% 
CLASS[  1 (  4)] FAIL= 0.00% 
CLASS[  2 (  7)] FAIL= 0.00% 
GENERATION=  282 FITNESS=    -1.852% TEST_ERROR=     5.882%
PROGRAMS=
if(!(x2<(x13+sin((exp(((x13+sin((-93.4)))+(-46.9)))-x8+(x13-(-36.66))*x1)))|x7<x9&!(!(x5<x6|!(x9<=(-61.3)|x12<=sin(x2)))))) CLASS=0.00
else 
if(x3>=x10-x12*x7|x11>(x2/x7)) CLASS=1.00
else 
CLASS=2.00
** CONFUSION MATRIX ** Number of classes: 3
   5    1    0 
   0    4    0 
   0    0    7 
TEST REPORT=>
CLASS[  0 (  6)] FAIL=16.67% 
CLASS[  1 (  4)] FAIL= 0.00% 
CLASS[  2 (  7)] FAIL= 0.00% 
CLASS_ERROR:    5.8823529412 PRECISION:    0.9333333333 RECALL:    0.9444444444 F1SCORE:    0.9388560158
 50:1.8519  100:1.8519  150:1.8519  200:1.8519  250:1.8519  300:1.8519  350:1.8519  400:1.8519  450:1.8519  500:1.8519 TEST REPORT=>
CLASS[  0 (  6)] FAIL=16.67% 
CLASS[  1 (  4)] FAIL= 0.00% 
CLASS[  2 (  7)] FAIL= 0.00% 
GENERATION=  283 FITNESS=    -1.852% TEST_ERROR=     5.882%
PROGRAMS=
if(!(x2<(x13+sin((exp(((x13+sin((-93.4)))+(-46.9)))-x8+(x13-(-36.66))*x1)))|x7<x9&!(!(x5<x6|!(x9<=(-61.3)|x12<=sin(x2)))))) CLASS=0.00
else 
if(x3>=x10-x12*x7|x11>(x2/x7)) CLASS=1.00
else 
CLASS=2.00
** CONFUSION MATRIX ** Number of classes: 3
   5    1    0 
   0    4    0 
   0    0    7 
TEST REPORT=>
CLASS[  0 (  6)] FAIL=16.67% 
CLASS[  1 (  4)] FAIL= 0.00% 
CLASS[  2 (  7)] FAIL= 0.00% 
CLASS_ERROR:    5.8823529412 PRECISION:    0.9333333333 RECALL:    0.9444444444 F1SCORE:    0.9388560158
 50:1.8519  100:1.8519  150:1.8519  200:1.8519  250:1.8519  300:1.8519  350:1.8519  400:1.8519  450:1.8519  500:1.8519 TEST REPORT=>
CLASS[  0 (  6)] FAIL=16.67% 
CLASS[  1 (  4)] FAIL= 0.00% 
CLASS[  2 (  7)] FAIL= 0.00% 
GENERATION=  284 FITNESS=    -1.852% TEST_ERROR=     5.882%
PROGRAMS=
if(!(x2<(x13+sin((exp(((x13+sin((-93.4)))+(-46.9)))-x8+(x13-(-36.66))*x1)))|x7<x9&!(!(x5<x6|!(x9<=(-61.3)|x12<=sin(x2)))))) CLASS=0.00
else 
if(x3>=x10-x12*x7|x11>(x2/x7)) CLASS=1.00
else 
CLASS=2.00
** CONFUSION MATRIX ** Number of classes: 3
   5    1    0 
   0    4    0 
   0    0    7 
TEST REPORT=>
CLASS[  0 (  6)] FAIL=16.67% 
CLASS[  1 (  4)] FAIL= 0.00% 
CLASS[  2 (  7)] FAIL= 0.00% 
CLASS_ERROR:    5.8823529412 PRECISION:    0.9333333333 RECALL:    0.9444444444 F1SCORE:    0.9388560158
 50:1.8519  100:1.8519  150:1.8519  200:1.8519  250:1.8519  300:1.8519  350:1.8519  400:1.8519  450:1.8519  500:1.8519 TEST REPORT=>
CLASS[  0 (  6)] FAIL=16.67% 
CLASS[  1 (  4)] FAIL= 0.00% 
CLASS[  2 (  7)] FAIL= 0.00% 
GENERATION=  285 FITNESS=    -1.852% TEST_ERROR=     5.882%
PROGRAMS=
if(!(x2<(x13+sin((exp(((x13+sin((-93.4)))+(-46.9)))-x8+(x13-(-36.66))*x1)))|x7<x9&!(!(x5<x6|!(x9<=(-61.3)|x12<=sin(x2)))))) CLASS=0.00
else 
if(x3>=x10-x12*x7|x11>(x2/x7)) CLASS=1.00
else 
CLASS=2.00
** CONFUSION MATRIX ** Number of classes: 3
   5    1    0 
   0    4    0 
   0    0    7 
TEST REPORT=>
CLASS[  0 (  6)] FAIL=16.67% 
CLASS[  1 (  4)] FAIL= 0.00% 
CLASS[  2 (  7)] FAIL= 0.00% 
CLASS_ERROR:    5.8823529412 PRECISION:    0.9333333333 RECALL:    0.9444444444 F1SCORE:    0.9388560158
 50:1.8519  100:1.8519  150:1.8519  200:1.8519  250:1.8519  300:1.8519  350:1.8519  400:1.8519  450:1.8519  500:1.8519 TEST REPORT=>
CLASS[  0 (  6)] FAIL=16.67% 
CLASS[  1 (  4)] FAIL= 0.00% 
CLASS[  2 (  7)] FAIL= 0.00% 
GENERATION=  286 FITNESS=    -1.852% TEST_ERROR=     5.882%
PROGRAMS=
if(!(x2<(x13+sin((exp(((x13+sin((-93.4)))+(-46.9)))-x8+(x13-(-36.66))*x1)))|x7<x9&!(!(x5<x6|!(x9<=(-61.3)|x12<=sin(x2)))))) CLASS=0.00
else 
if(x3>=x10-x12*x7|x11>(x2/x7)) CLASS=1.00
else 
CLASS=2.00
** CONFUSION MATRIX ** Number of classes: 3
   5    1    0 
   0    4    0 
   0    0    7 
TEST REPORT=>
CLASS[  0 (  6)] FAIL=16.67% 
CLASS[  1 (  4)] FAIL= 0.00% 
CLASS[  2 (  7)] FAIL= 0.00% 
CLASS_ERROR:    5.8823529412 PRECISION:    0.9333333333 RECALL:    0.9444444444 F1SCORE:    0.9388560158
 50:1.8519  100:1.8519  150:1.8519  200:1.8519  250:1.8519  300:1.8519  350:1.8519  400:1.8519  450:1.8519  500:1.8519 TEST REPORT=>
CLASS[  0 (  6)] FAIL=16.67% 
CLASS[  1 (  4)] FAIL= 0.00% 
CLASS[  2 (  7)] FAIL= 0.00% 
GENERATION=  287 FITNESS=    -1.852% TEST_ERROR=     5.882%
PROGRAMS=
if(!(x2<(x13+sin((exp(((x13+sin((-93.4)))+(-46.9)))-x8+(x13-(-36.66))*x1)))|x7<x9&!(!(x5<x6|!(x9<=(-61.3)|x12<=sin(x2)))))) CLASS=0.00
else 
if(x3>=x10-x12*x7|x11>(x2/x7)) CLASS=1.00
else 
CLASS=2.00
** CONFUSION MATRIX ** Number of classes: 3
   5    1    0 
   0    4    0 
   0    0    7 
TEST REPORT=>
CLASS[  0 (  6)] FAIL=16.67% 
CLASS[  1 (  4)] FAIL= 0.00% 
CLASS[  2 (  7)] FAIL= 0.00% 
CLASS_ERROR:    5.8823529412 PRECISION:    0.9333333333 RECALL:    0.9444444444 F1SCORE:    0.9388560158
 50:1.8519  100:1.8519  150:1.8519  200:1.8519  250:1.8519  300:1.8519  350:1.8519  400:1.8519  450:1.8519  500:1.8519 TEST REPORT=>
CLASS[  0 (  6)] FAIL=16.67% 
CLASS[  1 (  4)] FAIL= 0.00% 
CLASS[  2 (  7)] FAIL= 0.00% 
GENERATION=  288 FITNESS=    -1.852% TEST_ERROR=     5.882%
PROGRAMS=
if(!(x2<(x13+sin((exp(((x13+sin((-93.4)))+(-46.9)))-x8+(x13-(-36.66))*x1)))|x7<x9&!(!(x5<x6|!(x9<=(-61.3)|x12<=sin(x2)))))) CLASS=0.00
else 
if(x3>=x10-x12*x7|x11>(x2/x7)) CLASS=1.00
else 
CLASS=2.00
** CONFUSION MATRIX ** Number of classes: 3
   5    1    0 
   0    4    0 
   0    0    7 
TEST REPORT=>
CLASS[  0 (  6)] FAIL=16.67% 
CLASS[  1 (  4)] FAIL= 0.00% 
CLASS[  2 (  7)] FAIL= 0.00% 
CLASS_ERROR:    5.8823529412 PRECISION:    0.9333333333 RECALL:    0.9444444444 F1SCORE:    0.9388560158
 50:1.8519  100:1.8519  150:1.8519  200:1.8519  250:1.8519  300:1.8519  350:1.8519  400:1.8519  450:1.8519  500:1.8519 TEST REPORT=>
CLASS[  0 (  6)] FAIL=16.67% 
CLASS[  1 (  4)] FAIL= 0.00% 
CLASS[  2 (  7)] FAIL= 0.00% 
GENERATION=  289 FITNESS=    -1.852% TEST_ERROR=     5.882%
PROGRAMS=
if(!(x2<(x13+sin((exp(((x13+sin((-93.4)))+(-46.9)))-x8+(x13-(-36.66))*x1)))|x7<x9&!(!(x5<x6|!(x9<=(-61.3)|x12<=sin(x2)))))) CLASS=0.00
else 
if(x3>=x10-x12*x7|x11>(x2/x7)) CLASS=1.00
else 
CLASS=2.00
** CONFUSION MATRIX ** Number of classes: 3
   5    1    0 
   0    4    0 
   0    0    7 
TEST REPORT=>
CLASS[  0 (  6)] FAIL=16.67% 
CLASS[  1 (  4)] FAIL= 0.00% 
CLASS[  2 (  7)] FAIL= 0.00% 
CLASS_ERROR:    5.8823529412 PRECISION:    0.9333333333 RECALL:    0.9444444444 F1SCORE:    0.9388560158
 50:1.8519  100:1.8519  150:1.8519  200:1.8519  250:1.8519  300:1.8519  350:1.8519  400:1.8519  450:1.8519  500:1.8519 TEST REPORT=>
CLASS[  0 (  6)] FAIL=16.67% 
CLASS[  1 (  4)] FAIL= 0.00% 
CLASS[  2 (  7)] FAIL= 0.00% 
GENERATION=  290 FITNESS=    -1.852% TEST_ERROR=     5.882%
PROGRAMS=
if(!(x2<(x13+sin((exp(((x13+sin((-93.4)))+(-46.9)))-x8+(x13-(-36.66))*x1)))|x7<x9&!(!(x5<x6|!(x9<=(-61.3)|x12<=sin(x2)))))) CLASS=0.00
else 
if(x3>=x10-x12*x7|x11>(x2/x7)) CLASS=1.00
else 
CLASS=2.00
** CONFUSION MATRIX ** Number of classes: 3
   5    1    0 
   0    4    0 
   0    0    7 
TEST REPORT=>
CLASS[  0 (  6)] FAIL=16.67% 
CLASS[  1 (  4)] FAIL= 0.00% 
CLASS[  2 (  7)] FAIL= 0.00% 
CLASS_ERROR:    5.8823529412 PRECISION:    0.9333333333 RECALL:    0.9444444444 F1SCORE:    0.9388560158
 50:1.8519  100:1.8519  150:1.8519  200:1.8519  250:1.8519  300:1.8519  350:1.8519  400:1.8519  450:1.8519  500:1.8519 TEST REPORT=>
CLASS[  0 (  6)] FAIL=16.67% 
CLASS[  1 (  4)] FAIL= 0.00% 
CLASS[  2 (  7)] FAIL= 0.00% 
GENERATION=  291 FITNESS=    -1.852% TEST_ERROR=     5.882%
PROGRAMS=
if(!(x2<(x13+sin((exp(((x13+sin((-93.4)))+(-46.9)))-x8+(x13-(-36.66))*x1)))|x7<x9&!(!(x5<x6|!(x9<=(-61.3)|x12<=sin(x2)))))) CLASS=0.00
else 
if(x3>=x10-x12*x7|x11>(x2/x7)) CLASS=1.00
else 
CLASS=2.00
** CONFUSION MATRIX ** Number of classes: 3
   5    1    0 
   0    4    0 
   0    0    7 
TEST REPORT=>
CLASS[  0 (  6)] FAIL=16.67% 
CLASS[  1 (  4)] FAIL= 0.00% 
CLASS[  2 (  7)] FAIL= 0.00% 
CLASS_ERROR:    5.8823529412 PRECISION:    0.9333333333 RECALL:    0.9444444444 F1SCORE:    0.9388560158
 50:1.8519  100:1.8519  150:1.8519  200:1.8519  250:1.8519  300:1.8519  350:1.8519  400:1.8519  450:1.8519  500:1.8519 
TARGETED STAGNATION BURST generation=292 stagnation=20
TARGETED_BEST[0] START fitness=-1.8518518519
TARGETED_BEST[0] END fitness=-1.8518518519 accepted=0
TARGETED_BEST[1] START fitness=-1.8518518519
TARGETED_BEST[1] END fitness=-1.8518518519 accepted=0
TARGETED_BEST[2] START fitness=-1.8518518519
TARGETED_BEST[2] END fitness=-1.8518518519 accepted=0
TARGETED_BEST[3] START fitness=-1.8518518519
TARGETED_BEST[3] END fitness=-1.8518518519 accepted=0
TARGETED_BEST[4] START fitness=-1.8518518519
TARGETED_BEST[4] END fitness=-1.8518518519 accepted=0
TARGETED_BEST[5] START fitness=-1.8518518519
TARGETED_BEST[5] END fitness=-1.8518518519 accepted=0
TARGETED_BEST[6] START fitness=-1.8518518519
TARGETED_BEST[6] END fitness=-1.8518518519 accepted=0
TARGETED_BEST[7] START fitness=-1.8518518519
TARGETED_BEST[7] END fitness=-1.8518518519 accepted=0
TARGETED_BEST[8] START fitness=-1.8518518519
TARGETED_BEST[8] END fitness=-1.8518518519 accepted=0
TARGETED_BEST[9] START fitness=-1.8518518519
TARGETED_BEST[9] END fitness=-1.8518518519 accepted=0
TARGETED_BEST[10] START fitness=-1.8518518519
TARGETED_BEST[10] END fitness=-1.8518518519 accepted=0
TARGETED_BEST[11] START fitness=-1.8518518519
TARGETED_BEST[11] END fitness=-1.8518518519 accepted=0
TARGETED_BEST[12] START fitness=-1.8518518519
TARGETED_BEST[12] END fitness=-1.8518518519 accepted=0
TARGETED_BEST[13] START fitness=-1.8518518519
TARGETED_BEST[13] END fitness=-1.8518518519 accepted=0
TARGETED_BEST[14] START fitness=-1.8518518519
TARGETED_BEST[14] END fitness=-1.8518518519 accepted=0
TARGETED_BEST[15] START fitness=-1.8518518519
TARGETED_BEST[15] END fitness=-1.8518518519 accepted=0
TARGETED_BEST[16] START fitness=-1.8518518519
TARGETED_BEST[16] END fitness=-1.8518518519 accepted=0
TARGETED_BEST[17] START fitness=-1.8518518519
TARGETED_BEST[17] END fitness=-1.8518518519 accepted=0
TARGETED_BEST[18] START fitness=-1.8518518519
TARGETED_BEST[18] END fitness=-1.8518518519 accepted=0
TARGETED_BEST[19] START fitness=-1.8518518519
TARGETED_BEST[19] END fitness=-1.8518518519 accepted=0
TEST REPORT=>
CLASS[  0 (  6)] FAIL=16.67% 
CLASS[  1 (  4)] FAIL= 0.00% 
CLASS[  2 (  7)] FAIL= 0.00% 
GENERATION=  292 FITNESS=    -1.852% TEST_ERROR=     5.882%
PROGRAMS=
if(!(x2<(x13+sin((exp(((x13+sin((-93.4)))+(-46.9)))-x8+(x13-(-36.66))*x1)))|x7<x9&!(!(x5<x6|!(x9<=(-61.3)|x12<=sin(x2)))))) CLASS=0.00
else 
if(x3>=x10-x12*x7|x11>(x2/x7)) CLASS=1.00
else 
CLASS=2.00
** CONFUSION MATRIX ** Number of classes: 3
   5    1    0 
   0    4    0 
   0    0    7 
TEST REPORT=>
CLASS[  0 (  6)] FAIL=16.67% 
CLASS[  1 (  4)] FAIL= 0.00% 
CLASS[  2 (  7)] FAIL= 0.00% 
CLASS_ERROR:    5.8823529412 PRECISION:    0.9333333333 RECALL:    0.9444444444 F1SCORE:    0.9388560158
 50:1.8519  100:1.8519  150:1.8519  200:1.8519  250:1.8519  300:1.8519  350:1.8519  400:1.8519  450:1.8519  500:1.8519 TEST REPORT=>
CLASS[  0 (  6)] FAIL=16.67% 
CLASS[  1 (  4)] FAIL= 0.00% 
CLASS[  2 (  7)] FAIL= 0.00% 
GENERATION=  293 FITNESS=    -1.852% TEST_ERROR=     5.882%
PROGRAMS=
if(!(x2<(x13+sin((exp(((x13+sin((-93.4)))+(-46.9)))-x8+(x13-(-36.66))*x1)))|x7<x9&!(!(x5<x6|!(x9<=(-61.3)|x12<=sin(x2)))))) CLASS=0.00
else 
if(x3>=x10-x12*x7|x11>(x2/x7)) CLASS=1.00
else 
CLASS=2.00
** CONFUSION MATRIX ** Number of classes: 3
   5    1    0 
   0    4    0 
   0    0    7 
TEST REPORT=>
CLASS[  0 (  6)] FAIL=16.67% 
CLASS[  1 (  4)] FAIL= 0.00% 
CLASS[  2 (  7)] FAIL= 0.00% 
CLASS_ERROR:    5.8823529412 PRECISION:    0.9333333333 RECALL:    0.9444444444 F1SCORE:    0.9388560158
 50:1.8519  100:1.8519  150:1.8519  200:1.8519  250:1.8519  300:1.8519  350:1.8519  400:1.8519  450:1.8519  500:1.8519 TEST REPORT=>
CLASS[  0 (  6)] FAIL=16.67% 
CLASS[  1 (  4)] FAIL= 0.00% 
CLASS[  2 (  7)] FAIL= 0.00% 
GENERATION=  294 FITNESS=    -1.852% TEST_ERROR=     5.882%
PROGRAMS=
if(!(x2<(x13+sin((exp(((x13+sin((-93.4)))+(-46.9)))-x8+(x13-(-36.66))*x1)))|x7<x9&!(!(x5<x6|!(x9<=(-61.3)|x12<=sin(x2)))))) CLASS=0.00
else 
if(x3>=x10-x12*x7|x11>(x2/x7)) CLASS=1.00
else 
CLASS=2.00
** CONFUSION MATRIX ** Number of classes: 3
   5    1    0 
   0    4    0 
   0    0    7 
TEST REPORT=>
CLASS[  0 (  6)] FAIL=16.67% 
CLASS[  1 (  4)] FAIL= 0.00% 
CLASS[  2 (  7)] FAIL= 0.00% 
CLASS_ERROR:    5.8823529412 PRECISION:    0.9333333333 RECALL:    0.9444444444 F1SCORE:    0.9388560158
 50:1.8519  100:1.8519  150:1.8519  200:1.8519  250:1.8519  300:1.8519  350:1.8519  400:1.8519  450:1.8519  500:1.8519 TEST REPORT=>
CLASS[  0 (  6)] FAIL=16.67% 
CLASS[  1 (  4)] FAIL= 0.00% 
CLASS[  2 (  7)] FAIL= 0.00% 
GENERATION=  295 FITNESS=    -1.852% TEST_ERROR=     5.882%
PROGRAMS=
if(!(x2<(x13+sin((exp(((x13+sin((-93.4)))+(-46.9)))-x8+(x13-(-36.66))*x1)))|x7<x9&!(!(x5<x6|!(x9<=(-61.3)|x12<=sin(x2)))))) CLASS=0.00
else 
if(x3>=x10-x12*x7|x11>(x2/x7)) CLASS=1.00
else 
CLASS=2.00
** CONFUSION MATRIX ** Number of classes: 3
   5    1    0 
   0    4    0 
   0    0    7 
TEST REPORT=>
CLASS[  0 (  6)] FAIL=16.67% 
CLASS[  1 (  4)] FAIL= 0.00% 
CLASS[  2 (  7)] FAIL= 0.00% 
CLASS_ERROR:    5.8823529412 PRECISION:    0.9333333333 RECALL:    0.9444444444 F1SCORE:    0.9388560158
 50:1.8519  100:1.8519  150:1.8519  200:1.8519  250:1.8519  300:1.8519  350:1.8519  400:1.8519  450:1.8519  500:1.8519 TEST REPORT=>
CLASS[  0 (  6)] FAIL=16.67% 
CLASS[  1 (  4)] FAIL= 0.00% 
CLASS[  2 (  7)] FAIL= 0.00% 
GENERATION=  296 FITNESS=    -1.852% TEST_ERROR=     5.882%
PROGRAMS=
if(!(x2<(x13+sin((exp(((x13+sin((-93.4)))+(-46.9)))-x8+(x13-(-36.66))*x1)))|x7<x9&!(!(x5<x6|!(x9<=(-61.3)|x12<=sin(x2)))))) CLASS=0.00
else 
if(x3>=x10-x12*x7|x11>(x2/x7)) CLASS=1.00
else 
CLASS=2.00
** CONFUSION MATRIX ** Number of classes: 3
   5    1    0 
   0    4    0 
   0    0    7 
TEST REPORT=>
CLASS[  0 (  6)] FAIL=16.67% 
CLASS[  1 (  4)] FAIL= 0.00% 
CLASS[  2 (  7)] FAIL= 0.00% 
CLASS_ERROR:    5.8823529412 PRECISION:    0.9333333333 RECALL:    0.9444444444 F1SCORE:    0.9388560158
 50:1.8519  100:1.8519  150:1.8519  200:1.8519  250:1.8519  300:1.8519  350:1.8519  400:1.8519  450:1.8519  500:1.8519 TEST REPORT=>
CLASS[  0 (  6)] FAIL=16.67% 
CLASS[  1 (  4)] FAIL= 0.00% 
CLASS[  2 (  7)] FAIL= 0.00% 
GENERATION=  297 FITNESS=    -1.852% TEST_ERROR=     5.882%
PROGRAMS=
if(!(x2<(x13+sin((exp(((x13+sin((-93.4)))+(-46.9)))-x8+(x13-(-36.66))*x1)))|x7<x9&!(!(x5<x6|!(x9<=(-61.3)|x12<=sin(x2)))))) CLASS=0.00
else 
if(x3>=x10-x12*x7|x11>(x2/x7)) CLASS=1.00
else 
CLASS=2.00
** CONFUSION MATRIX ** Number of classes: 3
   5    1    0 
   0    4    0 
   0    0    7 
TEST REPORT=>
CLASS[  0 (  6)] FAIL=16.67% 
CLASS[  1 (  4)] FAIL= 0.00% 
CLASS[  2 (  7)] FAIL= 0.00% 
CLASS_ERROR:    5.8823529412 PRECISION:    0.9333333333 RECALL:    0.9444444444 F1SCORE:    0.9388560158
 50:1.8519  100:1.8519  150:1.8519  200:1.8519  250:1.8519  300:1.8519  350:1.8519  400:1.8519  450:1.8519  500:1.8519 TEST REPORT=>
CLASS[  0 (  6)] FAIL=16.67% 
CLASS[  1 (  4)] FAIL= 0.00% 
CLASS[  2 (  7)] FAIL= 0.00% 
GENERATION=  298 FITNESS=    -1.852% TEST_ERROR=     5.882%
PROGRAMS=
if(!(x2<(x13+sin((exp(((x13+sin((-93.4)))+(-46.9)))-x8+(x13-(-36.66))*x1)))|x7<x9&!(!(x5<x6|!(x9<=(-61.3)|x12<=sin(x2)))))) CLASS=0.00
else 
if(x3>=x10-x12*x7|x11>(x2/x7)) CLASS=1.00
else 
CLASS=2.00
** CONFUSION MATRIX ** Number of classes: 3
   5    1    0 
   0    4    0 
   0    0    7 
TEST REPORT=>
CLASS[  0 (  6)] FAIL=16.67% 
CLASS[  1 (  4)] FAIL= 0.00% 
CLASS[  2 (  7)] FAIL= 0.00% 
CLASS_ERROR:    5.8823529412 PRECISION:    0.9333333333 RECALL:    0.9444444444 F1SCORE:    0.9388560158
 50:1.8519  100:1.8519  150:1.8519  200:1.8519  250:1.8519  300:1.8519  350:1.8519  400:1.8519  450:1.8519  500:1.8519 TEST REPORT=>
CLASS[  0 (  6)] FAIL=16.67% 
CLASS[  1 (  4)] FAIL= 0.00% 
CLASS[  2 (  7)] FAIL= 0.00% 
GENERATION=  299 FITNESS=    -1.852% TEST_ERROR=     5.882%
PROGRAMS=
if(!(x2<(x13+sin((exp(((x13+sin((-93.4)))+(-46.9)))-x8+(x13-(-36.66))*x1)))|x7<x9&!(!(x5<x6|!(x9<=(-61.3)|x12<=sin(x2)))))) CLASS=0.00
else 
if(x3>=x10-x12*x7|x11>(x2/x7)) CLASS=1.00
else 
CLASS=2.00
** CONFUSION MATRIX ** Number of classes: 3
   5    1    0 
   0    4    0 
   0    0    7 
TEST REPORT=>
CLASS[  0 (  6)] FAIL=16.67% 
CLASS[  1 (  4)] FAIL= 0.00% 
CLASS[  2 (  7)] FAIL= 0.00% 
CLASS_ERROR:    5.8823529412 PRECISION:    0.9333333333 RECALL:    0.9444444444 F1SCORE:    0.9388560158
 50:1.8519  100:1.8519  150:1.8519  200:1.8519  250:1.8519  300:1.8519  350:1.8519  400:1.8519  450:1.8519  500:1.8519 TARGETED[0] START fitness=       -1.8518518519
TARGETED[0] END fitness=       -1.8518518519 accepted=0
TARGETED[265] START fitness=      -37.6543209877
TARGETED[265] iter=8 type=VARIABLE codonPos=2 codon=25->28 rule=10->13 fitness=      -37.6543209877->      -31.4814814815
TARGETED[265] END fitness=      -31.4814814815 accepted=1
TARGETED[52] START fitness=       -1.8518518519
TARGETED[52] END fitness=       -1.8518518519 accepted=0
TARGETED[214] START fitness=      -32.7160493827
TARGETED[214] iter=4 type=UNKNOWN codonPos=57 codon=157->156 rule=1->0 fitness=      -32.7160493827->       -6.1728395062
TARGETED[214] iter=15 type=UNKNOWN codonPos=31 codon=198->199 rule=0->1 fitness=       -6.1728395062->       -1.8518518519
TARGETED[214] END fitness=       -1.8518518519 accepted=2
TARGETED[417] START fitness=-100000000.0000000000
TARGETED[417] iter=6 type=VARIABLE codonPos=75 codon=183->178 rule=3->13 fitness=-100000000.0000000000->      -30.2469135802
TARGETED[417] iter=7 type=VARIABLE codonPos=101 codon=49->43 rule=4->13 fitness=      -30.2469135802->      -22.2222222222
TARGETED[417] iter=23 type=FUNCTION codonPos=103 codon=223->224 rule=3->0 fitness=      -22.2222222222->      -19.1358024691
TARGETED[417] iter=46 type=VARIABLE codonPos=116 codon=91->84 rule=1->9 fitness=      -19.1358024691->      -18.5185185185
TARGETED[417] END fitness=      -18.5185185185 accepted=4
TARGETED[10] START fitness=       -1.8518518519
TARGETED[10] END fitness=       -1.8518518519 accepted=0
TARGETED[29] START fitness=       -1.8518518519
TARGETED[29] END fitness=       -1.8518518519 accepted=0
TARGETED[333] START fitness=      -66.6666666667
TARGETED[333] iter=1 type=VARIABLE codonPos=16 codon=177->179 rule=12->14 fitness=      -66.6666666667->      -38.2716049383
TARGETED[333] iter=4 type=VARIABLE codonPos=110 codon=173->176 rule=8->11 fitness=      -38.2716049383->      -34.5679012346
TARGETED[333] iter=20 type=VARIABLE codonPos=38 codon=109->112 rule=4->7 fitness=      -34.5679012346->      -32.7160493827
TARGETED[333] iter=36 type=VARIABLE codonPos=109 codon=128->126 rule=8->6 fitness=      -32.7160493827->      -31.4814814815
TARGETED[333] END fitness=      -31.4814814815 accepted=4
TARGETED[412] START fitness=-100000000.0000000000
TARGETED[412] iter=2 type=VARIABLE codonPos=104 codon=59->62 rule=14->2 fitness=-100000000.0000000000->      -40.7407407407
TARGETED[412] iter=8 type=BOOLEAN_OPERATOR codonPos=44 codon=79->80 rule=3->0 fitness=      -40.7407407407->      -13.5802469136
TARGETED[412] END fitness=      -13.5802469136 accepted=2
TARGETED[153] START fitness=      -27.7777777778
TARGETED[153] iter=1 type=VARIABLE codonPos=107 codon=73->71 rule=13->11 fitness=      -27.7777777778->      -27.1604938272
TARGETED[153] iter=4 type=VARIABLE codonPos=109 codon=181->179 rule=1->14 fitness=      -27.1604938272->       -2.4691358025
TARGETED[153] iter=19 type=VARIABLE codonPos=101 codon=56->50 rule=11->5 fitness=       -2.4691358025->       -1.8518518519
TARGETED[153] END fitness=       -1.8518518519 accepted=3
TARGETED[147] START fitness=      -27.7777777778
TARGETED[147] iter=1 type=VARIABLE codonPos=107 codon=73->74 rule=13->14 fitness=      -27.7777777778->      -25.3086419753
TARGETED[147] iter=15 type=VARIABLE codonPos=108 codon=75->78 rule=0->3 fitness=      -25.3086419753->      -17.2839506173
TARGETED[147] iter=25 type=VARIABLE codonPos=118 codon=231->226 rule=6->1 fitness=      -17.2839506173->       -6.7901234568
TARGETED[147] iter=31 type=VARIABLE codonPos=115 codon=175->171 rule=10->6 fitness=       -6.7901234568->       -5.5555555556
TARGETED[147] END fitness=       -5.5555555556 accepted=4
TARGETED[448] START fitness=-100000000.0000000000
TARGETED[448] iter=15 type=UNKNOWN codonPos=36 codon=178->179 rule=0->1 fitness=-100000000.0000000000->      -11.7283950617
TARGETED[448] iter=23 type=BINARY_OPERATOR codonPos=63 codon=69->70 rule=1->2 fitness=      -11.7283950617->      -11.1111111111
TARGETED[448] END fitness=      -11.1111111111 accepted=2
TARGETED[300] START fitness=      -58.6419753086
TARGETED[300] iter=2 type=VARIABLE codonPos=129 codon=122->123 rule=2->3 fitness=      -58.6419753086->      -32.7160493827
TARGETED[300] iter=46 type=FUNCTION codonPos=12 codon=224->225 rule=0->1 fitness=      -32.7160493827->       -6.1728395062
TARGETED[300] END fitness=       -6.1728395062 accepted=2
TARGETED[484] START fitness=-100000000.0000000000
TARGETED[484] iter=44 type=VARIABLE codonPos=2 codon=25->28 rule=10->13 fitness=-100000000.0000000000->      -67.2839506173
TARGETED[484] END fitness=      -67.2839506173 accepted=1
TARGETED[239] START fitness=      -33.3333333333
TARGETED[239] iter=9 type=VARIABLE codonPos=119 codon=101->105 rule=11->0 fitness=      -33.3333333333->      -27.7777777778
TARGETED[239] END fitness=      -27.7777777778 accepted=1
TARGETED[31] START fitness=       -1.8518518519
TARGETED[31] END fitness=       -1.8518518519 accepted=0
TARGETED[31] START fitness=       -1.8518518519
TARGETED[31] END fitness=       -1.8518518519 accepted=0
TARGETED[69] START fitness=       -2.4691358025
TARGETED[69] END fitness=       -2.4691358025 accepted=0
TARGETED[188] START fitness=      -32.7160493827
TARGETED[188] iter=8 type=FUNCTION codonPos=9 codon=9->10 rule=1->2 fitness=      -32.7160493827->       -1.8518518519
TARGETED[188] END fitness=       -1.8518518519 accepted=1
TARGETED[180] START fitness=      -30.8641975309
TARGETED[180] iter=18 type=VARIABLE codonPos=101 codon=56->58 rule=11->13 fitness=      -30.8641975309->      -23.4567901235
TARGETED[180] iter=21 type=BINARY_OPERATOR codonPos=120 codon=81->83 rule=1->3 fitness=      -23.4567901235->      -16.6666666667
TARGETED[180] iter=47 type=UNKNOWN codonPos=125 codon=225->221 rule=5->1 fitness=      -16.6666666667->      -15.4320987654
TARGETED[180] END fitness=      -15.4320987654 accepted=3
TEST REPORT=>
CLASS[  0 (  6)] FAIL=16.67% 
CLASS[  1 (  4)] FAIL= 0.00% 
CLASS[  2 (  7)] FAIL= 0.00% 
GENERATION=  300 FITNESS=    -1.852% TEST_ERROR=     5.882%
PROGRAMS=
if(!(x2<(x13+sin((exp(((x13+sin((-93.4)))+(-46.9)))-x8+(x13-(-36.66))*x1)))|x7<x9&!(!(x5<x6|!(x9<=(-61.3)|x12<=sin(x2)))))) CLASS=0.00
else 
if(x3>=x10-x12*x7|x11>(x2/x7)) CLASS=1.00
else 
CLASS=2.00
** CONFUSION MATRIX ** Number of classes: 3
   5    1    0 
   0    4    0 
   0    0    7 
TEST REPORT=>
CLASS[  0 (  6)] FAIL=16.67% 
CLASS[  1 (  4)] FAIL= 0.00% 
CLASS[  2 (  7)] FAIL= 0.00% 
CLASS_ERROR:    5.8823529412 PRECISION:    0.9333333333 RECALL:    0.9444444444 F1SCORE:    0.9388560158
 50:1.8519  100:1.8519  150:1.8519  200:1.8519  250:1.8519  300:1.8519  350:1.8519  400:1.8519  450:1.8519  500:1.8519 TEST REPORT=>
CLASS[  0 (  6)] FAIL=16.67% 
CLASS[  1 (  4)] FAIL= 0.00% 
CLASS[  2 (  7)] FAIL= 0.00% 
GENERATION=  301 FITNESS=    -1.852% TEST_ERROR=     5.882%
PROGRAMS=
if(!(x2<(x13+sin((exp(((x13+sin((-93.4)))+(-46.9)))-x8+(x13-(-36.66))*x1)))|x7<x9&!(!(x5<x6|!(x9<=(-61.3)|x12<=sin(x2)))))) CLASS=0.00
else 
if(x3>=x10-x12*x7|x11>(x2/x7)) CLASS=1.00
else 
CLASS=2.00
** CONFUSION MATRIX ** Number of classes: 3
   5    1    0 
   0    4    0 
   0    0    7 
TEST REPORT=>
CLASS[  0 (  6)] FAIL=16.67% 
CLASS[  1 (  4)] FAIL= 0.00% 
CLASS[  2 (  7)] FAIL= 0.00% 
CLASS_ERROR:    5.8823529412 PRECISION:    0.9333333333 RECALL:    0.9444444444 F1SCORE:    0.9388560158
 50:1.8519  100:1.8519  150:1.8519  200:1.8519  250:1.8519  300:1.8519  350:1.8519  400:1.8519  450:1.8519  500:1.8519 TEST REPORT=>
CLASS[  0 (  6)] FAIL=16.67% 
CLASS[  1 (  4)] FAIL= 0.00% 
CLASS[  2 (  7)] FAIL= 0.00% 
GENERATION=  302 FITNESS=    -1.852% TEST_ERROR=     5.882%
PROGRAMS=
if(!(x2<(x13+sin((exp(((x13+sin((-93.4)))+(-46.9)))-x8+(x13-(-36.66))*x1)))|x7<x9&!(!(x5<x6|!(x9<=(-61.3)|x12<=sin(x2)))))) CLASS=0.00
else 
if(x3>=x10-x12*x7|x11>(x2/x7)) CLASS=1.00
else 
CLASS=2.00
** CONFUSION MATRIX ** Number of classes: 3
   5    1    0 
   0    4    0 
   0    0    7 
TEST REPORT=>
CLASS[  0 (  6)] FAIL=16.67% 
CLASS[  1 (  4)] FAIL= 0.00% 
CLASS[  2 (  7)] FAIL= 0.00% 
CLASS_ERROR:    5.8823529412 PRECISION:    0.9333333333 RECALL:    0.9444444444 F1SCORE:    0.9388560158
 50:1.8519  100:1.8519  150:1.8519  200:1.8519  250:1.8519  300:1.8519  350:1.8519  400:1.8519  450:1.8519  500:1.8519 TEST REPORT=>
CLASS[  0 (  6)] FAIL=16.67% 
CLASS[  1 (  4)] FAIL= 0.00% 
CLASS[  2 (  7)] FAIL= 0.00% 
GENERATION=  303 FITNESS=    -1.852% TEST_ERROR=     5.882%
PROGRAMS=
if(!(x2<(x13+sin((exp(((x13+sin((-93.4)))+(-46.9)))-x8+(x13-(-36.66))*x1)))|x7<x9&!(!(x5<x6|!(x9<=(-61.3)|x12<=sin(x2)))))) CLASS=0.00
else 
if(x3>=x10-x12*x7|x11>(x2/x7)) CLASS=1.00
else 
CLASS=2.00
** CONFUSION MATRIX ** Number of classes: 3
   5    1    0 
   0    4    0 
   0    0    7 
TEST REPORT=>
CLASS[  0 (  6)] FAIL=16.67% 
CLASS[  1 (  4)] FAIL= 0.00% 
CLASS[  2 (  7)] FAIL= 0.00% 
CLASS_ERROR:    5.8823529412 PRECISION:    0.9333333333 RECALL:    0.9444444444 F1SCORE:    0.9388560158
 50:1.8519  100:1.8519  150:1.8519  200:1.8519  250:1.8519  300:1.8519  350:1.8519  400:1.8519  450:1.8519  500:1.8519 TEST REPORT=>
CLASS[  0 (  6)] FAIL=16.67% 
CLASS[  1 (  4)] FAIL= 0.00% 
CLASS[  2 (  7)] FAIL= 0.00% 
GENERATION=  304 FITNESS=    -1.852% TEST_ERROR=     5.882%
PROGRAMS=
if(!(x2<(x13+sin((exp(((x13+sin((-93.4)))+(-46.9)))-x8+(x13-(-36.66))*x1)))|x7<x9&!(!(x5<x6|!(x9<=(-61.3)|x12<=sin(x2)))))) CLASS=0.00
else 
if(x3>=x10-x12*x7|x11>(x2/x7)) CLASS=1.00
else 
CLASS=2.00
** CONFUSION MATRIX ** Number of classes: 3
   5    1    0 
   0    4    0 
   0    0    7 
TEST REPORT=>
CLASS[  0 (  6)] FAIL=16.67% 
CLASS[  1 (  4)] FAIL= 0.00% 
CLASS[  2 (  7)] FAIL= 0.00% 
CLASS_ERROR:    5.8823529412 PRECISION:    0.9333333333 RECALL:    0.9444444444 F1SCORE:    0.9388560158
 50:1.8519  100:1.8519  150:1.8519  200:1.8519  250:1.8519  300:1.8519  350:1.8519  400:1.8519  450:1.8519  500:1.8519 TEST REPORT=>
CLASS[  0 (  6)] FAIL=16.67% 
CLASS[  1 (  4)] FAIL= 0.00% 
CLASS[  2 (  7)] FAIL= 0.00% 
GENERATION=  305 FITNESS=    -1.852% TEST_ERROR=     5.882%
PROGRAMS=
if(!(x2<(x13+sin((exp(((x13+sin((-93.4)))+(-46.9)))-x8+(x13-(-36.66))*x1)))|x7<x9&!(!(x5<x6|!(x9<=(-61.3)|x12<=sin(x2)))))) CLASS=0.00
else 
if(x3>=x10-x12*x7|x11>(x2/x7)) CLASS=1.00
else 
CLASS=2.00
** CONFUSION MATRIX ** Number of classes: 3
   5    1    0 
   0    4    0 
   0    0    7 
TEST REPORT=>
CLASS[  0 (  6)] FAIL=16.67% 
CLASS[  1 (  4)] FAIL= 0.00% 
CLASS[  2 (  7)] FAIL= 0.00% 
CLASS_ERROR:    5.8823529412 PRECISION:    0.9333333333 RECALL:    0.9444444444 F1SCORE:    0.9388560158
 50:1.8519  100:1.8519  150:1.8519  200:1.8519  250:1.8519  300:1.8519  350:1.8519  400:1.8519  450:1.8519  500:1.8519 TEST REPORT=>
CLASS[  0 (  6)] FAIL=16.67% 
CLASS[  1 (  4)] FAIL= 0.00% 
CLASS[  2 (  7)] FAIL= 0.00% 
GENERATION=  306 FITNESS=    -1.852% TEST_ERROR=     5.882%
PROGRAMS=
if(!(x2<(x13+sin((exp(((x13+sin((-93.4)))+(-46.9)))-x8+(x13-(-36.66))*x1)))|x7<x9&!(!(x5<x6|!(x9<=(-61.3)|x12<=sin(x2)))))) CLASS=0.00
else 
if(x3>=x10-x12*x7|x11>(x2/x7)) CLASS=1.00
else 
CLASS=2.00
** CONFUSION MATRIX ** Number of classes: 3
   5    1    0 
   0    4    0 
   0    0    7 
TEST REPORT=>
CLASS[  0 (  6)] FAIL=16.67% 
CLASS[  1 (  4)] FAIL= 0.00% 
CLASS[  2 (  7)] FAIL= 0.00% 
CLASS_ERROR:    5.8823529412 PRECISION:    0.9333333333 RECALL:    0.9444444444 F1SCORE:    0.9388560158
 50:1.8519  100:1.8519  150:1.8519  200:1.8519  250:1.8519  300:1.8519  350:1.8519  400:1.8519  450:1.8519  500:1.8519 TEST REPORT=>
CLASS[  0 (  6)] FAIL=16.67% 
CLASS[  1 (  4)] FAIL= 0.00% 
CLASS[  2 (  7)] FAIL= 0.00% 
GENERATION=  307 FITNESS=    -1.852% TEST_ERROR=     5.882%
PROGRAMS=
if(!(x2<(x13+sin((exp(((x13+sin((-93.4)))+(-46.9)))-x8+(x13-(-36.66))*x1)))|x7<x9&!(!(x5<x6|!(x9<=(-61.3)|x12<=sin(x2)))))) CLASS=0.00
else 
if(x3>=x10-x12*x7|x11>(x2/x7)) CLASS=1.00
else 
CLASS=2.00
** CONFUSION MATRIX ** Number of classes: 3
   5    1    0 
   0    4    0 
   0    0    7 
TEST REPORT=>
CLASS[  0 (  6)] FAIL=16.67% 
CLASS[  1 (  4)] FAIL= 0.00% 
CLASS[  2 (  7)] FAIL= 0.00% 
CLASS_ERROR:    5.8823529412 PRECISION:    0.9333333333 RECALL:    0.9444444444 F1SCORE:    0.9388560158
 50:1.8519  100:1.8519  150:1.8519  200:1.8519  250:1.8519  300:1.8519  350:1.8519  400:1.8519  450:1.8519  500:1.8519 TEST REPORT=>
CLASS[  0 (  6)] FAIL=16.67% 
CLASS[  1 (  4)] FAIL= 0.00% 
CLASS[  2 (  7)] FAIL= 0.00% 
GENERATION=  308 FITNESS=    -1.852% TEST_ERROR=     5.882%
PROGRAMS=
if(!(x2<(x13+sin((exp(((x13+sin((-93.4)))+(-46.9)))-x8+(x13-(-36.66))*x1)))|x7<x9&!(!(x5<x6|!(x9<=(-61.3)|x12<=sin(x2)))))) CLASS=0.00
else 
if(x3>=x10-x12*x7|x11>(x2/x7)) CLASS=1.00
else 
CLASS=2.00
** CONFUSION MATRIX ** Number of classes: 3
   5    1    0 
   0    4    0 
   0    0    7 
TEST REPORT=>
CLASS[  0 (  6)] FAIL=16.67% 
CLASS[  1 (  4)] FAIL= 0.00% 
CLASS[  2 (  7)] FAIL= 0.00% 
CLASS_ERROR:    5.8823529412 PRECISION:    0.9333333333 RECALL:    0.9444444444 F1SCORE:    0.9388560158
 50:1.8519  100:1.8519  150:1.8519  200:1.8519  250:1.8519  300:1.8519  350:1.8519  400:1.8519  450:1.8519  500:1.8519 TEST REPORT=>
CLASS[  0 (  6)] FAIL=16.67% 
CLASS[  1 (  4)] FAIL= 0.00% 
CLASS[  2 (  7)] FAIL= 0.00% 
GENERATION=  309 FITNESS=    -1.852% TEST_ERROR=     5.882%
PROGRAMS=
if(!(x2<(x13+sin((exp(((x13+sin((-93.4)))+(-46.9)))-x8+(x13-(-36.66))*x1)))|x7<x9&!(!(x5<x6|!(x9<=(-61.3)|x12<=sin(x2)))))) CLASS=0.00
else 
if(x3>=x10-x12*x7|x11>(x2/x7)) CLASS=1.00
else 
CLASS=2.00
** CONFUSION MATRIX ** Number of classes: 3
   5    1    0 
   0    4    0 
   0    0    7 
TEST REPORT=>
CLASS[  0 (  6)] FAIL=16.67% 
CLASS[  1 (  4)] FAIL= 0.00% 
CLASS[  2 (  7)] FAIL= 0.00% 
CLASS_ERROR:    5.8823529412 PRECISION:    0.9333333333 RECALL:    0.9444444444 F1SCORE:    0.9388560158
 50:1.8519  100:1.8519  150:1.8519  200:1.8519  250:1.8519  300:1.8519  350:1.8519  400:1.8519  450:1.8519  500:1.8519 TEST REPORT=>
CLASS[  0 (  6)] FAIL=16.67% 
CLASS[  1 (  4)] FAIL= 0.00% 
CLASS[  2 (  7)] FAIL= 0.00% 
GENERATION=  310 FITNESS=    -1.852% TEST_ERROR=     5.882%
PROGRAMS=
if(!(x2<(x13+sin((exp(((x13+sin((-93.4)))+(-46.9)))-x8+(x13-(-36.66))*x1)))|x7<x9&!(!(x5<x6|!(x9<=(-61.3)|x12<=sin(x2)))))) CLASS=0.00
else 
if(x3>=x10-x12*x7|x11>(x2/x7)) CLASS=1.00
else 
CLASS=2.00
** CONFUSION MATRIX ** Number of classes: 3
   5    1    0 
   0    4    0 
   0    0    7 
TEST REPORT=>
CLASS[  0 (  6)] FAIL=16.67% 
CLASS[  1 (  4)] FAIL= 0.00% 
CLASS[  2 (  7)] FAIL= 0.00% 
CLASS_ERROR:    5.8823529412 PRECISION:    0.9333333333 RECALL:    0.9444444444 F1SCORE:    0.9388560158
 50:1.8519  100:1.8519  150:1.8519  200:1.8519  250:1.8519  300:1.8519  350:1.8519  400:1.8519  450:1.8519  500:1.8519 TEST REPORT=>
CLASS[  0 (  6)] FAIL=16.67% 
CLASS[  1 (  4)] FAIL= 0.00% 
CLASS[  2 (  7)] FAIL= 0.00% 
GENERATION=  311 FITNESS=    -1.852% TEST_ERROR=     5.882%
PROGRAMS=
if(!(x2<(x13+sin((exp(((x13+sin((-93.4)))+(-46.9)))-x8+(x13-(-36.66))*x1)))|x7<x9&!(!(x5<x6|!(x9<=(-61.3)|x12<=sin(x2)))))) CLASS=0.00
else 
if(x3>=x10-x12*x7|x11>(x2/x7)) CLASS=1.00
else 
CLASS=2.00
** CONFUSION MATRIX ** Number of classes: 3
   5    1    0 
   0    4    0 
   0    0    7 
TEST REPORT=>
CLASS[  0 (  6)] FAIL=16.67% 
CLASS[  1 (  4)] FAIL= 0.00% 
CLASS[  2 (  7)] FAIL= 0.00% 
CLASS_ERROR:    5.8823529412 PRECISION:    0.9333333333 RECALL:    0.9444444444 F1SCORE:    0.9388560158
 50:1.8519  100:1.8519  150:1.8519  200:1.8519  250:1.8519  300:1.8519  350:1.8519  400:1.8519  450:1.8519  500:1.8519 
TARGETED STAGNATION BURST generation=312 stagnation=20
TARGETED_BEST[0] START fitness=-1.8518518519
TARGETED_BEST[0] END fitness=-1.8518518519 accepted=0
TARGETED_BEST[1] START fitness=-1.8518518519
TARGETED_BEST[1] END fitness=-1.8518518519 accepted=0
TARGETED_BEST[2] START fitness=-1.8518518519
TARGETED_BEST[2] END fitness=-1.8518518519 accepted=0
TARGETED_BEST[3] START fitness=-1.8518518519
TARGETED_BEST[3] END fitness=-1.8518518519 accepted=0
TARGETED_BEST[4] START fitness=-1.8518518519
TARGETED_BEST[4] END fitness=-1.8518518519 accepted=0
TARGETED_BEST[5] START fitness=-1.8518518519
TARGETED_BEST[5] END fitness=-1.8518518519 accepted=0
TARGETED_BEST[6] START fitness=-1.8518518519
TARGETED_BEST[6] END fitness=-1.8518518519 accepted=0
TARGETED_BEST[7] START fitness=-1.8518518519
TARGETED_BEST[7] END fitness=-1.8518518519 accepted=0
TARGETED_BEST[8] START fitness=-1.8518518519
TARGETED_BEST[8] END fitness=-1.8518518519 accepted=0
TARGETED_BEST[9] START fitness=-1.8518518519
TARGETED_BEST[9] END fitness=-1.8518518519 accepted=0
TARGETED_BEST[10] START fitness=-1.8518518519
TARGETED_BEST[10] END fitness=-1.8518518519 accepted=0
TARGETED_BEST[11] START fitness=-1.8518518519
TARGETED_BEST[11] END fitness=-1.8518518519 accepted=0
TARGETED_BEST[12] START fitness=-1.8518518519
TARGETED_BEST[12] END fitness=-1.8518518519 accepted=0
TARGETED_BEST[13] START fitness=-1.8518518519
TARGETED_BEST[13] END fitness=-1.8518518519 accepted=0
TARGETED_BEST[14] START fitness=-1.8518518519
TARGETED_BEST[14] END fitness=-1.8518518519 accepted=0
TARGETED_BEST[15] START fitness=-1.8518518519
TARGETED_BEST[15] END fitness=-1.8518518519 accepted=0
TARGETED_BEST[16] START fitness=-1.8518518519
TARGETED_BEST[16] END fitness=-1.8518518519 accepted=0
TARGETED_BEST[17] START fitness=-1.8518518519
TARGETED_BEST[17] END fitness=-1.8518518519 accepted=0
TARGETED_BEST[18] START fitness=-1.8518518519
TARGETED_BEST[18] END fitness=-1.8518518519 accepted=0
TARGETED_BEST[19] START fitness=-1.8518518519
TARGETED_BEST[19] END fitness=-1.8518518519 accepted=0
TEST REPORT=>
CLASS[  0 (  6)] FAIL=16.67% 
CLASS[  1 (  4)] FAIL= 0.00% 
CLASS[  2 (  7)] FAIL= 0.00% 
GENERATION=  312 FITNESS=    -1.852% TEST_ERROR=     5.882%
PROGRAMS=
if(!(x2<(x13+sin((exp(((x13+sin((-93.4)))+(-46.9)))-x8+(x13-(-36.66))*x1)))|x7<x9&!(!(x5<x6|!(x9<=(-61.3)|x12<=sin(x2)))))) CLASS=0.00
else 
if(x3>=x10-x12*x7|x11>(x2/x7)) CLASS=1.00
else 
CLASS=2.00
** CONFUSION MATRIX ** Number of classes: 3
   5    1    0 
   0    4    0 
   0    0    7 
TEST REPORT=>
CLASS[  0 (  6)] FAIL=16.67% 
CLASS[  1 (  4)] FAIL= 0.00% 
CLASS[  2 (  7)] FAIL= 0.00% 
CLASS_ERROR:    5.8823529412 PRECISION:    0.9333333333 RECALL:    0.9444444444 F1SCORE:    0.9388560158
 50:1.8519  100:1.8519  150:1.8519  200:1.8519  250:1.8519  300:1.8519  350:1.8519  400:1.8519  450:1.8519  500:1.8519 TEST REPORT=>
CLASS[  0 (  6)] FAIL=16.67% 
CLASS[  1 (  4)] FAIL= 0.00% 
CLASS[  2 (  7)] FAIL= 0.00% 
GENERATION=  313 FITNESS=    -1.852% TEST_ERROR=     5.882%
PROGRAMS=
if(!(x2<(x13+sin((exp(((x13+sin((-93.4)))+(-46.9)))-x8+(x13-(-36.66))*x1)))|x7<x9&!(!(x5<x6|!(x9<=(-61.3)|x12<=sin(x2)))))) CLASS=0.00
else 
if(x3>=x10-x12*x7|x11>(x2/x7)) CLASS=1.00
else 
CLASS=2.00
** CONFUSION MATRIX ** Number of classes: 3
   5    1    0 
   0    4    0 
   0    0    7 
TEST REPORT=>
CLASS[  0 (  6)] FAIL=16.67% 
CLASS[  1 (  4)] FAIL= 0.00% 
CLASS[  2 (  7)] FAIL= 0.00% 
CLASS_ERROR:    5.8823529412 PRECISION:    0.9333333333 RECALL:    0.9444444444 F1SCORE:    0.9388560158
 50:1.8519  100:1.8519  150:1.8519  200:1.8519  250:1.8519  300:1.8519  350:1.8519  400:1.8519  450:1.8519  500:1.8519 TEST REPORT=>
CLASS[  0 (  6)] FAIL=16.67% 
CLASS[  1 (  4)] FAIL= 0.00% 
CLASS[  2 (  7)] FAIL= 0.00% 
GENERATION=  314 FITNESS=    -1.852% TEST_ERROR=     5.882%
PROGRAMS=
if(!(x2<(x13+sin((exp(((x13+sin((-93.4)))+(-46.9)))-x8+(x13-(-36.66))*x1)))|x7<x9&!(!(x5<x6|!(x9<=(-61.3)|x12<=sin(x2)))))) CLASS=0.00
else 
if(x3>=x10-x12*x7|x11>(x2/x7)) CLASS=1.00
else 
CLASS=2.00
** CONFUSION MATRIX ** Number of classes: 3
   5    1    0 
   0    4    0 
   0    0    7 
TEST REPORT=>
CLASS[  0 (  6)] FAIL=16.67% 
CLASS[  1 (  4)] FAIL= 0.00% 
CLASS[  2 (  7)] FAIL= 0.00% 
CLASS_ERROR:    5.8823529412 PRECISION:    0.9333333333 RECALL:    0.9444444444 F1SCORE:    0.9388560158
 50:1.8519  100:1.8519  150:1.8519  200:1.8519  250:1.8519  300:1.8519  350:1.8519  400:1.8519  450:1.8519  500:1.8519 TEST REPORT=>
CLASS[  0 (  6)] FAIL=16.67% 
CLASS[  1 (  4)] FAIL= 0.00% 
CLASS[  2 (  7)] FAIL= 0.00% 
GENERATION=  315 FITNESS=    -1.852% TEST_ERROR=     5.882%
PROGRAMS=
if(!(x2<(x13+sin((exp(((x13+sin((-93.4)))+(-46.9)))-x8+(x13-(-36.66))*x1)))|x7<x9&!(!(x5<x6|!(x9<=(-61.3)|x12<=sin(x2)))))) CLASS=0.00
else 
if(x3>=x10-x12*x7|x11>(x2/x7)) CLASS=1.00
else 
CLASS=2.00
** CONFUSION MATRIX ** Number of classes: 3
   5    1    0 
   0    4    0 
   0    0    7 
TEST REPORT=>
CLASS[  0 (  6)] FAIL=16.67% 
CLASS[  1 (  4)] FAIL= 0.00% 
CLASS[  2 (  7)] FAIL= 0.00% 
CLASS_ERROR:    5.8823529412 PRECISION:    0.9333333333 RECALL:    0.9444444444 F1SCORE:    0.9388560158
 50:1.8519  100:1.8519  150:1.8519  200:1.8519  250:1.8519  300:1.8519  350:1.8519  400:1.8519  450:1.8519  500:1.8519 TEST REPORT=>
CLASS[  0 (  6)] FAIL=16.67% 
CLASS[  1 (  4)] FAIL= 0.00% 
CLASS[  2 (  7)] FAIL= 0.00% 
GENERATION=  316 FITNESS=    -1.852% TEST_ERROR=     5.882%
PROGRAMS=
if(!(x2<(x13+sin((exp(((x13+sin((-93.4)))+(-46.9)))-x8+(x13-(-36.66))*x1)))|x7<x9&!(!(x5<x6|!(x9<=(-61.3)|x12<=sin(x2)))))) CLASS=0.00
else 
if(x3>=x10-x12*x7|x11>(x2/x7)) CLASS=1.00
else 
CLASS=2.00
** CONFUSION MATRIX ** Number of classes: 3
   5    1    0 
   0    4    0 
   0    0    7 
TEST REPORT=>
CLASS[  0 (  6)] FAIL=16.67% 
CLASS[  1 (  4)] FAIL= 0.00% 
CLASS[  2 (  7)] FAIL= 0.00% 
CLASS_ERROR:    5.8823529412 PRECISION:    0.9333333333 RECALL:    0.9444444444 F1SCORE:    0.9388560158
 50:1.8519  100:1.8519  150:1.8519  200:1.8519  250:1.8519  300:1.8519  350:1.8519  400:1.8519  450:1.8519  500:1.8519 TEST REPORT=>
CLASS[  0 (  6)] FAIL=16.67% 
CLASS[  1 (  4)] FAIL= 0.00% 
CLASS[  2 (  7)] FAIL= 0.00% 
GENERATION=  317 FITNESS=    -1.852% TEST_ERROR=     5.882%
PROGRAMS=
if(!(x2<(x13+sin((exp(((x13+sin((-93.4)))+(-46.9)))-x8+(x13-(-36.66))*x1)))|x7<x9&!(!(x5<x6|!(x9<=(-61.3)|x12<=sin(x2)))))) CLASS=0.00
else 
if(x3>=x10-x12*x7|x11>(x2/x7)) CLASS=1.00
else 
CLASS=2.00
** CONFUSION MATRIX ** Number of classes: 3
   5    1    0 
   0    4    0 
   0    0    7 
TEST REPORT=>
CLASS[  0 (  6)] FAIL=16.67% 
CLASS[  1 (  4)] FAIL= 0.00% 
CLASS[  2 (  7)] FAIL= 0.00% 
CLASS_ERROR:    5.8823529412 PRECISION:    0.9333333333 RECALL:    0.9444444444 F1SCORE:    0.9388560158
 50:1.8519  100:1.8519  150:1.8519  200:1.8519  250:1.8519  300:1.8519  350:1.8519  400:1.8519  450:1.8519  500:1.8519 TEST REPORT=>
CLASS[  0 (  6)] FAIL=16.67% 
CLASS[  1 (  4)] FAIL= 0.00% 
CLASS[  2 (  7)] FAIL= 0.00% 
GENERATION=  318 FITNESS=    -1.852% TEST_ERROR=     5.882%
PROGRAMS=
if(!(x2<(x13+sin((exp(((x13+sin((-93.4)))+(-46.9)))-x8+(x13-(-36.66))*x1)))|x7<x9&!(!(x5<x6|!(x9<=(-61.3)|x12<=sin(x2)))))) CLASS=0.00
else 
if(x3>=x10-x12*x7|x11>(x2/x7)) CLASS=1.00
else 
CLASS=2.00
** CONFUSION MATRIX ** Number of classes: 3
   5    1    0 
   0    4    0 
   0    0    7 
TEST REPORT=>
CLASS[  0 (  6)] FAIL=16.67% 
CLASS[  1 (  4)] FAIL= 0.00% 
CLASS[  2 (  7)] FAIL= 0.00% 
CLASS_ERROR:    5.8823529412 PRECISION:    0.9333333333 RECALL:    0.9444444444 F1SCORE:    0.9388560158
 50:1.8519  100:1.8519  150:1.8519  200:1.8519  250:1.8519  300:1.8519  350:1.8519  400:1.8519  450:1.8519  500:1.8519 TEST REPORT=>
CLASS[  0 (  6)] FAIL=16.67% 
CLASS[  1 (  4)] FAIL= 0.00% 
CLASS[  2 (  7)] FAIL= 0.00% 
GENERATION=  319 FITNESS=    -1.852% TEST_ERROR=     5.882%
PROGRAMS=
if(!(x2<(x13+sin((exp(((x13+sin((-93.4)))+(-46.9)))-x8+(x13-(-36.66))*x1)))|x7<x9&!(!(x5<x6|!(x9<=(-61.3)|x12<=sin(x2)))))) CLASS=0.00
else 
if(x3>=x10-x12*x7|x11>(x2/x7)) CLASS=1.00
else 
CLASS=2.00
** CONFUSION MATRIX ** Number of classes: 3
   5    1    0 
   0    4    0 
   0    0    7 
TEST REPORT=>
CLASS[  0 (  6)] FAIL=16.67% 
CLASS[  1 (  4)] FAIL= 0.00% 
CLASS[  2 (  7)] FAIL= 0.00% 
CLASS_ERROR:    5.8823529412 PRECISION:    0.9333333333 RECALL:    0.9444444444 F1SCORE:    0.9388560158
 50:1.8519  100:1.8519  150:1.8519  200:1.8519  250:1.8519  300:1.8519  350:1.8519  400:1.8519  450:1.8519  500:1.8519 TEST REPORT=>
CLASS[  0 (  6)] FAIL=16.67% 
CLASS[  1 (  4)] FAIL= 0.00% 
CLASS[  2 (  7)] FAIL= 0.00% 
GENERATION=  320 FITNESS=    -1.852% TEST_ERROR=     5.882%
PROGRAMS=
if(!(x2<(x13+sin((exp(((x13+sin((-93.4)))+(-46.9)))-x8+(x13-(-36.66))*x1)))|x7<x9&!(!(x5<x6|!(x9<=(-61.3)|x12<=sin(x2)))))) CLASS=0.00
else 
if(x3>=x10-x12*x7|x11>(x2/x7)) CLASS=1.00
else 
CLASS=2.00
** CONFUSION MATRIX ** Number of classes: 3
   5    1    0 
   0    4    0 
   0    0    7 
TEST REPORT=>
CLASS[  0 (  6)] FAIL=16.67% 
CLASS[  1 (  4)] FAIL= 0.00% 
CLASS[  2 (  7)] FAIL= 0.00% 
CLASS_ERROR:    5.8823529412 PRECISION:    0.9333333333 RECALL:    0.9444444444 F1SCORE:    0.9388560158
 50:1.8519  100:1.8519  150:1.8519  200:1.8519  250:1.8519  300:1.8519  350:1.8519  400:1.8519  450:1.8519  500:1.8519 TEST REPORT=>
CLASS[  0 (  6)] FAIL=16.67% 
CLASS[  1 (  4)] FAIL= 0.00% 
CLASS[  2 (  7)] FAIL= 0.00% 
GENERATION=  321 FITNESS=    -1.852% TEST_ERROR=     5.882%
PROGRAMS=
if(!(x2<(x13+sin((exp(((x13+sin((-93.4)))+(-46.9)))-x8+(x13-(-36.66))*x1)))|x7<x9&!(!(x5<x6|!(x9<=(-61.3)|x12<=sin(x2)))))) CLASS=0.00
else 
if(x3>=x10-x12*x7|x11>(x2/x7)) CLASS=1.00
else 
CLASS=2.00
** CONFUSION MATRIX ** Number of classes: 3
   5    1    0 
   0    4    0 
   0    0    7 
TEST REPORT=>
CLASS[  0 (  6)] FAIL=16.67% 
CLASS[  1 (  4)] FAIL= 0.00% 
CLASS[  2 (  7)] FAIL= 0.00% 
CLASS_ERROR:    5.8823529412 PRECISION:    0.9333333333 RECALL:    0.9444444444 F1SCORE:    0.9388560158
 50:1.8519  100:1.8519  150:1.8519  200:1.8519  250:1.8519  300:1.8519  350:1.8519  400:1.8519  450:1.8519  500:1.8519 TEST REPORT=>
CLASS[  0 (  6)] FAIL=16.67% 
CLASS[  1 (  4)] FAIL= 0.00% 
CLASS[  2 (  7)] FAIL= 0.00% 
GENERATION=  322 FITNESS=    -1.852% TEST_ERROR=     5.882%
PROGRAMS=
if(!(x2<(x13+sin((exp(((x13+sin((-93.4)))+(-46.9)))-x8+(x13-(-36.66))*x1)))|x7<x9&!(!(x5<x6|!(x9<=(-61.3)|x12<=sin(x2)))))) CLASS=0.00
else 
if(x3>=x10-x12*x7|x11>(x2/x7)) CLASS=1.00
else 
CLASS=2.00
** CONFUSION MATRIX ** Number of classes: 3
   5    1    0 
   0    4    0 
   0    0    7 
TEST REPORT=>
CLASS[  0 (  6)] FAIL=16.67% 
CLASS[  1 (  4)] FAIL= 0.00% 
CLASS[  2 (  7)] FAIL= 0.00% 
CLASS_ERROR:    5.8823529412 PRECISION:    0.9333333333 RECALL:    0.9444444444 F1SCORE:    0.9388560158
 50:1.8519  100:1.8519  150:1.8519  200:1.8519  250:1.8519  300:1.8519  350:1.8519  400:1.8519  450:1.8519  500:1.8519 TEST REPORT=>
CLASS[  0 (  6)] FAIL=16.67% 
CLASS[  1 (  4)] FAIL= 0.00% 
CLASS[  2 (  7)] FAIL= 0.00% 
GENERATION=  323 FITNESS=    -1.852% TEST_ERROR=     5.882%
PROGRAMS=
if(!(x2<(x13+sin((exp(((x13+sin((-93.4)))+(-46.9)))-x8+(x13-(-36.66))*x1)))|x7<x9&!(!(x5<x6|!(x9<=(-61.3)|x12<=sin(x2)))))) CLASS=0.00
else 
if(x3>=x10-x12*x7|x11>(x2/x7)) CLASS=1.00
else 
CLASS=2.00
** CONFUSION MATRIX ** Number of classes: 3
   5    1    0 
   0    4    0 
   0    0    7 
TEST REPORT=>
CLASS[  0 (  6)] FAIL=16.67% 
CLASS[  1 (  4)] FAIL= 0.00% 
CLASS[  2 (  7)] FAIL= 0.00% 
CLASS_ERROR:    5.8823529412 PRECISION:    0.9333333333 RECALL:    0.9444444444 F1SCORE:    0.9388560158
 50:1.8519  100:1.8519  150:1.8519  200:1.8519  250:1.8519  300:1.8519  350:1.8519  400:1.8519  450:1.8519  500:1.8519 TEST REPORT=>
CLASS[  0 (  6)] FAIL=16.67% 
CLASS[  1 (  4)] FAIL= 0.00% 
CLASS[  2 (  7)] FAIL= 0.00% 
GENERATION=  324 FITNESS=    -1.852% TEST_ERROR=     5.882%
PROGRAMS=
if(!(x2<(x13+sin((exp(((x13+sin((-93.4)))+(-46.9)))-x8+(x13-(-36.66))*x1)))|x7<x9&!(!(x5<x6|!(x9<=(-61.3)|x12<=sin(x2)))))) CLASS=0.00
else 
if(x3>=x10-x12*x7|x11>(x2/x7)) CLASS=1.00
else 
CLASS=2.00
** CONFUSION MATRIX ** Number of classes: 3
   5    1    0 
   0    4    0 
   0    0    7 
TEST REPORT=>
CLASS[  0 (  6)] FAIL=16.67% 
CLASS[  1 (  4)] FAIL= 0.00% 
CLASS[  2 (  7)] FAIL= 0.00% 
CLASS_ERROR:    5.8823529412 PRECISION:    0.9333333333 RECALL:    0.9444444444 F1SCORE:    0.9388560158
 50:1.8519  100:1.8519  150:1.8519  200:1.8519  250:1.8519  300:1.8519  350:1.8519  400:1.8519  450:1.8519  500:1.8519 TEST REPORT=>
CLASS[  0 (  6)] FAIL=16.67% 
CLASS[  1 (  4)] FAIL= 0.00% 
CLASS[  2 (  7)] FAIL= 0.00% 
GENERATION=  325 FITNESS=    -1.852% TEST_ERROR=     5.882%
PROGRAMS=
if(!(x2<(x13+sin((exp(((x13+sin((-93.4)))+(-46.9)))-x8+(x13-(-36.66))*x1)))|x7<x9&!(!(x5<x6|!(x9<=(-61.3)|x12<=sin(x2)))))) CLASS=0.00
else 
if(x3>=x10-x12*x7|x11>(x2/x7)) CLASS=1.00
else 
CLASS=2.00
** CONFUSION MATRIX ** Number of classes: 3
   5    1    0 
   0    4    0 
   0    0    7 
TEST REPORT=>
CLASS[  0 (  6)] FAIL=16.67% 
CLASS[  1 (  4)] FAIL= 0.00% 
CLASS[  2 (  7)] FAIL= 0.00% 
CLASS_ERROR:    5.8823529412 PRECISION:    0.9333333333 RECALL:    0.9444444444 F1SCORE:    0.9388560158
 50:1.8519  100:1.8519  150:1.8519  200:1.8519  250:1.8519  300:1.8519  350:1.8519  400:1.8519  450:1.8519  500:1.8519 TEST REPORT=>
CLASS[  0 (  6)] FAIL=16.67% 
CLASS[  1 (  4)] FAIL= 0.00% 
CLASS[  2 (  7)] FAIL= 0.00% 
GENERATION=  326 FITNESS=    -1.852% TEST_ERROR=     5.882%
PROGRAMS=
if(!(x2<(x13+sin((exp(((x13+sin((-93.4)))+(-46.9)))-x8+(x13-(-36.66))*x1)))|x7<x9&!(!(x5<x6|!(x9<=(-61.3)|x12<=sin(x2)))))) CLASS=0.00
else 
if(x3>=x10-x12*x7|x11>(x2/x7)) CLASS=1.00
else 
CLASS=2.00
** CONFUSION MATRIX ** Number of classes: 3
   5    1    0 
   0    4    0 
   0    0    7 
TEST REPORT=>
CLASS[  0 (  6)] FAIL=16.67% 
CLASS[  1 (  4)] FAIL= 0.00% 
CLASS[  2 (  7)] FAIL= 0.00% 
CLASS_ERROR:    5.8823529412 PRECISION:    0.9333333333 RECALL:    0.9444444444 F1SCORE:    0.9388560158
 50:1.8519  100:1.8519  150:1.8519  200:1.8519  250:1.8519  300:1.8519  350:1.8519  400:1.8519  450:1.8519  500:1.8519 TEST REPORT=>
CLASS[  0 (  6)] FAIL=16.67% 
CLASS[  1 (  4)] FAIL= 0.00% 
CLASS[  2 (  7)] FAIL= 0.00% 
GENERATION=  327 FITNESS=    -1.852% TEST_ERROR=     5.882%
PROGRAMS=
if(!(x2<(x13+sin((exp(((x13+sin((-93.4)))+(-46.9)))-x8+(x13-(-36.66))*x1)))|x7<x9&!(!(x5<x6|!(x9<=(-61.3)|x12<=sin(x2)))))) CLASS=0.00
else 
if(x3>=x10-x12*x7|x11>(x2/x7)) CLASS=1.00
else 
CLASS=2.00
** CONFUSION MATRIX ** Number of classes: 3
   5    1    0 
   0    4    0 
   0    0    7 
TEST REPORT=>
CLASS[  0 (  6)] FAIL=16.67% 
CLASS[  1 (  4)] FAIL= 0.00% 
CLASS[  2 (  7)] FAIL= 0.00% 
CLASS_ERROR:    5.8823529412 PRECISION:    0.9333333333 RECALL:    0.9444444444 F1SCORE:    0.9388560158
 50:1.8519  100:1.8519  150:1.8519  200:1.8519  250:1.8519  300:1.8519  350:1.8519  400:1.8519  450:1.8519  500:1.8519 TEST REPORT=>
CLASS[  0 (  6)] FAIL=16.67% 
CLASS[  1 (  4)] FAIL= 0.00% 
CLASS[  2 (  7)] FAIL= 0.00% 
GENERATION=  328 FITNESS=    -1.852% TEST_ERROR=     5.882%
PROGRAMS=
if(!(x2<(x13+sin((exp(((x13+sin((-93.4)))+(-46.9)))-x8+(x13-(-36.66))*x1)))|x7<x9&!(!(x5<x6|!(x9<=(-61.3)|x12<=sin(x2)))))) CLASS=0.00
else 
if(x3>=x10-x12*x7|x11>(x2/x7)) CLASS=1.00
else 
CLASS=2.00
** CONFUSION MATRIX ** Number of classes: 3
   5    1    0 
   0    4    0 
   0    0    7 
TEST REPORT=>
CLASS[  0 (  6)] FAIL=16.67% 
CLASS[  1 (  4)] FAIL= 0.00% 
CLASS[  2 (  7)] FAIL= 0.00% 
CLASS_ERROR:    5.8823529412 PRECISION:    0.9333333333 RECALL:    0.9444444444 F1SCORE:    0.9388560158
 50:1.8519  100:1.8519  150:1.8519  200:1.8519  250:1.8519  300:1.8519  350:1.8519  400:1.8519  450:1.8519  500:1.8519 TEST REPORT=>
CLASS[  0 (  6)] FAIL=16.67% 
CLASS[  1 (  4)] FAIL= 0.00% 
CLASS[  2 (  7)] FAIL= 0.00% 
GENERATION=  329 FITNESS=    -1.852% TEST_ERROR=     5.882%
PROGRAMS=
if(!(x2<(x13+sin((exp(((x13+sin((-93.4)))+(-46.9)))-x8+(x13-(-36.66))*x1)))|x7<x9&!(!(x5<x6|!(x9<=(-61.3)|x12<=sin(x2)))))) CLASS=0.00
else 
if(x3>=x10-x12*x7|x11>(x2/x7)) CLASS=1.00
else 
CLASS=2.00
** CONFUSION MATRIX ** Number of classes: 3
   5    1    0 
   0    4    0 
   0    0    7 
TEST REPORT=>
CLASS[  0 (  6)] FAIL=16.67% 
CLASS[  1 (  4)] FAIL= 0.00% 
CLASS[  2 (  7)] FAIL= 0.00% 
CLASS_ERROR:    5.8823529412 PRECISION:    0.9333333333 RECALL:    0.9444444444 F1SCORE:    0.9388560158
 50:1.8519  100:1.8519  150:1.8519  200:1.8519  250:1.8519  300:1.8519  350:1.8519  400:1.8519  450:1.8519  500:1.8519 TEST REPORT=>
CLASS[  0 (  6)] FAIL=16.67% 
CLASS[  1 (  4)] FAIL= 0.00% 
CLASS[  2 (  7)] FAIL= 0.00% 
GENERATION=  330 FITNESS=    -1.852% TEST_ERROR=     5.882%
PROGRAMS=
if(!(x2<(x13+sin((exp(((x13+sin((-93.4)))+(-46.9)))-x8+(x13-(-36.66))*x1)))|x7<x9&!(!(x5<x6|!(x9<=(-61.3)|x12<=sin(x2)))))) CLASS=0.00
else 
if(x3>=x10-x12*x7|x11>(x2/x7)) CLASS=1.00
else 
CLASS=2.00
** CONFUSION MATRIX ** Number of classes: 3
   5    1    0 
   0    4    0 
   0    0    7 
TEST REPORT=>
CLASS[  0 (  6)] FAIL=16.67% 
CLASS[  1 (  4)] FAIL= 0.00% 
CLASS[  2 (  7)] FAIL= 0.00% 
CLASS_ERROR:    5.8823529412 PRECISION:    0.9333333333 RECALL:    0.9444444444 F1SCORE:    0.9388560158
 50:1.8519  100:1.8519  150:1.8519  200:1.8519  250:1.8519  300:1.8519  350:1.8519  400:1.8519  450:1.8519  500:1.8519 TEST REPORT=>
CLASS[  0 (  6)] FAIL=16.67% 
CLASS[  1 (  4)] FAIL= 0.00% 
CLASS[  2 (  7)] FAIL= 0.00% 
GENERATION=  331 FITNESS=    -1.852% TEST_ERROR=     5.882%
PROGRAMS=
if(!(x2<(x13+sin((exp(((x13+sin((-93.4)))+(-46.9)))-x8+(x13-(-36.66))*x1)))|x7<x9&!(!(x5<x6|!(x9<=(-61.3)|x12<=sin(x2)))))) CLASS=0.00
else 
if(x3>=x10-x12*x7|x11>(x2/x7)) CLASS=1.00
else 
CLASS=2.00
** CONFUSION MATRIX ** Number of classes: 3
   5    1    0 
   0    4    0 
   0    0    7 
TEST REPORT=>
CLASS[  0 (  6)] FAIL=16.67% 
CLASS[  1 (  4)] FAIL= 0.00% 
CLASS[  2 (  7)] FAIL= 0.00% 
CLASS_ERROR:    5.8823529412 PRECISION:    0.9333333333 RECALL:    0.9444444444 F1SCORE:    0.9388560158
 50:1.8519  100:1.8519  150:1.8519  200:1.8519  250:1.8519  300:1.8519  350:1.8519  400:1.8519  450:1.8519  500:1.8519 
TARGETED STAGNATION BURST generation=332 stagnation=20
TARGETED_BEST[0] START fitness=-1.8518518519
TARGETED_BEST[0] END fitness=-1.8518518519 accepted=0
TARGETED_BEST[1] START fitness=-1.8518518519
TARGETED_BEST[1] END fitness=-1.8518518519 accepted=0
TARGETED_BEST[2] START fitness=-1.8518518519
TARGETED_BEST[2] END fitness=-1.8518518519 accepted=0
TARGETED_BEST[3] START fitness=-1.8518518519
TARGETED_BEST[3] END fitness=-1.8518518519 accepted=0
TARGETED_BEST[4] START fitness=-1.8518518519
TARGETED_BEST[4] END fitness=-1.8518518519 accepted=0
TARGETED_BEST[5] START fitness=-1.8518518519
TARGETED_BEST[5] END fitness=-1.8518518519 accepted=0
TARGETED_BEST[6] START fitness=-1.8518518519
TARGETED_BEST[6] END fitness=-1.8518518519 accepted=0
TARGETED_BEST[7] START fitness=-1.8518518519
TARGETED_BEST[7] END fitness=-1.8518518519 accepted=0
TARGETED_BEST[8] START fitness=-1.8518518519
TARGETED_BEST[8] END fitness=-1.8518518519 accepted=0
TARGETED_BEST[9] START fitness=-1.8518518519
TARGETED_BEST[9] END fitness=-1.8518518519 accepted=0
TARGETED_BEST[10] START fitness=-1.8518518519
TARGETED_BEST[10] END fitness=-1.8518518519 accepted=0
TARGETED_BEST[11] START fitness=-1.8518518519
TARGETED_BEST[11] END fitness=-1.8518518519 accepted=0
TARGETED_BEST[12] START fitness=-1.8518518519
TARGETED_BEST[12] END fitness=-1.8518518519 accepted=0
TARGETED_BEST[13] START fitness=-1.8518518519
TARGETED_BEST[13] END fitness=-1.8518518519 accepted=0
TARGETED_BEST[14] START fitness=-1.8518518519
TARGETED_BEST[14] END fitness=-1.8518518519 accepted=0
TARGETED_BEST[15] START fitness=-1.8518518519
TARGETED_BEST[15] END fitness=-1.8518518519 accepted=0
TARGETED_BEST[16] START fitness=-1.8518518519
TARGETED_BEST[16] END fitness=-1.8518518519 accepted=0
TARGETED_BEST[17] START fitness=-1.8518518519
TARGETED_BEST[17] END fitness=-1.8518518519 accepted=0
TARGETED_BEST[18] START fitness=-1.8518518519
TARGETED_BEST[18] END fitness=-1.8518518519 accepted=0
TARGETED_BEST[19] START fitness=-1.8518518519
TARGETED_BEST[19] END fitness=-1.8518518519 accepted=0
TEST REPORT=>
CLASS[  0 (  6)] FAIL=16.67% 
CLASS[  1 (  4)] FAIL= 0.00% 
CLASS[  2 (  7)] FAIL= 0.00% 
GENERATION=  332 FITNESS=    -1.852% TEST_ERROR=     5.882%
PROGRAMS=
if(!(x2<(x13+sin((exp(((x13+sin((-93.4)))+(-46.9)))-x8+(x13-(-36.66))*x1)))|x7<x9&!(!(x5<x6|!(x9<=(-61.3)|x12<=sin(x2)))))) CLASS=0.00
else 
if(x3>=x10-x12*x7|x11>(x2/x7)) CLASS=1.00
else 
CLASS=2.00
** CONFUSION MATRIX ** Number of classes: 3
   5    1    0 
   0    4    0 
   0    0    7 
TEST REPORT=>
CLASS[  0 (  6)] FAIL=16.67% 
CLASS[  1 (  4)] FAIL= 0.00% 
CLASS[  2 (  7)] FAIL= 0.00% 
CLASS_ERROR:    5.8823529412 PRECISION:    0.9333333333 RECALL:    0.9444444444 F1SCORE:    0.9388560158
 50:1.8519  100:1.8519  150:1.8519  200:1.8519  250:1.8519  300:1.8519  350:1.8519  400:1.8519  450:1.8519  500:1.8519 TEST REPORT=>
CLASS[  0 (  6)] FAIL=16.67% 
CLASS[  1 (  4)] FAIL= 0.00% 
CLASS[  2 (  7)] FAIL= 0.00% 
GENERATION=  333 FITNESS=    -1.852% TEST_ERROR=     5.882%
PROGRAMS=
if(!(x2<(x13+sin((exp(((x13+sin((-93.4)))+(-46.9)))-x8+(x13-(-36.66))*x1)))|x7<x9&!(!(x5<x6|!(x9<=(-61.3)|x12<=sin(x2)))))) CLASS=0.00
else 
if(x3>=x10-x12*x7|x11>(x2/x7)) CLASS=1.00
else 
CLASS=2.00
** CONFUSION MATRIX ** Number of classes: 3
   5    1    0 
   0    4    0 
   0    0    7 
TEST REPORT=>
CLASS[  0 (  6)] FAIL=16.67% 
CLASS[  1 (  4)] FAIL= 0.00% 
CLASS[  2 (  7)] FAIL= 0.00% 
CLASS_ERROR:    5.8823529412 PRECISION:    0.9333333333 RECALL:    0.9444444444 F1SCORE:    0.9388560158
 50:1.8519  100:1.8519  150:1.8519  200:1.8519  250:1.8519  300:1.8519  350:1.8519  400:1.8519  450:1.8519  500:1.8519 TEST REPORT=>
CLASS[  0 (  6)] FAIL=16.67% 
CLASS[  1 (  4)] FAIL= 0.00% 
CLASS[  2 (  7)] FAIL= 0.00% 
GENERATION=  334 FITNESS=    -1.852% TEST_ERROR=     5.882%
PROGRAMS=
if(!(x2<(x13+sin((exp(((x13+sin((-93.4)))+(-46.9)))-x8+(x13-(-36.66))*x1)))|x7<x9&!(!(x5<x6|!(x9<=(-61.3)|x12<=sin(x2)))))) CLASS=0.00
else 
if(x3>=x10-x12*x7|x11>(x2/x7)) CLASS=1.00
else 
CLASS=2.00
** CONFUSION MATRIX ** Number of classes: 3
   5    1    0 
   0    4    0 
   0    0    7 
TEST REPORT=>
CLASS[  0 (  6)] FAIL=16.67% 
CLASS[  1 (  4)] FAIL= 0.00% 
CLASS[  2 (  7)] FAIL= 0.00% 
CLASS_ERROR:    5.8823529412 PRECISION:    0.9333333333 RECALL:    0.9444444444 F1SCORE:    0.9388560158
 50:1.8519  100:1.8519  150:1.8519  200:1.8519  250:1.8519  300:1.8519  350:1.8519  400:1.8519  450:1.8519  500:1.8519 TEST REPORT=>
CLASS[  0 (  6)] FAIL=16.67% 
CLASS[  1 (  4)] FAIL= 0.00% 
CLASS[  2 (  7)] FAIL= 0.00% 
GENERATION=  335 FITNESS=    -1.852% TEST_ERROR=     5.882%
PROGRAMS=
if(!(x2<(x13+sin((exp(((x13+sin((-93.4)))+(-46.9)))-x8+(x13-(-36.66))*x1)))|x7<x9&!(!(x5<x6|!(x9<=(-61.3)|x12<=sin(x2)))))) CLASS=0.00
else 
if(x3>=x10-x12*x7|x11>(x2/x7)) CLASS=1.00
else 
CLASS=2.00
** CONFUSION MATRIX ** Number of classes: 3
   5    1    0 
   0    4    0 
   0    0    7 
TEST REPORT=>
CLASS[  0 (  6)] FAIL=16.67% 
CLASS[  1 (  4)] FAIL= 0.00% 
CLASS[  2 (  7)] FAIL= 0.00% 
CLASS_ERROR:    5.8823529412 PRECISION:    0.9333333333 RECALL:    0.9444444444 F1SCORE:    0.9388560158
 50:1.8519  100:1.8519  150:1.8519  200:1.8519  250:1.8519  300:1.8519  350:1.8519  400:1.8519  450:1.8519  500:1.8519 TEST REPORT=>
CLASS[  0 (  6)] FAIL=16.67% 
CLASS[  1 (  4)] FAIL= 0.00% 
CLASS[  2 (  7)] FAIL= 0.00% 
GENERATION=  336 FITNESS=    -1.852% TEST_ERROR=     5.882%
PROGRAMS=
if(!(x2<(x13+sin((exp(((x13+sin((-93.4)))+(-46.9)))-x8+(x13-(-36.66))*x1)))|x7<x9&!(!(x5<x6|!(x9<=(-61.3)|x12<=sin(x2)))))) CLASS=0.00
else 
if(x3>=x10-x12*x7|x11>(x2/x7)) CLASS=1.00
else 
CLASS=2.00
** CONFUSION MATRIX ** Number of classes: 3
   5    1    0 
   0    4    0 
   0    0    7 
TEST REPORT=>
CLASS[  0 (  6)] FAIL=16.67% 
CLASS[  1 (  4)] FAIL= 0.00% 
CLASS[  2 (  7)] FAIL= 0.00% 
CLASS_ERROR:    5.8823529412 PRECISION:    0.9333333333 RECALL:    0.9444444444 F1SCORE:    0.9388560158
 50:1.8519  100:1.8519  150:1.8519  200:1.8519  250:1.8519  300:1.8519  350:1.8519  400:1.8519  450:1.8519  500:1.8519 TEST REPORT=>
CLASS[  0 (  6)] FAIL=16.67% 
CLASS[  1 (  4)] FAIL= 0.00% 
CLASS[  2 (  7)] FAIL= 0.00% 
GENERATION=  337 FITNESS=    -1.852% TEST_ERROR=     5.882%
PROGRAMS=
if(!(x2<(x13+sin((exp(((x13+sin((-93.4)))+(-46.9)))-x8+(x13-(-36.66))*x1)))|x7<x9&!(!(x5<x6|!(x9<=(-61.3)|x12<=sin(x2)))))) CLASS=0.00
else 
if(x3>=x10-x12*x7|x11>(x2/x7)) CLASS=1.00
else 
CLASS=2.00
** CONFUSION MATRIX ** Number of classes: 3
   5    1    0 
   0    4    0 
   0    0    7 
TEST REPORT=>
CLASS[  0 (  6)] FAIL=16.67% 
CLASS[  1 (  4)] FAIL= 0.00% 
CLASS[  2 (  7)] FAIL= 0.00% 
CLASS_ERROR:    5.8823529412 PRECISION:    0.9333333333 RECALL:    0.9444444444 F1SCORE:    0.9388560158
 50:1.8519  100:1.8519  150:1.8519  200:1.8519  250:1.8519  300:1.8519  350:1.8519  400:1.8519  450:1.8519  500:1.8519 TEST REPORT=>
CLASS[  0 (  6)] FAIL=16.67% 
CLASS[  1 (  4)] FAIL= 0.00% 
CLASS[  2 (  7)] FAIL= 0.00% 
GENERATION=  338 FITNESS=    -1.852% TEST_ERROR=     5.882%
PROGRAMS=
if(!(x2<(x13+sin((exp(((x13+sin((-93.4)))+(-46.9)))-x8+(x13-(-36.66))*x1)))|x7<x9&!(!(x5<x6|!(x9<=(-61.3)|x12<=sin(x2)))))) CLASS=0.00
else 
if(x3>=x10-x12*x7|x11>(x2/x7)) CLASS=1.00
else 
CLASS=2.00
** CONFUSION MATRIX ** Number of classes: 3
   5    1    0 
   0    4    0 
   0    0    7 
TEST REPORT=>
CLASS[  0 (  6)] FAIL=16.67% 
CLASS[  1 (  4)] FAIL= 0.00% 
CLASS[  2 (  7)] FAIL= 0.00% 
CLASS_ERROR:    5.8823529412 PRECISION:    0.9333333333 RECALL:    0.9444444444 F1SCORE:    0.9388560158
 50:1.8519  100:1.8519  150:1.8519  200:1.8519  250:1.8519  300:1.8519  350:1.8519  400:1.8519  450:1.8519  500:1.8519 TEST REPORT=>
CLASS[  0 (  6)] FAIL=16.67% 
CLASS[  1 (  4)] FAIL= 0.00% 
CLASS[  2 (  7)] FAIL= 0.00% 
GENERATION=  339 FITNESS=    -1.852% TEST_ERROR=     5.882%
PROGRAMS=
if(!(x2<(x13+sin((exp(((x13+sin((-93.4)))+(-46.9)))-x8+(x13-(-36.66))*x1)))|x7<x9&!(!(x5<x6|!(x9<=(-61.3)|x12<=sin(x2)))))) CLASS=0.00
else 
if(x3>=x10-x12*x7|x11>(x2/x7)) CLASS=1.00
else 
CLASS=2.00
** CONFUSION MATRIX ** Number of classes: 3
   5    1    0 
   0    4    0 
   0    0    7 
TEST REPORT=>
CLASS[  0 (  6)] FAIL=16.67% 
CLASS[  1 (  4)] FAIL= 0.00% 
CLASS[  2 (  7)] FAIL= 0.00% 
CLASS_ERROR:    5.8823529412 PRECISION:    0.9333333333 RECALL:    0.9444444444 F1SCORE:    0.9388560158
 50:1.8519  100:1.8519  150:1.8519  200:1.8519  250:1.8519  300:1.8519  350:1.8519  400:1.8519  450:1.8519  500:1.8519 TEST REPORT=>
CLASS[  0 (  6)] FAIL=16.67% 
CLASS[  1 (  4)] FAIL= 0.00% 
CLASS[  2 (  7)] FAIL= 0.00% 
GENERATION=  340 FITNESS=    -1.852% TEST_ERROR=     5.882%
PROGRAMS=
if(!(x2<(x13+sin((exp(((x13+sin((-93.4)))+(-46.9)))-x8+(x13-(-36.66))*x1)))|x7<x9&!(!(x5<x6|!(x9<=(-61.3)|x12<=sin(x2)))))) CLASS=0.00
else 
if(x3>=x10-x12*x7|x11>(x2/x7)) CLASS=1.00
else 
CLASS=2.00
** CONFUSION MATRIX ** Number of classes: 3
   5    1    0 
   0    4    0 
   0    0    7 
TEST REPORT=>
CLASS[  0 (  6)] FAIL=16.67% 
CLASS[  1 (  4)] FAIL= 0.00% 
CLASS[  2 (  7)] FAIL= 0.00% 
CLASS_ERROR:    5.8823529412 PRECISION:    0.9333333333 RECALL:    0.9444444444 F1SCORE:    0.9388560158
 50:1.8519  100:1.8519  150:1.8519  200:1.8519  250:1.8519  300:1.8519  350:1.8519  400:1.8519  450:1.8519  500:1.8519 TEST REPORT=>
CLASS[  0 (  6)] FAIL=16.67% 
CLASS[  1 (  4)] FAIL= 0.00% 
CLASS[  2 (  7)] FAIL= 0.00% 
GENERATION=  341 FITNESS=    -1.852% TEST_ERROR=     5.882%
PROGRAMS=
if(!(x2<(x13+sin((exp(((x13+sin((-93.4)))+(-46.9)))-x8+(x13-(-36.66))*x1)))|x7<x9&!(!(x5<x6|!(x9<=(-61.3)|x12<=sin(x2)))))) CLASS=0.00
else 
if(x3>=x10-x12*x7|x11>(x2/x7)) CLASS=1.00
else 
CLASS=2.00
** CONFUSION MATRIX ** Number of classes: 3
   5    1    0 
   0    4    0 
   0    0    7 
TEST REPORT=>
CLASS[  0 (  6)] FAIL=16.67% 
CLASS[  1 (  4)] FAIL= 0.00% 
CLASS[  2 (  7)] FAIL= 0.00% 
CLASS_ERROR:    5.8823529412 PRECISION:    0.9333333333 RECALL:    0.9444444444 F1SCORE:    0.9388560158
 50:1.8519  100:1.8519  150:1.8519  200:1.8519  250:1.8519  300:1.8519  350:1.8519  400:1.8519  450:1.8519  500:1.8519 TEST REPORT=>
CLASS[  0 (  6)] FAIL=16.67% 
CLASS[  1 (  4)] FAIL= 0.00% 
CLASS[  2 (  7)] FAIL= 0.00% 
GENERATION=  342 FITNESS=    -1.852% TEST_ERROR=     5.882%
PROGRAMS=
if(!(x2<(x13+sin((exp(((x13+sin((-93.4)))+(-46.9)))-x8+(x13-(-36.66))*x1)))|x7<x9&!(!(x5<x6|!(x9<=(-61.3)|x12<=sin(x2)))))) CLASS=0.00
else 
if(x3>=x10-x12*x7|x11>(x2/x7)) CLASS=1.00
else 
CLASS=2.00
** CONFUSION MATRIX ** Number of classes: 3
   5    1    0 
   0    4    0 
   0    0    7 
TEST REPORT=>
CLASS[  0 (  6)] FAIL=16.67% 
CLASS[  1 (  4)] FAIL= 0.00% 
CLASS[  2 (  7)] FAIL= 0.00% 
CLASS_ERROR:    5.8823529412 PRECISION:    0.9333333333 RECALL:    0.9444444444 F1SCORE:    0.9388560158
 50:1.8519  100:1.8519  150:1.8519  200:1.8519  250:1.8519  300:1.8519  350:1.8519  400:1.8519  450:1.8519  500:1.8519 TEST REPORT=>
CLASS[  0 (  6)] FAIL=16.67% 
CLASS[  1 (  4)] FAIL= 0.00% 
CLASS[  2 (  7)] FAIL= 0.00% 
GENERATION=  343 FITNESS=    -1.852% TEST_ERROR=     5.882%
PROGRAMS=
if(!(x2<(x13+sin((exp(((x13+sin((-93.4)))+(-46.9)))-x8+(x13-(-36.66))*x1)))|x7<x9&!(!(x5<x6|!(x9<=(-61.3)|x12<=sin(x2)))))) CLASS=0.00
else 
if(x3>=x10-x12*x7|x11>(x2/x7)) CLASS=1.00
else 
CLASS=2.00
** CONFUSION MATRIX ** Number of classes: 3
   5    1    0 
   0    4    0 
   0    0    7 
TEST REPORT=>
CLASS[  0 (  6)] FAIL=16.67% 
CLASS[  1 (  4)] FAIL= 0.00% 
CLASS[  2 (  7)] FAIL= 0.00% 
CLASS_ERROR:    5.8823529412 PRECISION:    0.9333333333 RECALL:    0.9444444444 F1SCORE:    0.9388560158
 50:1.8519  100:1.8519  150:1.8519  200:1.8519  250:1.8519  300:1.8519  350:1.8519  400:1.8519  450:1.8519  500:1.8519 TEST REPORT=>
CLASS[  0 (  6)] FAIL=16.67% 
CLASS[  1 (  4)] FAIL= 0.00% 
CLASS[  2 (  7)] FAIL= 0.00% 
GENERATION=  344 FITNESS=    -1.852% TEST_ERROR=     5.882%
PROGRAMS=
if(!(x2<(x13+sin((exp(((x13+sin((-93.4)))+(-46.9)))-x8+(x13-(-36.66))*x1)))|x7<x9&!(!(x5<x6|!(x9<=(-61.3)|x12<=sin(x2)))))) CLASS=0.00
else 
if(x3>=x10-x12*x7|x11>(x2/x7)) CLASS=1.00
else 
CLASS=2.00
** CONFUSION MATRIX ** Number of classes: 3
   5    1    0 
   0    4    0 
   0    0    7 
TEST REPORT=>
CLASS[  0 (  6)] FAIL=16.67% 
CLASS[  1 (  4)] FAIL= 0.00% 
CLASS[  2 (  7)] FAIL= 0.00% 
CLASS_ERROR:    5.8823529412 PRECISION:    0.9333333333 RECALL:    0.9444444444 F1SCORE:    0.9388560158
 50:1.8519  100:1.8519  150:1.8519  200:1.8519  250:1.8519  300:1.8519  350:1.8519  400:1.8519  450:1.8519  500:1.8519 TEST REPORT=>
CLASS[  0 (  6)] FAIL=16.67% 
CLASS[  1 (  4)] FAIL= 0.00% 
CLASS[  2 (  7)] FAIL= 0.00% 
GENERATION=  345 FITNESS=    -1.852% TEST_ERROR=     5.882%
PROGRAMS=
if(!(x2<(x13+sin((exp(((x13+sin((-93.4)))+(-46.9)))-x8+(x13-(-36.66))*x1)))|x7<x9&!(!(x5<x6|!(x9<=(-61.3)|x12<=sin(x2)))))) CLASS=0.00
else 
if(x3>=x10-x12*x7|x11>(x2/x7)) CLASS=1.00
else 
CLASS=2.00
** CONFUSION MATRIX ** Number of classes: 3
   5    1    0 
   0    4    0 
   0    0    7 
TEST REPORT=>
CLASS[  0 (  6)] FAIL=16.67% 
CLASS[  1 (  4)] FAIL= 0.00% 
CLASS[  2 (  7)] FAIL= 0.00% 
CLASS_ERROR:    5.8823529412 PRECISION:    0.9333333333 RECALL:    0.9444444444 F1SCORE:    0.9388560158
 50:1.8519  100:1.8519  150:1.8519  200:1.8519  250:1.8519  300:1.8519  350:1.8519  400:1.8519  450:1.8519  500:1.8519 TEST REPORT=>
CLASS[  0 (  6)] FAIL=16.67% 
CLASS[  1 (  4)] FAIL= 0.00% 
CLASS[  2 (  7)] FAIL= 0.00% 
GENERATION=  346 FITNESS=    -1.852% TEST_ERROR=     5.882%
PROGRAMS=
if(!(x2<(x13+sin((exp(((x13+sin((-93.4)))+(-46.9)))-x8+(x13-(-36.66))*x1)))|x7<x9&!(!(x5<x6|!(x9<=(-61.3)|x12<=sin(x2)))))) CLASS=0.00
else 
if(x3>=x10-x12*x7|x11>(x2/x7)) CLASS=1.00
else 
CLASS=2.00
** CONFUSION MATRIX ** Number of classes: 3
   5    1    0 
   0    4    0 
   0    0    7 
TEST REPORT=>
CLASS[  0 (  6)] FAIL=16.67% 
CLASS[  1 (  4)] FAIL= 0.00% 
CLASS[  2 (  7)] FAIL= 0.00% 
CLASS_ERROR:    5.8823529412 PRECISION:    0.9333333333 RECALL:    0.9444444444 F1SCORE:    0.9388560158
 50:1.8519  100:1.8519  150:1.8519  200:1.8519  250:1.8519  300:1.8519  350:1.8519  400:1.8519  450:1.8519  500:1.8519 TEST REPORT=>
CLASS[  0 (  6)] FAIL=16.67% 
CLASS[  1 (  4)] FAIL= 0.00% 
CLASS[  2 (  7)] FAIL= 0.00% 
GENERATION=  347 FITNESS=    -1.852% TEST_ERROR=     5.882%
PROGRAMS=
if(!(x2<(x13+sin((exp(((x13+sin((-93.4)))+(-46.9)))-x8+(x13-(-36.66))*x1)))|x7<x9&!(!(x5<x6|!(x9<=(-61.3)|x12<=sin(x2)))))) CLASS=0.00
else 
if(x3>=x10-x12*x7|x11>(x2/x7)) CLASS=1.00
else 
CLASS=2.00
** CONFUSION MATRIX ** Number of classes: 3
   5    1    0 
   0    4    0 
   0    0    7 
TEST REPORT=>
CLASS[  0 (  6)] FAIL=16.67% 
CLASS[  1 (  4)] FAIL= 0.00% 
CLASS[  2 (  7)] FAIL= 0.00% 
CLASS_ERROR:    5.8823529412 PRECISION:    0.9333333333 RECALL:    0.9444444444 F1SCORE:    0.9388560158
 50:1.8519  100:1.8519  150:1.8519  200:1.8519  250:1.8519  300:1.8519  350:1.8519  400:1.8519  450:1.8519  500:1.8519 TEST REPORT=>
CLASS[  0 (  6)] FAIL=16.67% 
CLASS[  1 (  4)] FAIL= 0.00% 
CLASS[  2 (  7)] FAIL= 0.00% 
GENERATION=  348 FITNESS=    -1.852% TEST_ERROR=     5.882%
PROGRAMS=
if(!(x2<(x13+sin((exp(((x13+sin((-93.4)))+(-46.9)))-x8+(x13-(-36.66))*x1)))|x7<x9&!(!(x5<x6|!(x9<=(-61.3)|x12<=sin(x2)))))) CLASS=0.00
else 
if(x3>=x10-x12*x7|x11>(x2/x7)) CLASS=1.00
else 
CLASS=2.00
** CONFUSION MATRIX ** Number of classes: 3
   5    1    0 
   0    4    0 
   0    0    7 
TEST REPORT=>
CLASS[  0 (  6)] FAIL=16.67% 
CLASS[  1 (  4)] FAIL= 0.00% 
CLASS[  2 (  7)] FAIL= 0.00% 
CLASS_ERROR:    5.8823529412 PRECISION:    0.9333333333 RECALL:    0.9444444444 F1SCORE:    0.9388560158
 50:1.8519  100:1.8519  150:1.8519  200:1.8519  250:1.8519  300:1.8519  350:1.8519  400:1.8519  450:1.8519  500:1.8519 TEST REPORT=>
CLASS[  0 (  6)] FAIL=16.67% 
CLASS[  1 (  4)] FAIL= 0.00% 
CLASS[  2 (  7)] FAIL= 0.00% 
GENERATION=  349 FITNESS=    -1.852% TEST_ERROR=     5.882%
PROGRAMS=
if(!(x2<(x13+sin((exp(((x13+sin((-93.4)))+(-46.9)))-x8+(x13-(-36.66))*x1)))|x7<x9&!(!(x5<x6|!(x9<=(-61.3)|x12<=sin(x2)))))) CLASS=0.00
else 
if(x3>=x10-x12*x7|x11>(x2/x7)) CLASS=1.00
else 
CLASS=2.00
** CONFUSION MATRIX ** Number of classes: 3
   5    1    0 
   0    4    0 
   0    0    7 
TEST REPORT=>
CLASS[  0 (  6)] FAIL=16.67% 
CLASS[  1 (  4)] FAIL= 0.00% 
CLASS[  2 (  7)] FAIL= 0.00% 
CLASS_ERROR:    5.8823529412 PRECISION:    0.9333333333 RECALL:    0.9444444444 F1SCORE:    0.9388560158
 50:1.8519  100:1.8519  150:1.8519  200:1.8519  250:1.8519  300:1.8519  350:1.8519  400:1.8519  450:1.8519  500:1.8519 TARGETED[0] START fitness=       -1.8518518519
TARGETED[0] END fitness=       -1.8518518519 accepted=0
TARGETED[383] START fitness=      -67.2839506173
TARGETED[383] iter=2 type=VARIABLE codonPos=5 codon=99->93 rule=9->3 fitness=      -67.2839506173->      -30.2469135802
TARGETED[383] END fitness=      -30.2469135802 accepted=1
TARGETED[188] START fitness=      -30.2469135802
TARGETED[188] iter=1 type=BINARY_OPERATOR codonPos=106 codon=9->8 rule=1->0 fitness=      -30.2469135802->      -27.7777777778
TARGETED[188] iter=17 type=VARIABLE codonPos=105 codon=189->187 rule=9->7 fitness=      -27.7777777778->      -25.3086419753
TARGETED[188] iter=23 type=VARIABLE codonPos=107 codon=41->37 rule=11->7 fitness=      -25.3086419753->       -4.3209876543
TARGETED[188] iter=25 type=VARIABLE codonPos=101 codon=50->46 rule=5->1 fitness=       -4.3209876543->       -3.7037037037
TARGETED[188] END fitness=       -3.7037037037 accepted=4
TARGETED[216] START fitness=      -32.7160493827
TARGETED[216] END fitness=      -32.7160493827 accepted=0
TARGETED[340] START fitness=      -60.4938271605
TARGETED[340] iter=3 type=UNKNOWN codonPos=21 codon=158->159 rule=0->1 fitness=      -60.4938271605->      -58.6419753086
TARGETED[340] iter=6 type=VARIABLE codonPos=115 codon=152->147 rule=2->12 fitness=      -58.6419753086->      -35.1851851852
TARGETED[340] END fitness=      -35.1851851852 accepted=2
TARGETED[58] START fitness=       -1.8518518519
TARGETED[58] END fitness=       -1.8518518519 accepted=0
TARGETED[5] START fitness=       -1.8518518519
TARGETED[5] END fitness=       -1.8518518519 accepted=0
TARGETED[360] START fitness=      -67.2839506173
TARGETED[360] iter=1 type=BOOLEAN_OPERATOR codonPos=13 codon=196->198 rule=0->2 fitness=      -67.2839506173->      -58.6419753086
TARGETED[360] iter=38 type=VARIABLE codonPos=101 codon=50->51 rule=5->6 fitness=      -58.6419753086->      -51.8518518519
TARGETED[360] iter=49 type=FUNCTION codonPos=104 codon=59->58 rule=3->2 fitness=      -51.8518518519->      -49.3827160494
TARGETED[360] END fitness=      -49.3827160494 accepted=3
TARGETED[236] START fitness=      -32.7160493827
TARGETED[236] iter=18 type=VARIABLE codonPos=38 codon=70->63 rule=10->3 fitness=      -32.7160493827->       -6.1728395062
TARGETED[236] END fitness=       -6.1728395062 accepted=1
TARGETED[289] START fitness=      -38.2716049383
TARGETED[289] iter=1 type=VARIABLE codonPos=42 codon=126->128 rule=6->8 fitness=      -38.2716049383->      -32.7160493827
TARGETED[289] iter=12 type=VARIABLE codonPos=45 codon=68->74 rule=8->14 fitness=      -32.7160493827->      -30.8641975309
TARGETED[289] iter=19 type=BOOLEAN_OPERATOR codonPos=3 codon=193->194 rule=1->2 fitness=      -30.8641975309->      -14.1975308642
TARGETED[289] iter=24 type=VARIABLE codonPos=46 codon=16->10 rule=1->10 fitness=      -14.1975308642->       -5.5555555556
TARGETED[289] iter=25 type=VARIABLE codonPos=42 codon=128->126 rule=8->6 fitness=       -5.5555555556->       -2.4691358025
TARGETED[289] iter=30 type=VARIABLE codonPos=46 codon=10->8 rule=10->8 fitness=       -2.4691358025->       -1.8518518519
TARGETED[289] END fitness=       -1.8518518519 accepted=6
TARGETED[346] START fitness=      -61.1111111111
TARGETED[346] iter=1 type=BINARY_OPERATOR codonPos=111 codon=164->163 rule=0->3 fitness=      -61.1111111111->      -57.4074074074
TARGETED[346] iter=2 type=VARIABLE codonPos=104 codon=59->61 rule=14->1 fitness=      -57.4074074074->      -48.1481481481
TARGETED[346] iter=11 type=FUNCTION codonPos=9 codon=31->29 rule=3->1 fitness=      -48.1481481481->      -43.8271604938
TARGETED[346] iter=12 type=VARIABLE codonPos=104 codon=61->62 rule=1->2 fitness=      -43.8271604938->      -41.9753086420
TARGETED[346] iter=24 type=VARIABLE codonPos=45 codon=68->65 rule=8->5 fitness=      -41.9753086420->      -37.0370370370
TARGETED[346] iter=25 type=VARIABLE codonPos=112 codon=235->232 rule=10->7 fitness=      -37.0370370370->      -27.7777777778
TARGETED[346] iter=39 type=BOOLEAN_OPERATOR codonPos=43 codon=103->102 rule=3->2 fitness=      -27.7777777778->      -26.5432098765
TARGETED[346] END fitness=      -26.5432098765 accepted=7
TARGETED[330] START fitness=      -58.6419753086
TARGETED[330] iter=1 type=VARIABLE codonPos=104 codon=59->61 rule=14->1 fitness=      -58.6419753086->      -48.7654320988
TARGETED[330] iter=2 type=VARIABLE codonPos=6 codon=57->62 rule=12->2 fitness=      -48.7654320988->      -45.0617283951
TARGETED[330] iter=9 type=VARIABLE codonPos=2 codon=173->171 rule=8->6 fitness=      -45.0617283951->      -38.8888888889
TARGETED[330] iter=17 type=UNKNOWN codonPos=28 codon=107->106 rule=7->6 fitness=      -38.8888888889->      -34.5679012346
TARGETED[330] iter=18 type=VARIABLE codonPos=16 codon=238->235 rule=13->10 fitness=      -34.5679012346->      -32.7160493827
TARGETED[330] iter=24 type=VARIABLE codonPos=45 codon=68->62 rule=8->2 fitness=      -32.7160493827->      -30.2469135802
TARGETED[330] iter=43 type=VARIABLE codonPos=101 codon=50->56 rule=5->11 fitness=      -30.2469135802->      -23.4567901235
TARGETED[330] END fitness=      -23.4567901235 accepted=7
TARGETED[313] START fitness=      -58.6419753086
TARGETED[313] iter=6 type=BOOLEAN_OPERATOR codonPos=102 codon=180->182 rule=0->2 fitness=      -58.6419753086->      -56.1728395062
TARGETED[313] iter=7 type=VARIABLE codonPos=127 codon=2->0 rule=2->0 fitness=      -56.1728395062->      -53.0864197531
TARGETED[313] iter=13 type=VARIABLE codonPos=6 codon=184->181 rule=4->1 fitness=      -53.0864197531->      -52.4691358025
TARGETED[313] iter=16 type=VARIABLE codonPos=16 codon=42->44 rule=12->14 fitness=      -52.4691358025->      -51.2345679012
TARGETED[313] iter=21 type=VARIABLE codonPos=6 codon=181->182 rule=1->2 fitness=      -51.2345679012->      -49.3827160494
TARGETED[313] iter=26 type=UNKNOWN codonPos=134 codon=179->177 rule=9->7 fitness=      -49.3827160494->      -48.7654320988
TARGETED[313] iter=30 type=UNKNOWN codonPos=29 codon=34->30 rule=4->0 fitness=      -48.7654320988->      -46.9135802469
TARGETED[313] iter=38 type=BINARY_OPERATOR codonPos=128 codon=38->39 rule=2->3 fitness=      -46.9135802469->      -35.1851851852
TARGETED[313] iter=40 type=VARIABLE codonPos=45 codon=68->62 rule=8->2 fitness=      -35.1851851852->      -30.2469135802
TARGETED[313] iter=48 type=UNKNOWN codonPos=131 codon=208->212 rule=8->2 fitness=      -30.2469135802->      -25.3086419753
TARGETED[313] iter=49 type=UNKNOWN codonPos=132 codon=46->48 rule=6->8 fitness=      -25.3086419753->      -24.0740740741
TARGETED[313] END fitness=      -24.0740740741 accepted=11
TARGETED[68] START fitness=       -1.8518518519
TARGETED[68] END fitness=       -1.8518518519 accepted=0
TARGETED[190] START fitness=      -30.2469135802
TARGETED[190] iter=2 type=VARIABLE codonPos=101 codon=50->45 rule=5->0 fitness=      -30.2469135802->       -4.3209876543
TARGETED[190] END fitness=       -4.3209876543 accepted=1
TARGETED[27] START fitness=       -1.8518518519
TARGETED[27] END fitness=       -1.8518518519 accepted=0
TARGETED[298] START fitness=      -42.5925925926
TARGETED[298] iter=1 type=VARIABLE codonPos=6 codon=57->59 rule=12->14 fitness=      -42.5925925926->      -32.7160493827
TARGETED[298] iter=40 type=VARIABLE codonPos=46 codon=92->89 rule=2->14 fitness=      -32.7160493827->       -6.7901234568
TARGETED[298] END fitness=       -6.7901234568 accepted=2
TARGETED[311] START fitness=      -58.0246913580
TARGETED[311] iter=6 type=VARIABLE codonPos=116 codon=188->195 rule=8->0 fitness=      -58.0246913580->      -34.5679012346
TARGETED[311] iter=36 type=FUNCTION codonPos=12 codon=139->137 rule=3->1 fitness=      -34.5679012346->       -3.7037037037
TARGETED[311] iter=46 type=VARIABLE codonPos=115 codon=164->167 rule=14->2 fitness=       -3.7037037037->       -2.4691358025
TARGETED[311] END fitness=       -2.4691358025 accepted=3
TARGETED[315] START fitness=      -58.6419753086
TARGETED[315] iter=2 type=BOOLEAN_OPERATOR codonPos=102 codon=180->182 rule=0->2 fitness=      -58.6419753086->      -40.7407407407
TARGETED[315] iter=3 type=VARIABLE codonPos=50 codon=11->12 rule=11->12 fitness=      -40.7407407407->      -15.4320987654
TARGETED[315] iter=25 type=VARIABLE codonPos=45 codon=68->69 rule=8->9 fitness=      -15.4320987654->      -12.9629629630
TARGETED[315] iter=32 type=UNKNOWN codonPos=29 codon=183->184 rule=3->4 fitness=      -12.9629629630->      -11.7283950617
TARGETED[315] END fitness=      -11.7283950617 accepted=4
TARGETED[347] START fitness=      -61.1111111111
TARGETED[347] iter=6 type=VARIABLE codonPos=112 codon=235->240 rule=10->0 fitness=      -61.1111111111->      -35.1851851852
TARGETED[347] iter=19 type=BOOLEAN_OPERATOR codonPos=46 codon=113->114 rule=1->2 fitness=      -35.1851851852->       -8.6419753086
TARGETED[347] END fitness=       -8.6419753086 accepted=2
TEST REPORT=>
CLASS[  0 (  6)] FAIL=16.67% 
CLASS[  1 (  4)] FAIL= 0.00% 
CLASS[  2 (  7)] FAIL= 0.00% 
GENERATION=  350 FITNESS=    -1.852% TEST_ERROR=     5.882%
PROGRAMS=
if(!(x2<(x13+sin((exp(((x13+sin((-93.4)))+(-46.9)))-x8+(x13-(-36.66))*x1)))|x7<x9&!(!(x5<x6|!(x9<=(-61.3)|x12<=sin(x2)))))) CLASS=0.00
else 
if(x3>=x10-x12*x7|x11>(x2/x7)) CLASS=1.00
else 
CLASS=2.00
** CONFUSION MATRIX ** Number of classes: 3
   5    1    0 
   0    4    0 
   0    0    7 
TEST REPORT=>
CLASS[  0 (  6)] FAIL=16.67% 
CLASS[  1 (  4)] FAIL= 0.00% 
CLASS[  2 (  7)] FAIL= 0.00% 
CLASS_ERROR:    5.8823529412 PRECISION:    0.9333333333 RECALL:    0.9444444444 F1SCORE:    0.9388560158
 50:1.8519  100:1.8519  150:1.8519  200:1.8519  250:1.8519  300:1.8519  350:1.8519  400:1.8519  450:1.8519  500:1.8519 TEST REPORT=>
CLASS[  0 (  6)] FAIL=16.67% 
CLASS[  1 (  4)] FAIL= 0.00% 
CLASS[  2 (  7)] FAIL= 0.00% 
GENERATION=  351 FITNESS=    -1.852% TEST_ERROR=     5.882%
PROGRAMS=
if(!(x2<(x13+sin((exp(((x13+sin((-93.4)))+(-46.9)))-x8+(x13-(-36.66))*x1)))|x7<x9&!(!(x5<x6|!(x9<=(-61.3)|x12<=sin(x2)))))) CLASS=0.00
else 
if(x3>=x10-x12*x7|x11>(x2/x7)) CLASS=1.00
else 
CLASS=2.00
** CONFUSION MATRIX ** Number of classes: 3
   5    1    0 
   0    4    0 
   0    0    7 
TEST REPORT=>
CLASS[  0 (  6)] FAIL=16.67% 
CLASS[  1 (  4)] FAIL= 0.00% 
CLASS[  2 (  7)] FAIL= 0.00% 
CLASS_ERROR:    5.8823529412 PRECISION:    0.9333333333 RECALL:    0.9444444444 F1SCORE:    0.9388560158
 50:1.8519  100:1.8519  150:1.8519  200:1.8519  250:1.8519  300:1.8519  350:1.8519  400:1.8519  450:1.8519  500:1.8519 
TARGETED STAGNATION BURST generation=352 stagnation=20
TARGETED_BEST[0] START fitness=-1.8518518519
TARGETED_BEST[0] END fitness=-1.8518518519 accepted=0
TARGETED_BEST[1] START fitness=-1.8518518519
TARGETED_BEST[1] END fitness=-1.8518518519 accepted=0
TARGETED_BEST[2] START fitness=-1.8518518519
TARGETED_BEST[2] END fitness=-1.8518518519 accepted=0
TARGETED_BEST[3] START fitness=-1.8518518519
TARGETED_BEST[3] END fitness=-1.8518518519 accepted=0
TARGETED_BEST[4] START fitness=-1.8518518519
TARGETED_BEST[4] END fitness=-1.8518518519 accepted=0
TARGETED_BEST[5] START fitness=-1.8518518519
TARGETED_BEST[5] END fitness=-1.8518518519 accepted=0
TARGETED_BEST[6] START fitness=-1.8518518519
TARGETED_BEST[6] END fitness=-1.8518518519 accepted=0
TARGETED_BEST[7] START fitness=-1.8518518519
TARGETED_BEST[7] END fitness=-1.8518518519 accepted=0
TARGETED_BEST[8] START fitness=-1.8518518519
TARGETED_BEST[8] END fitness=-1.8518518519 accepted=0
TARGETED_BEST[9] START fitness=-1.8518518519
TARGETED_BEST[9] END fitness=-1.8518518519 accepted=0
TARGETED_BEST[10] START fitness=-1.8518518519
TARGETED_BEST[10] END fitness=-1.8518518519 accepted=0
TARGETED_BEST[11] START fitness=-1.8518518519
TARGETED_BEST[11] END fitness=-1.8518518519 accepted=0
TARGETED_BEST[12] START fitness=-1.8518518519
TARGETED_BEST[12] END fitness=-1.8518518519 accepted=0
TARGETED_BEST[13] START fitness=-1.8518518519
TARGETED_BEST[13] END fitness=-1.8518518519 accepted=0
TARGETED_BEST[14] START fitness=-1.8518518519
TARGETED_BEST[14] END fitness=-1.8518518519 accepted=0
TARGETED_BEST[15] START fitness=-1.8518518519
TARGETED_BEST[15] END fitness=-1.8518518519 accepted=0
TARGETED_BEST[16] START fitness=-1.8518518519
TARGETED_BEST[16] END fitness=-1.8518518519 accepted=0
TARGETED_BEST[17] START fitness=-1.8518518519
TARGETED_BEST[17] END fitness=-1.8518518519 accepted=0
TARGETED_BEST[18] START fitness=-1.8518518519
TARGETED_BEST[18] END fitness=-1.8518518519 accepted=0
TARGETED_BEST[19] START fitness=-1.8518518519
TARGETED_BEST[19] END fitness=-1.8518518519 accepted=0
TEST REPORT=>
CLASS[  0 (  6)] FAIL=16.67% 
CLASS[  1 (  4)] FAIL= 0.00% 
CLASS[  2 (  7)] FAIL= 0.00% 
GENERATION=  352 FITNESS=    -1.852% TEST_ERROR=     5.882%
PROGRAMS=
if(!(x2<(x13+sin((exp(((x13+sin((-93.4)))+(-46.9)))-x8+(x13-(-36.66))*x1)))|x7<x9&!(!(x5<x6|!(x9<=(-61.3)|x12<=sin(x2)))))) CLASS=0.00
else 
if(x3>=x10-x12*x7|x11>(x2/x7)) CLASS=1.00
else 
CLASS=2.00
** CONFUSION MATRIX ** Number of classes: 3
   5    1    0 
   0    4    0 
   0    0    7 
TEST REPORT=>
CLASS[  0 (  6)] FAIL=16.67% 
CLASS[  1 (  4)] FAIL= 0.00% 
CLASS[  2 (  7)] FAIL= 0.00% 
CLASS_ERROR:    5.8823529412 PRECISION:    0.9333333333 RECALL:    0.9444444444 F1SCORE:    0.9388560158
 50:1.8519  100:1.8519  150:1.8519  200:1.8519  250:1.8519  300:1.8519  350:1.8519  400:1.8519  450:1.8519  500:1.8519 TEST REPORT=>
CLASS[  0 (  6)] FAIL=16.67% 
CLASS[  1 (  4)] FAIL= 0.00% 
CLASS[  2 (  7)] FAIL= 0.00% 
GENERATION=  353 FITNESS=    -1.852% TEST_ERROR=     5.882%
PROGRAMS=
if(!(x2<(x13+sin((exp(((x13+sin((-93.4)))+(-46.9)))-x8+(x13-(-36.66))*x1)))|x7<x9&!(!(x5<x6|!(x9<=(-61.3)|x12<=sin(x2)))))) CLASS=0.00
else 
if(x3>=x10-x12*x7|x11>(x2/x7)) CLASS=1.00
else 
CLASS=2.00
** CONFUSION MATRIX ** Number of classes: 3
   5    1    0 
   0    4    0 
   0    0    7 
TEST REPORT=>
CLASS[  0 (  6)] FAIL=16.67% 
CLASS[  1 (  4)] FAIL= 0.00% 
CLASS[  2 (  7)] FAIL= 0.00% 
CLASS_ERROR:    5.8823529412 PRECISION:    0.9333333333 RECALL:    0.9444444444 F1SCORE:    0.9388560158
 50:1.8519  100:1.8519  150:1.8519  200:1.8519  250:1.8519  300:1.8519  350:1.8519  400:1.8519  450:1.8519  500:1.8519 TEST REPORT=>
CLASS[  0 (  6)] FAIL=16.67% 
CLASS[  1 (  4)] FAIL= 0.00% 
CLASS[  2 (  7)] FAIL= 0.00% 
GENERATION=  354 FITNESS=    -1.852% TEST_ERROR=     5.882%
PROGRAMS=
if(!(x2<(x13+sin((exp(((x13+sin((-93.4)))+(-46.9)))-x8+(x13-(-36.66))*x1)))|x7<x9&!(!(x5<x6|!(x9<=(-61.3)|x12<=sin(x2)))))) CLASS=0.00
else 
if(x3>=x10-x12*x7|x11>(x2/x7)) CLASS=1.00
else 
CLASS=2.00
** CONFUSION MATRIX ** Number of classes: 3
   5    1    0 
   0    4    0 
   0    0    7 
TEST REPORT=>
CLASS[  0 (  6)] FAIL=16.67% 
CLASS[  1 (  4)] FAIL= 0.00% 
CLASS[  2 (  7)] FAIL= 0.00% 
CLASS_ERROR:    5.8823529412 PRECISION:    0.9333333333 RECALL:    0.9444444444 F1SCORE:    0.9388560158
 50:1.8519  100:1.8519  150:1.8519  200:1.8519  250:1.8519  300:1.8519  350:1.8519  400:1.8519  450:1.8519  500:1.8519 TEST REPORT=>
CLASS[  0 (  6)] FAIL=16.67% 
CLASS[  1 (  4)] FAIL= 0.00% 
CLASS[  2 (  7)] FAIL= 0.00% 
GENERATION=  355 FITNESS=    -1.852% TEST_ERROR=     5.882%
PROGRAMS=
if(!(x2<(x13+sin((exp(((x13+sin((-93.4)))+(-46.9)))-x8+(x13-(-36.66))*x1)))|x7<x9&!(!(x5<x6|!(x9<=(-61.3)|x12<=sin(x2)))))) CLASS=0.00
else 
if(x3>=x10-x12*x7|x11>(x2/x7)) CLASS=1.00
else 
CLASS=2.00
** CONFUSION MATRIX ** Number of classes: 3
   5    1    0 
   0    4    0 
   0    0    7 
TEST REPORT=>
CLASS[  0 (  6)] FAIL=16.67% 
CLASS[  1 (  4)] FAIL= 0.00% 
CLASS[  2 (  7)] FAIL= 0.00% 
CLASS_ERROR:    5.8823529412 PRECISION:    0.9333333333 RECALL:    0.9444444444 F1SCORE:    0.9388560158
 50:1.8519  100:1.8519  150:1.8519  200:1.8519  250:1.8519  300:1.8519  350:1.8519  400:1.8519  450:1.8519  500:1.8519 TEST REPORT=>
CLASS[  0 (  6)] FAIL=16.67% 
CLASS[  1 (  4)] FAIL= 0.00% 
CLASS[  2 (  7)] FAIL= 0.00% 
GENERATION=  356 FITNESS=    -1.852% TEST_ERROR=     5.882%
PROGRAMS=
if(!(x2<(x13+sin((exp(((x13+sin((-93.4)))+(-46.9)))-x8+(x13-(-36.66))*x1)))|x7<x9&!(!(x5<x6|!(x9<=(-61.3)|x12<=sin(x2)))))) CLASS=0.00
else 
if(x3>=x10-x12*x7|x11>(x2/x7)) CLASS=1.00
else 
CLASS=2.00
** CONFUSION MATRIX ** Number of classes: 3
   5    1    0 
   0    4    0 
   0    0    7 
TEST REPORT=>
CLASS[  0 (  6)] FAIL=16.67% 
CLASS[  1 (  4)] FAIL= 0.00% 
CLASS[  2 (  7)] FAIL= 0.00% 
CLASS_ERROR:    5.8823529412 PRECISION:    0.9333333333 RECALL:    0.9444444444 F1SCORE:    0.9388560158
 50:1.8519  100:1.8519  150:1.8519  200:1.8519  250:1.8519  300:1.8519  350:1.8519  400:1.8519  450:1.8519  500:1.8519 TEST REPORT=>
CLASS[  0 (  6)] FAIL=16.67% 
CLASS[  1 (  4)] FAIL= 0.00% 
CLASS[  2 (  7)] FAIL= 0.00% 
GENERATION=  357 FITNESS=    -1.852% TEST_ERROR=     5.882%
PROGRAMS=
if(!(x2<(x13+sin((exp(((x13+sin((-93.4)))+(-46.9)))-x8+(x13-(-36.66))*x1)))|x7<x9&!(!(x5<x6|!(x9<=(-61.3)|x12<=sin(x2)))))) CLASS=0.00
else 
if(x3>=x10-x12*x7|x11>(x2/x7)) CLASS=1.00
else 
CLASS=2.00
** CONFUSION MATRIX ** Number of classes: 3
   5    1    0 
   0    4    0 
   0    0    7 
TEST REPORT=>
CLASS[  0 (  6)] FAIL=16.67% 
CLASS[  1 (  4)] FAIL= 0.00% 
CLASS[  2 (  7)] FAIL= 0.00% 
CLASS_ERROR:    5.8823529412 PRECISION:    0.9333333333 RECALL:    0.9444444444 F1SCORE:    0.9388560158
 50:1.8519  100:1.8519  150:1.8519  200:1.8519  250:1.8519  300:1.8519  350:1.8519  400:1.8519  450:1.8519  500:1.8519 TEST REPORT=>
CLASS[  0 (  6)] FAIL=16.67% 
CLASS[  1 (  4)] FAIL= 0.00% 
CLASS[  2 (  7)] FAIL= 0.00% 
GENERATION=  358 FITNESS=    -1.852% TEST_ERROR=     5.882%
PROGRAMS=
if(!(x2<(x13+sin((exp(((x13+sin((-93.4)))+(-46.9)))-x8+(x13-(-36.66))*x1)))|x7<x9&!(!(x5<x6|!(x9<=(-61.3)|x12<=sin(x2)))))) CLASS=0.00
else 
if(x3>=x10-x12*x7|x11>(x2/x7)) CLASS=1.00
else 
CLASS=2.00
** CONFUSION MATRIX ** Number of classes: 3
   5    1    0 
   0    4    0 
   0    0    7 
TEST REPORT=>
CLASS[  0 (  6)] FAIL=16.67% 
CLASS[  1 (  4)] FAIL= 0.00% 
CLASS[  2 (  7)] FAIL= 0.00% 
CLASS_ERROR:    5.8823529412 PRECISION:    0.9333333333 RECALL:    0.9444444444 F1SCORE:    0.9388560158
 50:1.8519  100:1.8519  150:1.8519  200:1.8519  250:1.8519  300:1.8519  350:1.8519  400:1.8519  450:1.8519  500:1.8519 TEST REPORT=>
CLASS[  0 (  6)] FAIL=16.67% 
CLASS[  1 (  4)] FAIL= 0.00% 
CLASS[  2 (  7)] FAIL= 0.00% 
GENERATION=  359 FITNESS=    -1.852% TEST_ERROR=     5.882%
PROGRAMS=
if(!(x2<(x13+sin((exp(((x13+sin((-93.4)))+(-46.9)))-x8+(x13-(-36.66))*x1)))|x7<x9&!(!(x5<x6|!(x9<=(-61.3)|x12<=sin(x2)))))) CLASS=0.00
else 
if(x3>=x10-x12*x7|x11>(x2/x7)) CLASS=1.00
else 
CLASS=2.00
** CONFUSION MATRIX ** Number of classes: 3
   5    1    0 
   0    4    0 
   0    0    7 
TEST REPORT=>
CLASS[  0 (  6)] FAIL=16.67% 
CLASS[  1 (  4)] FAIL= 0.00% 
CLASS[  2 (  7)] FAIL= 0.00% 
CLASS_ERROR:    5.8823529412 PRECISION:    0.9333333333 RECALL:    0.9444444444 F1SCORE:    0.9388560158
 50:1.8519  100:1.8519  150:1.8519  200:1.8519  250:1.8519  300:1.8519  350:1.8519  400:1.8519  450:1.8519  500:1.8519 TEST REPORT=>
CLASS[  0 (  6)] FAIL=16.67% 
CLASS[  1 (  4)] FAIL= 0.00% 
CLASS[  2 (  7)] FAIL= 0.00% 
GENERATION=  360 FITNESS=    -1.852% TEST_ERROR=     5.882%
PROGRAMS=
if(!(x2<(x13+sin((exp(((x13+sin((-93.4)))+(-46.9)))-x8+(x13-(-36.66))*x1)))|x7<x9&!(!(x5<x6|!(x9<=(-61.3)|x12<=sin(x2)))))) CLASS=0.00
else 
if(x3>=x10-x12*x7|x11>(x2/x7)) CLASS=1.00
else 
CLASS=2.00
** CONFUSION MATRIX ** Number of classes: 3
   5    1    0 
   0    4    0 
   0    0    7 
TEST REPORT=>
CLASS[  0 (  6)] FAIL=16.67% 
CLASS[  1 (  4)] FAIL= 0.00% 
CLASS[  2 (  7)] FAIL= 0.00% 
CLASS_ERROR:    5.8823529412 PRECISION:    0.9333333333 RECALL:    0.9444444444 F1SCORE:    0.9388560158
 50:1.8519  100:1.8519  150:1.8519  200:1.8519  250:1.8519  300:1.8519  350:1.8519  400:1.8519  450:1.8519  500:1.8519 TEST REPORT=>
CLASS[  0 (  6)] FAIL=16.67% 
CLASS[  1 (  4)] FAIL= 0.00% 
CLASS[  2 (  7)] FAIL= 0.00% 
GENERATION=  361 FITNESS=    -1.852% TEST_ERROR=     5.882%
PROGRAMS=
if(!(x2<(x13+sin((exp(((x13+sin((-93.4)))+(-46.9)))-x8+(x13-(-36.66))*x1)))|x7<x9&!(!(x5<x6|!(x9<=(-61.3)|x12<=sin(x2)))))) CLASS=0.00
else 
if(x3>=x10-x12*x7|x11>(x2/x7)) CLASS=1.00
else 
CLASS=2.00
** CONFUSION MATRIX ** Number of classes: 3
   5    1    0 
   0    4    0 
   0    0    7 
TEST REPORT=>
CLASS[  0 (  6)] FAIL=16.67% 
CLASS[  1 (  4)] FAIL= 0.00% 
CLASS[  2 (  7)] FAIL= 0.00% 
CLASS_ERROR:    5.8823529412 PRECISION:    0.9333333333 RECALL:    0.9444444444 F1SCORE:    0.9388560158
 50:1.8519  100:1.8519  150:1.8519  200:1.8519  250:1.8519  300:1.8519  350:1.8519  400:1.8519  450:1.8519  500:1.8519 TEST REPORT=>
CLASS[  0 (  6)] FAIL=16.67% 
CLASS[  1 (  4)] FAIL= 0.00% 
CLASS[  2 (  7)] FAIL= 0.00% 
GENERATION=  362 FITNESS=    -1.852% TEST_ERROR=     5.882%
PROGRAMS=
if(!(x2<(x13+sin((exp(((x13+sin((-93.4)))+(-46.9)))-x8+(x13-(-36.66))*x1)))|x7<x9&!(!(x5<x6|!(x9<=(-61.3)|x12<=sin(x2)))))) CLASS=0.00
else 
if(x3>=x10-x12*x7|x11>(x2/x7)) CLASS=1.00
else 
CLASS=2.00
** CONFUSION MATRIX ** Number of classes: 3
   5    1    0 
   0    4    0 
   0    0    7 
TEST REPORT=>
CLASS[  0 (  6)] FAIL=16.67% 
CLASS[  1 (  4)] FAIL= 0.00% 
CLASS[  2 (  7)] FAIL= 0.00% 
CLASS_ERROR:    5.8823529412 PRECISION:    0.9333333333 RECALL:    0.9444444444 F1SCORE:    0.9388560158
 50:1.8519  100:1.8519  150:1.8519  200:1.8519  250:1.8519  300:1.8519  350:1.8519  400:1.8519  450:1.8519  500:1.8519 TEST REPORT=>
CLASS[  0 (  6)] FAIL=16.67% 
CLASS[  1 (  4)] FAIL= 0.00% 
CLASS[  2 (  7)] FAIL= 0.00% 
GENERATION=  363 FITNESS=    -1.852% TEST_ERROR=     5.882%
PROGRAMS=
if(!(x2<(x13+sin((exp(((x13+sin((-93.4)))+(-46.9)))-x8+(x13-(-36.66))*x1)))|x7<x9&!(!(x5<x6|!(x9<=(-61.3)|x12<=sin(x2)))))) CLASS=0.00
else 
if(x3>=x10-x12*x7|x11>(x2/x7)) CLASS=1.00
else 
CLASS=2.00
** CONFUSION MATRIX ** Number of classes: 3
   5    1    0 
   0    4    0 
   0    0    7 
TEST REPORT=>
CLASS[  0 (  6)] FAIL=16.67% 
CLASS[  1 (  4)] FAIL= 0.00% 
CLASS[  2 (  7)] FAIL= 0.00% 
CLASS_ERROR:    5.8823529412 PRECISION:    0.9333333333 RECALL:    0.9444444444 F1SCORE:    0.9388560158
 50:1.8519  100:1.8519  150:1.8519  200:1.8519  250:1.8519  300:1.8519  350:1.8519  400:1.8519  450:1.8519  500:1.8519 TEST REPORT=>
CLASS[  0 (  6)] FAIL=16.67% 
CLASS[  1 (  4)] FAIL= 0.00% 
CLASS[  2 (  7)] FAIL= 0.00% 
GENERATION=  364 FITNESS=    -1.852% TEST_ERROR=     5.882%
PROGRAMS=
if(!(x2<(x13+sin((exp(((x13+sin((-93.4)))+(-46.9)))-x8+(x13-(-36.66))*x1)))|x7<x9&!(!(x5<x6|!(x9<=(-61.3)|x12<=sin(x2)))))) CLASS=0.00
else 
if(x3>=x10-x12*x7|x11>(x2/x7)) CLASS=1.00
else 
CLASS=2.00
** CONFUSION MATRIX ** Number of classes: 3
   5    1    0 
   0    4    0 
   0    0    7 
TEST REPORT=>
CLASS[  0 (  6)] FAIL=16.67% 
CLASS[  1 (  4)] FAIL= 0.00% 
CLASS[  2 (  7)] FAIL= 0.00% 
CLASS_ERROR:    5.8823529412 PRECISION:    0.9333333333 RECALL:    0.9444444444 F1SCORE:    0.9388560158
 50:1.8519  100:1.8519  150:1.8519  200:1.8519  250:1.8519  300:1.8519  350:1.8519  400:1.8519  450:1.8519  500:1.8519 TEST REPORT=>
CLASS[  0 (  6)] FAIL=16.67% 
CLASS[  1 (  4)] FAIL= 0.00% 
CLASS[  2 (  7)] FAIL= 0.00% 
GENERATION=  365 FITNESS=    -1.852% TEST_ERROR=     5.882%
PROGRAMS=
if(!(x2<(x13+sin((exp(((x13+sin((-93.4)))+(-46.9)))-x8+(x13-(-36.66))*x1)))|x7<x9&!(!(x5<x6|!(x9<=(-61.3)|x12<=sin(x2)))))) CLASS=0.00
else 
if(x3>=x10-x12*x7|x11>(x2/x7)) CLASS=1.00
else 
CLASS=2.00
** CONFUSION MATRIX ** Number of classes: 3
   5    1    0 
   0    4    0 
   0    0    7 
TEST REPORT=>
CLASS[  0 (  6)] FAIL=16.67% 
CLASS[  1 (  4)] FAIL= 0.00% 
CLASS[  2 (  7)] FAIL= 0.00% 
CLASS_ERROR:    5.8823529412 PRECISION:    0.9333333333 RECALL:    0.9444444444 F1SCORE:    0.9388560158
 50:1.8519  100:1.8519  150:1.8519  200:1.8519  250:1.8519  300:1.8519  350:1.8519  400:1.8519  450:1.8519  500:1.8519 TEST REPORT=>
CLASS[  0 (  6)] FAIL=16.67% 
CLASS[  1 (  4)] FAIL= 0.00% 
CLASS[  2 (  7)] FAIL= 0.00% 
GENERATION=  366 FITNESS=    -1.852% TEST_ERROR=     5.882%
PROGRAMS=
if(!(x2<(x13+sin((exp(((x13+sin((-93.4)))+(-46.9)))-x8+(x13-(-36.66))*x1)))|x7<x9&!(!(x5<x6|!(x9<=(-61.3)|x12<=sin(x2)))))) CLASS=0.00
else 
if(x3>=x10-x12*x7|x11>(x2/x7)) CLASS=1.00
else 
CLASS=2.00
** CONFUSION MATRIX ** Number of classes: 3
   5    1    0 
   0    4    0 
   0    0    7 
TEST REPORT=>
CLASS[  0 (  6)] FAIL=16.67% 
CLASS[  1 (  4)] FAIL= 0.00% 
CLASS[  2 (  7)] FAIL= 0.00% 
CLASS_ERROR:    5.8823529412 PRECISION:    0.9333333333 RECALL:    0.9444444444 F1SCORE:    0.9388560158
 50:1.8519  100:1.8519  150:1.8519  200:1.8519  250:1.8519  300:1.8519  350:1.8519  400:1.8519  450:1.8519  500:1.8519 TEST REPORT=>
CLASS[  0 (  6)] FAIL=16.67% 
CLASS[  1 (  4)] FAIL= 0.00% 
CLASS[  2 (  7)] FAIL= 0.00% 
GENERATION=  367 FITNESS=    -1.852% TEST_ERROR=     5.882%
PROGRAMS=
if(!(x2<(x13+sin((exp(((x13+sin((-93.4)))+(-46.9)))-x8+(x13-(-36.66))*x1)))|x7<x9&!(!(x5<x6|!(x9<=(-61.3)|x12<=sin(x2)))))) CLASS=0.00
else 
if(x3>=x10-x12*x7|x11>(x2/x7)) CLASS=1.00
else 
CLASS=2.00
** CONFUSION MATRIX ** Number of classes: 3
   5    1    0 
   0    4    0 
   0    0    7 
TEST REPORT=>
CLASS[  0 (  6)] FAIL=16.67% 
CLASS[  1 (  4)] FAIL= 0.00% 
CLASS[  2 (  7)] FAIL= 0.00% 
CLASS_ERROR:    5.8823529412 PRECISION:    0.9333333333 RECALL:    0.9444444444 F1SCORE:    0.9388560158
 50:1.8519  100:1.8519  150:1.8519  200:1.8519  250:1.8519  300:1.8519  350:1.8519  400:1.8519  450:1.8519  500:1.8519 TEST REPORT=>
CLASS[  0 (  6)] FAIL=16.67% 
CLASS[  1 (  4)] FAIL= 0.00% 
CLASS[  2 (  7)] FAIL= 0.00% 
GENERATION=  368 FITNESS=    -1.852% TEST_ERROR=     5.882%
PROGRAMS=
if(!(x2<(x13+sin((exp(((x13+sin((-93.4)))+(-46.9)))-x8+(x13-(-36.66))*x1)))|x7<x9&!(!(x5<x6|!(x9<=(-61.3)|x12<=sin(x2)))))) CLASS=0.00
else 
if(x3>=x10-x12*x7|x11>(x2/x7)) CLASS=1.00
else 
CLASS=2.00
** CONFUSION MATRIX ** Number of classes: 3
   5    1    0 
   0    4    0 
   0    0    7 
TEST REPORT=>
CLASS[  0 (  6)] FAIL=16.67% 
CLASS[  1 (  4)] FAIL= 0.00% 
CLASS[  2 (  7)] FAIL= 0.00% 
CLASS_ERROR:    5.8823529412 PRECISION:    0.9333333333 RECALL:    0.9444444444 F1SCORE:    0.9388560158
 50:1.8519  100:1.8519  150:1.8519  200:1.8519  250:1.8519  300:1.8519  350:1.8519  400:1.8519  450:1.8519  500:1.8519 TEST REPORT=>
CLASS[  0 (  6)] FAIL=16.67% 
CLASS[  1 (  4)] FAIL= 0.00% 
CLASS[  2 (  7)] FAIL= 0.00% 
GENERATION=  369 FITNESS=    -1.852% TEST_ERROR=     5.882%
PROGRAMS=
if(!(x2<(x13+sin((exp(((x13+sin((-93.4)))+(-46.9)))-x8+(x13-(-36.66))*x1)))|x7<x9&!(!(x5<x6|!(x9<=(-61.3)|x12<=sin(x2)))))) CLASS=0.00
else 
if(x3>=x10-x12*x7|x11>(x2/x7)) CLASS=1.00
else 
CLASS=2.00
** CONFUSION MATRIX ** Number of classes: 3
   5    1    0 
   0    4    0 
   0    0    7 
TEST REPORT=>
CLASS[  0 (  6)] FAIL=16.67% 
CLASS[  1 (  4)] FAIL= 0.00% 
CLASS[  2 (  7)] FAIL= 0.00% 
CLASS_ERROR:    5.8823529412 PRECISION:    0.9333333333 RECALL:    0.9444444444 F1SCORE:    0.9388560158
 50:1.8519  100:1.8519  150:1.8519  200:1.8519  250:1.8519  300:1.8519  350:1.8519  400:1.8519  450:1.8519  500:1.8519 TEST REPORT=>
CLASS[  0 (  6)] FAIL=16.67% 
CLASS[  1 (  4)] FAIL= 0.00% 
CLASS[  2 (  7)] FAIL= 0.00% 
GENERATION=  370 FITNESS=    -1.852% TEST_ERROR=     5.882%
PROGRAMS=
if(!(x2<(x13+sin((exp(((x13+sin((-93.4)))+(-46.9)))-x8+(x13-(-36.66))*x1)))|x7<x9&!(!(x5<x6|!(x9<=(-61.3)|x12<=sin(x2)))))) CLASS=0.00
else 
if(x3>=x10-x12*x7|x11>(x2/x7)) CLASS=1.00
else 
CLASS=2.00
** CONFUSION MATRIX ** Number of classes: 3
   5    1    0 
   0    4    0 
   0    0    7 
TEST REPORT=>
CLASS[  0 (  6)] FAIL=16.67% 
CLASS[  1 (  4)] FAIL= 0.00% 
CLASS[  2 (  7)] FAIL= 0.00% 
CLASS_ERROR:    5.8823529412 PRECISION:    0.9333333333 RECALL:    0.9444444444 F1SCORE:    0.9388560158
 50:1.8519  100:1.8519  150:1.8519  200:1.8519  250:1.8519  300:1.8519  350:1.8519  400:1.8519  450:1.8519  500:1.8519 TEST REPORT=>
CLASS[  0 (  6)] FAIL=16.67% 
CLASS[  1 (  4)] FAIL= 0.00% 
CLASS[  2 (  7)] FAIL= 0.00% 
GENERATION=  371 FITNESS=    -1.852% TEST_ERROR=     5.882%
PROGRAMS=
if(!(x2<(x13+sin((exp(((x13+sin((-93.4)))+(-46.9)))-x8+(x13-(-36.66))*x1)))|x7<x9&!(!(x5<x6|!(x9<=(-61.3)|x12<=sin(x2)))))) CLASS=0.00
else 
if(x3>=x10-x12*x7|x11>(x2/x7)) CLASS=1.00
else 
CLASS=2.00
** CONFUSION MATRIX ** Number of classes: 3
   5    1    0 
   0    4    0 
   0    0    7 
TEST REPORT=>
CLASS[  0 (  6)] FAIL=16.67% 
CLASS[  1 (  4)] FAIL= 0.00% 
CLASS[  2 (  7)] FAIL= 0.00% 
CLASS_ERROR:    5.8823529412 PRECISION:    0.9333333333 RECALL:    0.9444444444 F1SCORE:    0.9388560158
 50:1.8519  100:1.8519  150:1.8519  200:1.8519  250:1.8519  300:1.8519  350:1.8519  400:1.8519  450:1.8519  500:1.8519 
TARGETED STAGNATION BURST generation=372 stagnation=20
TARGETED_BEST[0] START fitness=-1.8518518519
TARGETED_BEST[0] END fitness=-1.8518518519 accepted=0
TARGETED_BEST[1] START fitness=-1.8518518519
TARGETED_BEST[1] END fitness=-1.8518518519 accepted=0
TARGETED_BEST[2] START fitness=-1.8518518519
TARGETED_BEST[2] END fitness=-1.8518518519 accepted=0
TARGETED_BEST[3] START fitness=-1.8518518519
TARGETED_BEST[3] END fitness=-1.8518518519 accepted=0
TARGETED_BEST[4] START fitness=-1.8518518519
TARGETED_BEST[4] END fitness=-1.8518518519 accepted=0
TARGETED_BEST[5] START fitness=-1.8518518519
TARGETED_BEST[5] END fitness=-1.8518518519 accepted=0
TARGETED_BEST[6] START fitness=-1.8518518519
TARGETED_BEST[6] END fitness=-1.8518518519 accepted=0
TARGETED_BEST[7] START fitness=-1.8518518519
TARGETED_BEST[7] END fitness=-1.8518518519 accepted=0
TARGETED_BEST[8] START fitness=-1.8518518519
TARGETED_BEST[8] END fitness=-1.8518518519 accepted=0
TARGETED_BEST[9] START fitness=-1.8518518519
TARGETED_BEST[9] END fitness=-1.8518518519 accepted=0
TARGETED_BEST[10] START fitness=-1.8518518519
TARGETED_BEST[10] END fitness=-1.8518518519 accepted=0
TARGETED_BEST[11] START fitness=-1.8518518519
TARGETED_BEST[11] END fitness=-1.8518518519 accepted=0
TARGETED_BEST[12] START fitness=-1.8518518519
TARGETED_BEST[12] END fitness=-1.8518518519 accepted=0
TARGETED_BEST[13] START fitness=-1.8518518519
TARGETED_BEST[13] END fitness=-1.8518518519 accepted=0
TARGETED_BEST[14] START fitness=-1.8518518519
TARGETED_BEST[14] END fitness=-1.8518518519 accepted=0
TARGETED_BEST[15] START fitness=-1.8518518519
TARGETED_BEST[15] END fitness=-1.8518518519 accepted=0
TARGETED_BEST[16] START fitness=-1.8518518519
TARGETED_BEST[16] END fitness=-1.8518518519 accepted=0
TARGETED_BEST[17] START fitness=-1.8518518519
TARGETED_BEST[17] END fitness=-1.8518518519 accepted=0
TARGETED_BEST[18] START fitness=-1.8518518519
TARGETED_BEST[18] END fitness=-1.8518518519 accepted=0
TARGETED_BEST[19] START fitness=-1.8518518519
TARGETED_BEST[19] END fitness=-1.8518518519 accepted=0
TEST REPORT=>
CLASS[  0 (  6)] FAIL=16.67% 
CLASS[  1 (  4)] FAIL= 0.00% 
CLASS[  2 (  7)] FAIL= 0.00% 
GENERATION=  372 FITNESS=    -1.852% TEST_ERROR=     5.882%
PROGRAMS=
if(!(x2<(x13+sin((exp(((x13+sin((-93.4)))+(-46.9)))-x8+(x13-(-36.66))*x1)))|x7<x9&!(!(x5<x6|!(x9<=(-61.3)|x12<=sin(x2)))))) CLASS=0.00
else 
if(x3>=x10-x12*x7|x11>(x2/x7)) CLASS=1.00
else 
CLASS=2.00
** CONFUSION MATRIX ** Number of classes: 3
   5    1    0 
   0    4    0 
   0    0    7 
TEST REPORT=>
CLASS[  0 (  6)] FAIL=16.67% 
CLASS[  1 (  4)] FAIL= 0.00% 
CLASS[  2 (  7)] FAIL= 0.00% 
CLASS_ERROR:    5.8823529412 PRECISION:    0.9333333333 RECALL:    0.9444444444 F1SCORE:    0.9388560158
 50:1.8519  100:1.8519  150:1.8519  200:1.8519  250:1.8519  300:1.8519  350:1.8519  400:1.8519  450:1.8519  500:1.8519 TEST REPORT=>
CLASS[  0 (  6)] FAIL=16.67% 
CLASS[  1 (  4)] FAIL= 0.00% 
CLASS[  2 (  7)] FAIL= 0.00% 
GENERATION=  373 FITNESS=    -1.852% TEST_ERROR=     5.882%
PROGRAMS=
if(!(x2<(x13+sin((exp(((x13+sin((-93.4)))+(-46.9)))-x8+(x13-(-36.66))*x1)))|x7<x9&!(!(x5<x6|!(x9<=(-61.3)|x12<=sin(x2)))))) CLASS=0.00
else 
if(x3>=x10-x12*x7|x11>(x2/x7)) CLASS=1.00
else 
CLASS=2.00
** CONFUSION MATRIX ** Number of classes: 3
   5    1    0 
   0    4    0 
   0    0    7 
TEST REPORT=>
CLASS[  0 (  6)] FAIL=16.67% 
CLASS[  1 (  4)] FAIL= 0.00% 
CLASS[  2 (  7)] FAIL= 0.00% 
CLASS_ERROR:    5.8823529412 PRECISION:    0.9333333333 RECALL:    0.9444444444 F1SCORE:    0.9388560158
 50:1.8519  100:1.8519  150:1.8519  200:1.8519  250:1.8519  300:1.8519  350:1.8519  400:1.8519  450:1.8519  500:1.8519 TEST REPORT=>
CLASS[  0 (  6)] FAIL=16.67% 
CLASS[  1 (  4)] FAIL= 0.00% 
CLASS[  2 (  7)] FAIL= 0.00% 
GENERATION=  374 FITNESS=    -1.852% TEST_ERROR=     5.882%
PROGRAMS=
if(!(x2<(x13+sin((exp(((x13+sin((-93.4)))+(-46.9)))-x8+(x13-(-36.66))*x1)))|x7<x9&!(!(x5<x6|!(x9<=(-61.3)|x12<=sin(x2)))))) CLASS=0.00
else 
if(x3>=x10-x12*x7|x11>(x2/x7)) CLASS=1.00
else 
CLASS=2.00
** CONFUSION MATRIX ** Number of classes: 3
   5    1    0 
   0    4    0 
   0    0    7 
TEST REPORT=>
CLASS[  0 (  6)] FAIL=16.67% 
CLASS[  1 (  4)] FAIL= 0.00% 
CLASS[  2 (  7)] FAIL= 0.00% 
CLASS_ERROR:    5.8823529412 PRECISION:    0.9333333333 RECALL:    0.9444444444 F1SCORE:    0.9388560158
 50:1.8519  100:1.8519  150:1.8519  200:1.8519  250:1.8519  300:1.8519  350:1.8519  400:1.8519  450:1.8519  500:1.8519 TEST REPORT=>
CLASS[  0 (  6)] FAIL=16.67% 
CLASS[  1 (  4)] FAIL= 0.00% 
CLASS[  2 (  7)] FAIL= 0.00% 
GENERATION=  375 FITNESS=    -1.852% TEST_ERROR=     5.882%
PROGRAMS=
if(!(x2<(x13+sin((exp(((x13+sin((-93.4)))+(-46.9)))-x8+(x13-(-36.66))*x1)))|x7<x9&!(!(x5<x6|!(x9<=(-61.3)|x12<=sin(x2)))))) CLASS=0.00
else 
if(x3>=x10-x12*x7|x11>(x2/x7)) CLASS=1.00
else 
CLASS=2.00
** CONFUSION MATRIX ** Number of classes: 3
   5    1    0 
   0    4    0 
   0    0    7 
TEST REPORT=>
CLASS[  0 (  6)] FAIL=16.67% 
CLASS[  1 (  4)] FAIL= 0.00% 
CLASS[  2 (  7)] FAIL= 0.00% 
CLASS_ERROR:    5.8823529412 PRECISION:    0.9333333333 RECALL:    0.9444444444 F1SCORE:    0.9388560158
 50:1.8519  100:1.8519  150:1.8519  200:1.8519  250:1.8519  300:1.8519  350:1.8519  400:1.8519  450:1.8519  500:1.8519 TEST REPORT=>
CLASS[  0 (  6)] FAIL=16.67% 
CLASS[  1 (  4)] FAIL= 0.00% 
CLASS[  2 (  7)] FAIL= 0.00% 
GENERATION=  376 FITNESS=    -1.852% TEST_ERROR=     5.882%
PROGRAMS=
if(!(x2<(x13+sin((exp(((x13+sin((-93.4)))+(-46.9)))-x8+(x13-(-36.66))*x1)))|x7<x9&!(!(x5<x6|!(x9<=(-61.3)|x12<=sin(x2)))))) CLASS=0.00
else 
if(x3>=x10-x12*x7|x11>(x2/x7)) CLASS=1.00
else 
CLASS=2.00
** CONFUSION MATRIX ** Number of classes: 3
   5    1    0 
   0    4    0 
   0    0    7 
TEST REPORT=>
CLASS[  0 (  6)] FAIL=16.67% 
CLASS[  1 (  4)] FAIL= 0.00% 
CLASS[  2 (  7)] FAIL= 0.00% 
CLASS_ERROR:    5.8823529412 PRECISION:    0.9333333333 RECALL:    0.9444444444 F1SCORE:    0.9388560158
 50:1.8519  100:1.8519  150:1.8519  200:1.8519  250:1.8519  300:1.8519  350:1.8519  400:1.8519  450:1.8519  500:1.8519 TEST REPORT=>
CLASS[  0 (  6)] FAIL=16.67% 
CLASS[  1 (  4)] FAIL= 0.00% 
CLASS[  2 (  7)] FAIL= 0.00% 
GENERATION=  377 FITNESS=    -1.852% TEST_ERROR=     5.882%
PROGRAMS=
if(!(x2<(x13+sin((exp(((x13+sin((-93.4)))+(-46.9)))-x8+(x13-(-36.66))*x1)))|x7<x9&!(!(x5<x6|!(x9<=(-61.3)|x12<=sin(x2)))))) CLASS=0.00
else 
if(x3>=x10-x12*x7|x11>(x2/x7)) CLASS=1.00
else 
CLASS=2.00
** CONFUSION MATRIX ** Number of classes: 3
   5    1    0 
   0    4    0 
   0    0    7 
TEST REPORT=>
CLASS[  0 (  6)] FAIL=16.67% 
CLASS[  1 (  4)] FAIL= 0.00% 
CLASS[  2 (  7)] FAIL= 0.00% 
CLASS_ERROR:    5.8823529412 PRECISION:    0.9333333333 RECALL:    0.9444444444 F1SCORE:    0.9388560158
 50:1.8519  100:1.8519  150:1.8519  200:1.8519  250:1.8519  300:1.8519  350:1.8519  400:1.8519  450:1.8519  500:1.8519 TEST REPORT=>
CLASS[  0 (  6)] FAIL=16.67% 
CLASS[  1 (  4)] FAIL= 0.00% 
CLASS[  2 (  7)] FAIL= 0.00% 
GENERATION=  378 FITNESS=    -1.852% TEST_ERROR=     5.882%
PROGRAMS=
if(!(x2<(x13+sin((exp(((x13+sin((-93.4)))+(-46.9)))-x8+(x13-(-36.66))*x1)))|x7<x9&!(!(x5<x6|!(x9<=(-61.3)|x12<=sin(x2)))))) CLASS=0.00
else 
if(x3>=x10-x12*x7|x11>(x2/x7)) CLASS=1.00
else 
CLASS=2.00
** CONFUSION MATRIX ** Number of classes: 3
   5    1    0 
   0    4    0 
   0    0    7 
TEST REPORT=>
CLASS[  0 (  6)] FAIL=16.67% 
CLASS[  1 (  4)] FAIL= 0.00% 
CLASS[  2 (  7)] FAIL= 0.00% 
CLASS_ERROR:    5.8823529412 PRECISION:    0.9333333333 RECALL:    0.9444444444 F1SCORE:    0.9388560158
 50:1.8519  100:1.8519  150:1.8519  200:1.8519  250:1.8519  300:1.8519  350:1.8519  400:1.8519  450:1.8519  500:1.8519 TEST REPORT=>
CLASS[  0 (  6)] FAIL=16.67% 
CLASS[  1 (  4)] FAIL= 0.00% 
CLASS[  2 (  7)] FAIL= 0.00% 
GENERATION=  379 FITNESS=    -1.852% TEST_ERROR=     5.882%
PROGRAMS=
if(!(x2<(x13+sin((exp(((x13+sin((-93.4)))+(-46.9)))-x8+(x13-(-36.66))*x1)))|x7<x9&!(!(x5<x6|!(x9<=(-61.3)|x12<=sin(x2)))))) CLASS=0.00
else 
if(x3>=x10-x12*x7|x11>(x2/x7)) CLASS=1.00
else 
CLASS=2.00
** CONFUSION MATRIX ** Number of classes: 3
   5    1    0 
   0    4    0 
   0    0    7 
TEST REPORT=>
CLASS[  0 (  6)] FAIL=16.67% 
CLASS[  1 (  4)] FAIL= 0.00% 
CLASS[  2 (  7)] FAIL= 0.00% 
CLASS_ERROR:    5.8823529412 PRECISION:    0.9333333333 RECALL:    0.9444444444 F1SCORE:    0.9388560158
 50:1.8519  100:1.8519  150:1.8519  200:1.8519  250:1.8519  300:1.8519  350:1.8519  400:1.8519  450:1.8519  500:1.8519 TEST REPORT=>
CLASS[  0 (  6)] FAIL=16.67% 
CLASS[  1 (  4)] FAIL= 0.00% 
CLASS[  2 (  7)] FAIL= 0.00% 
GENERATION=  380 FITNESS=    -1.852% TEST_ERROR=     5.882%
PROGRAMS=
if(!(x2<(x13+sin((exp(((x13+sin((-93.4)))+(-46.9)))-x8+(x13-(-36.66))*x1)))|x7<x9&!(!(x5<x6|!(x9<=(-61.3)|x12<=sin(x2)))))) CLASS=0.00
else 
if(x3>=x10-x12*x7|x11>(x2/x7)) CLASS=1.00
else 
CLASS=2.00
** CONFUSION MATRIX ** Number of classes: 3
   5    1    0 
   0    4    0 
   0    0    7 
TEST REPORT=>
CLASS[  0 (  6)] FAIL=16.67% 
CLASS[  1 (  4)] FAIL= 0.00% 
CLASS[  2 (  7)] FAIL= 0.00% 
CLASS_ERROR:    5.8823529412 PRECISION:    0.9333333333 RECALL:    0.9444444444 F1SCORE:    0.9388560158
 50:1.8519  100:1.8519  150:1.8519  200:1.8519  250:1.8519  300:1.8519  350:1.8519  400:1.8519  450:1.8519  500:1.8519 TEST REPORT=>
CLASS[  0 (  6)] FAIL=16.67% 
CLASS[  1 (  4)] FAIL= 0.00% 
CLASS[  2 (  7)] FAIL= 0.00% 
GENERATION=  381 FITNESS=    -1.852% TEST_ERROR=     5.882%
PROGRAMS=
if(!(x2<(x13+sin((exp(((x13+sin((-93.4)))+(-46.9)))-x8+(x13-(-36.66))*x1)))|x7<x9&!(!(x5<x6|!(x9<=(-61.3)|x12<=sin(x2)))))) CLASS=0.00
else 
if(x3>=x10-x12*x7|x11>(x2/x7)) CLASS=1.00
else 
CLASS=2.00
** CONFUSION MATRIX ** Number of classes: 3
   5    1    0 
   0    4    0 
   0    0    7 
TEST REPORT=>
CLASS[  0 (  6)] FAIL=16.67% 
CLASS[  1 (  4)] FAIL= 0.00% 
CLASS[  2 (  7)] FAIL= 0.00% 
CLASS_ERROR:    5.8823529412 PRECISION:    0.9333333333 RECALL:    0.9444444444 F1SCORE:    0.9388560158
 50:1.8519  100:1.8519  150:1.8519  200:1.8519  250:1.8519  300:1.8519  350:1.8519  400:1.8519  450:1.8519  500:1.8519 TEST REPORT=>
CLASS[  0 (  6)] FAIL=16.67% 
CLASS[  1 (  4)] FAIL= 0.00% 
CLASS[  2 (  7)] FAIL= 0.00% 
GENERATION=  382 FITNESS=    -1.852% TEST_ERROR=     5.882%
PROGRAMS=
if(!(x2<(x13+sin((exp(((x13+sin((-93.4)))+(-46.9)))-x8+(x13-(-36.66))*x1)))|x7<x9&!(!(x5<x6|!(x9<=(-61.3)|x12<=sin(x2)))))) CLASS=0.00
else 
if(x3>=x10-x12*x7|x11>(x2/x7)) CLASS=1.00
else 
CLASS=2.00
** CONFUSION MATRIX ** Number of classes: 3
   5    1    0 
   0    4    0 
   0    0    7 
TEST REPORT=>
CLASS[  0 (  6)] FAIL=16.67% 
CLASS[  1 (  4)] FAIL= 0.00% 
CLASS[  2 (  7)] FAIL= 0.00% 
CLASS_ERROR:    5.8823529412 PRECISION:    0.9333333333 RECALL:    0.9444444444 F1SCORE:    0.9388560158
 50:1.8519  100:1.8519  150:1.8519  200:1.8519  250:1.8519  300:1.8519  350:1.8519  400:1.8519  450:1.8519  500:1.8519 TEST REPORT=>
CLASS[  0 (  6)] FAIL=16.67% 
CLASS[  1 (  4)] FAIL= 0.00% 
CLASS[  2 (  7)] FAIL= 0.00% 
GENERATION=  383 FITNESS=    -1.852% TEST_ERROR=     5.882%
PROGRAMS=
if(!(x2<(x13+sin((exp(((x13+sin((-93.4)))+(-46.9)))-x8+(x13-(-36.66))*x1)))|x7<x9&!(!(x5<x6|!(x9<=(-61.3)|x12<=sin(x2)))))) CLASS=0.00
else 
if(x3>=x10-x12*x7|x11>(x2/x7)) CLASS=1.00
else 
CLASS=2.00
** CONFUSION MATRIX ** Number of classes: 3
   5    1    0 
   0    4    0 
   0    0    7 
TEST REPORT=>
CLASS[  0 (  6)] FAIL=16.67% 
CLASS[  1 (  4)] FAIL= 0.00% 
CLASS[  2 (  7)] FAIL= 0.00% 
CLASS_ERROR:    5.8823529412 PRECISION:    0.9333333333 RECALL:    0.9444444444 F1SCORE:    0.9388560158
 50:1.8519  100:1.8519  150:1.8519  200:1.8519  250:1.8519  300:1.8519  350:1.8519  400:1.8519  450:1.8519  500:1.8519 TEST REPORT=>
CLASS[  0 (  6)] FAIL=16.67% 
CLASS[  1 (  4)] FAIL= 0.00% 
CLASS[  2 (  7)] FAIL= 0.00% 
GENERATION=  384 FITNESS=    -1.852% TEST_ERROR=     5.882%
PROGRAMS=
if(!(x2<(x13+sin((exp(((x13+sin((-93.4)))+(-46.9)))-x8+(x13-(-36.66))*x1)))|x7<x9&!(!(x5<x6|!(x9<=(-61.3)|x12<=sin(x2)))))) CLASS=0.00
else 
if(x3>=x10-x12*x7|x11>(x2/x7)) CLASS=1.00
else 
CLASS=2.00
** CONFUSION MATRIX ** Number of classes: 3
   5    1    0 
   0    4    0 
   0    0    7 
TEST REPORT=>
CLASS[  0 (  6)] FAIL=16.67% 
CLASS[  1 (  4)] FAIL= 0.00% 
CLASS[  2 (  7)] FAIL= 0.00% 
CLASS_ERROR:    5.8823529412 PRECISION:    0.9333333333 RECALL:    0.9444444444 F1SCORE:    0.9388560158
 50:1.8519  100:1.8519  150:1.8519  200:1.8519  250:1.8519  300:1.8519  350:1.8519  400:1.8519  450:1.8519  500:1.8519 TEST REPORT=>
CLASS[  0 (  6)] FAIL=16.67% 
CLASS[  1 (  4)] FAIL= 0.00% 
CLASS[  2 (  7)] FAIL= 0.00% 
GENERATION=  385 FITNESS=    -1.852% TEST_ERROR=     5.882%
PROGRAMS=
if(!(x2<(x13+sin((exp(((x13+sin((-93.4)))+(-46.9)))-x8+(x13-(-36.66))*x1)))|x7<x9&!(!(x5<x6|!(x9<=(-61.3)|x12<=sin(x2)))))) CLASS=0.00
else 
if(x3>=x10-x12*x7|x11>(x2/x7)) CLASS=1.00
else 
CLASS=2.00
** CONFUSION MATRIX ** Number of classes: 3
   5    1    0 
   0    4    0 
   0    0    7 
TEST REPORT=>
CLASS[  0 (  6)] FAIL=16.67% 
CLASS[  1 (  4)] FAIL= 0.00% 
CLASS[  2 (  7)] FAIL= 0.00% 
CLASS_ERROR:    5.8823529412 PRECISION:    0.9333333333 RECALL:    0.9444444444 F1SCORE:    0.9388560158
 50:1.8519  100:1.8519  150:1.8519  200:1.8519  250:1.8519  300:1.8519  350:1.8519  400:1.8519  450:1.8519  500:1.8519 TEST REPORT=>
CLASS[  0 (  6)] FAIL=16.67% 
CLASS[  1 (  4)] FAIL= 0.00% 
CLASS[  2 (  7)] FAIL= 0.00% 
GENERATION=  386 FITNESS=    -1.852% TEST_ERROR=     5.882%
PROGRAMS=
if(!(x2<(x13+sin((exp(((x13+sin((-93.4)))+(-46.9)))-x8+(x13-(-36.66))*x1)))|x7<x9&!(!(x5<x6|!(x9<=(-61.3)|x12<=sin(x2)))))) CLASS=0.00
else 
if(x3>=x10-x12*x7|x11>(x2/x7)) CLASS=1.00
else 
CLASS=2.00
** CONFUSION MATRIX ** Number of classes: 3
   5    1    0 
   0    4    0 
   0    0    7 
TEST REPORT=>
CLASS[  0 (  6)] FAIL=16.67% 
CLASS[  1 (  4)] FAIL= 0.00% 
CLASS[  2 (  7)] FAIL= 0.00% 
CLASS_ERROR:    5.8823529412 PRECISION:    0.9333333333 RECALL:    0.9444444444 F1SCORE:    0.9388560158
 50:1.8519  100:1.8519  150:1.8519  200:1.8519  250:1.8519  300:1.8519  350:1.8519  400:1.8519  450:1.8519  500:1.8519 TEST REPORT=>
CLASS[  0 (  6)] FAIL=16.67% 
CLASS[  1 (  4)] FAIL= 0.00% 
CLASS[  2 (  7)] FAIL= 0.00% 
GENERATION=  387 FITNESS=    -1.852% TEST_ERROR=     5.882%
PROGRAMS=
if(!(x2<(x13+sin((exp(((x13+sin((-93.4)))+(-46.9)))-x8+(x13-(-36.66))*x1)))|x7<x9&!(!(x5<x6|!(x9<=(-61.3)|x12<=sin(x2)))))) CLASS=0.00
else 
if(x3>=x10-x12*x7|x11>(x2/x7)) CLASS=1.00
else 
CLASS=2.00
** CONFUSION MATRIX ** Number of classes: 3
   5    1    0 
   0    4    0 
   0    0    7 
TEST REPORT=>
CLASS[  0 (  6)] FAIL=16.67% 
CLASS[  1 (  4)] FAIL= 0.00% 
CLASS[  2 (  7)] FAIL= 0.00% 
CLASS_ERROR:    5.8823529412 PRECISION:    0.9333333333 RECALL:    0.9444444444 F1SCORE:    0.9388560158
 50:1.8519  100:1.8519  150:1.8519  200:1.8519  250:1.8519  300:1.8519  350:1.8519  400:1.8519  450:1.8519  500:1.8519 TEST REPORT=>
CLASS[  0 (  6)] FAIL=16.67% 
CLASS[  1 (  4)] FAIL= 0.00% 
CLASS[  2 (  7)] FAIL= 0.00% 
GENERATION=  388 FITNESS=    -1.852% TEST_ERROR=     5.882%
PROGRAMS=
if(!(x2<(x13+sin((exp(((x13+sin((-93.4)))+(-46.9)))-x8+(x13-(-36.66))*x1)))|x7<x9&!(!(x5<x6|!(x9<=(-61.3)|x12<=sin(x2)))))) CLASS=0.00
else 
if(x3>=x10-x12*x7|x11>(x2/x7)) CLASS=1.00
else 
CLASS=2.00
** CONFUSION MATRIX ** Number of classes: 3
   5    1    0 
   0    4    0 
   0    0    7 
TEST REPORT=>
CLASS[  0 (  6)] FAIL=16.67% 
CLASS[  1 (  4)] FAIL= 0.00% 
CLASS[  2 (  7)] FAIL= 0.00% 
CLASS_ERROR:    5.8823529412 PRECISION:    0.9333333333 RECALL:    0.9444444444 F1SCORE:    0.9388560158
 50:1.8519  100:1.8519  150:1.8519  200:1.8519  250:1.8519  300:1.8519  350:1.8519  400:1.8519  450:1.8519  500:1.8519 TEST REPORT=>
CLASS[  0 (  6)] FAIL=16.67% 
CLASS[  1 (  4)] FAIL= 0.00% 
CLASS[  2 (  7)] FAIL= 0.00% 
GENERATION=  389 FITNESS=    -1.852% TEST_ERROR=     5.882%
PROGRAMS=
if(!(x2<(x13+sin((exp(((x13+sin((-93.4)))+(-46.9)))-x8+(x13-(-36.66))*x1)))|x7<x9&!(!(x5<x6|!(x9<=(-61.3)|x12<=sin(x2)))))) CLASS=0.00
else 
if(x3>=x10-x12*x7|x11>(x2/x7)) CLASS=1.00
else 
CLASS=2.00
** CONFUSION MATRIX ** Number of classes: 3
   5    1    0 
   0    4    0 
   0    0    7 
TEST REPORT=>
CLASS[  0 (  6)] FAIL=16.67% 
CLASS[  1 (  4)] FAIL= 0.00% 
CLASS[  2 (  7)] FAIL= 0.00% 
CLASS_ERROR:    5.8823529412 PRECISION:    0.9333333333 RECALL:    0.9444444444 F1SCORE:    0.9388560158
 50:1.8519  100:1.8519  150:1.8519  200:1.8519  250:1.8519  300:1.8519  350:1.8519  400:1.8519  450:1.8519  500:1.8519 TEST REPORT=>
CLASS[  0 (  6)] FAIL=16.67% 
CLASS[  1 (  4)] FAIL= 0.00% 
CLASS[  2 (  7)] FAIL= 0.00% 
GENERATION=  390 FITNESS=    -1.852% TEST_ERROR=     5.882%
PROGRAMS=
if(!(x2<(x13+sin((exp(((x13+sin((-93.4)))+(-46.9)))-x8+(x13-(-36.66))*x1)))|x7<x9&!(!(x5<x6|!(x9<=(-61.3)|x12<=sin(x2)))))) CLASS=0.00
else 
if(x3>=x10-x12*x7|x11>(x2/x7)) CLASS=1.00
else 
CLASS=2.00
** CONFUSION MATRIX ** Number of classes: 3
   5    1    0 
   0    4    0 
   0    0    7 
TEST REPORT=>
CLASS[  0 (  6)] FAIL=16.67% 
CLASS[  1 (  4)] FAIL= 0.00% 
CLASS[  2 (  7)] FAIL= 0.00% 
CLASS_ERROR:    5.8823529412 PRECISION:    0.9333333333 RECALL:    0.9444444444 F1SCORE:    0.9388560158
 50:1.8519  100:1.8519  150:1.8519  200:1.8519  250:1.8519  300:1.8519  350:1.8519  400:1.8519  450:1.8519  500:1.8519 TEST REPORT=>
CLASS[  0 (  6)] FAIL=16.67% 
CLASS[  1 (  4)] FAIL= 0.00% 
CLASS[  2 (  7)] FAIL= 0.00% 
GENERATION=  391 FITNESS=    -1.852% TEST_ERROR=     5.882%
PROGRAMS=
if(!(x2<(x13+sin((exp(((x13+sin((-93.4)))+(-46.9)))-x8+(x13-(-36.66))*x1)))|x7<x9&!(!(x5<x6|!(x9<=(-61.3)|x12<=sin(x2)))))) CLASS=0.00
else 
if(x3>=x10-x12*x7|x11>(x2/x7)) CLASS=1.00
else 
CLASS=2.00
** CONFUSION MATRIX ** Number of classes: 3
   5    1    0 
   0    4    0 
   0    0    7 
TEST REPORT=>
CLASS[  0 (  6)] FAIL=16.67% 
CLASS[  1 (  4)] FAIL= 0.00% 
CLASS[  2 (  7)] FAIL= 0.00% 
CLASS_ERROR:    5.8823529412 PRECISION:    0.9333333333 RECALL:    0.9444444444 F1SCORE:    0.9388560158
 50:1.8519  100:1.8519  150:1.8519  200:1.8519  250:1.8519  300:1.8519  350:1.8519  400:1.8519  450:1.8519  500:1.8519 
TARGETED STAGNATION BURST generation=392 stagnation=20
TARGETED_BEST[0] START fitness=-1.8518518519
TARGETED_BEST[0] END fitness=-1.8518518519 accepted=0
TARGETED_BEST[1] START fitness=-1.8518518519
TARGETED_BEST[1] END fitness=-1.8518518519 accepted=0
TARGETED_BEST[2] START fitness=-1.8518518519
TARGETED_BEST[2] END fitness=-1.8518518519 accepted=0
TARGETED_BEST[3] START fitness=-1.8518518519
TARGETED_BEST[3] END fitness=-1.8518518519 accepted=0
TARGETED_BEST[4] START fitness=-1.8518518519
TARGETED_BEST[4] END fitness=-1.8518518519 accepted=0
TARGETED_BEST[5] START fitness=-1.8518518519
TARGETED_BEST[5] END fitness=-1.8518518519 accepted=0
TARGETED_BEST[6] START fitness=-1.8518518519
TARGETED_BEST[6] END fitness=-1.8518518519 accepted=0
TARGETED_BEST[7] START fitness=-1.8518518519
TARGETED_BEST[7] END fitness=-1.8518518519 accepted=0
TARGETED_BEST[8] START fitness=-1.8518518519
TARGETED_BEST[8] END fitness=-1.8518518519 accepted=0
TARGETED_BEST[9] START fitness=-1.8518518519
TARGETED_BEST[9] END fitness=-1.8518518519 accepted=0
TARGETED_BEST[10] START fitness=-1.8518518519
TARGETED_BEST[10] END fitness=-1.8518518519 accepted=0
TARGETED_BEST[11] START fitness=-1.8518518519
TARGETED_BEST[11] END fitness=-1.8518518519 accepted=0
TARGETED_BEST[12] START fitness=-1.8518518519
TARGETED_BEST[12] END fitness=-1.8518518519 accepted=0
TARGETED_BEST[13] START fitness=-1.8518518519
TARGETED_BEST[13] END fitness=-1.8518518519 accepted=0
TARGETED_BEST[14] START fitness=-1.8518518519
TARGETED_BEST[14] END fitness=-1.8518518519 accepted=0
TARGETED_BEST[15] START fitness=-1.8518518519
TARGETED_BEST[15] END fitness=-1.8518518519 accepted=0
TARGETED_BEST[16] START fitness=-1.8518518519
TARGETED_BEST[16] END fitness=-1.8518518519 accepted=0
TARGETED_BEST[17] START fitness=-1.8518518519
TARGETED_BEST[17] END fitness=-1.8518518519 accepted=0
TARGETED_BEST[18] START fitness=-1.8518518519
TARGETED_BEST[18] END fitness=-1.8518518519 accepted=0
TARGETED_BEST[19] START fitness=-1.8518518519
TARGETED_BEST[19] END fitness=-1.8518518519 accepted=0
TEST REPORT=>
CLASS[  0 (  6)] FAIL=16.67% 
CLASS[  1 (  4)] FAIL= 0.00% 
CLASS[  2 (  7)] FAIL= 0.00% 
GENERATION=  392 FITNESS=    -1.852% TEST_ERROR=     5.882%
PROGRAMS=
if(!(x2<(x13+sin((exp(((x13+sin((-93.4)))+(-46.9)))-x8+(x13-(-36.66))*x1)))|x7<x9&!(!(x5<x6|!(x9<=(-61.3)|x12<=sin(x2)))))) CLASS=0.00
else 
if(x3>=x10-x12*x7|x11>(x2/x7)) CLASS=1.00
else 
CLASS=2.00
** CONFUSION MATRIX ** Number of classes: 3
   5    1    0 
   0    4    0 
   0    0    7 
TEST REPORT=>
CLASS[  0 (  6)] FAIL=16.67% 
CLASS[  1 (  4)] FAIL= 0.00% 
CLASS[  2 (  7)] FAIL= 0.00% 
CLASS_ERROR:    5.8823529412 PRECISION:    0.9333333333 RECALL:    0.9444444444 F1SCORE:    0.9388560158
 50:1.8519  100:1.8519  150:1.8519  200:1.8519  250:1.8519  300:1.8519  350:1.8519  400:1.8519  450:1.8519  500:1.8519 TEST REPORT=>
CLASS[  0 (  6)] FAIL=16.67% 
CLASS[  1 (  4)] FAIL= 0.00% 
CLASS[  2 (  7)] FAIL= 0.00% 
GENERATION=  393 FITNESS=    -1.852% TEST_ERROR=     5.882%
PROGRAMS=
if(!(x2<(x13+sin((exp(((x13+sin((-93.4)))+(-46.9)))-x8+(x13-(-36.66))*x1)))|x7<x9&!(!(x5<x6|!(x9<=(-61.3)|x12<=sin(x2)))))) CLASS=0.00
else 
if(x3>=x10-x12*x7|x11>(x2/x7)) CLASS=1.00
else 
CLASS=2.00
** CONFUSION MATRIX ** Number of classes: 3
   5    1    0 
   0    4    0 
   0    0    7 
TEST REPORT=>
CLASS[  0 (  6)] FAIL=16.67% 
CLASS[  1 (  4)] FAIL= 0.00% 
CLASS[  2 (  7)] FAIL= 0.00% 
CLASS_ERROR:    5.8823529412 PRECISION:    0.9333333333 RECALL:    0.9444444444 F1SCORE:    0.9388560158
 50:1.8519  100:1.8519  150:1.8519  200:1.8519  250:1.8519  300:1.8519  350:1.8519  400:1.8519  450:1.8519  500:1.8519 TEST REPORT=>
CLASS[  0 (  6)] FAIL=16.67% 
CLASS[  1 (  4)] FAIL= 0.00% 
CLASS[  2 (  7)] FAIL= 0.00% 
GENERATION=  394 FITNESS=    -1.852% TEST_ERROR=     5.882%
PROGRAMS=
if(!(x2<(x13+sin((exp(((x13+sin((-93.4)))+(-46.9)))-x8+(x13-(-36.66))*x1)))|x7<x9&!(!(x5<x6|!(x9<=(-61.3)|x12<=sin(x2)))))) CLASS=0.00
else 
if(x3>=x10-x12*x7|x11>(x2/x7)) CLASS=1.00
else 
CLASS=2.00
** CONFUSION MATRIX ** Number of classes: 3
   5    1    0 
   0    4    0 
   0    0    7 
TEST REPORT=>
CLASS[  0 (  6)] FAIL=16.67% 
CLASS[  1 (  4)] FAIL= 0.00% 
CLASS[  2 (  7)] FAIL= 0.00% 
CLASS_ERROR:    5.8823529412 PRECISION:    0.9333333333 RECALL:    0.9444444444 F1SCORE:    0.9388560158
 50:1.8519  100:1.8519  150:1.8519  200:1.8519  250:1.8519  300:1.8519  350:1.8519  400:1.8519  450:1.8519  500:1.8519 TEST REPORT=>
CLASS[  0 (  6)] FAIL=16.67% 
CLASS[  1 (  4)] FAIL= 0.00% 
CLASS[  2 (  7)] FAIL= 0.00% 
GENERATION=  395 FITNESS=    -1.852% TEST_ERROR=     5.882%
PROGRAMS=
if(!(x2<(x13+sin((exp(((x13+sin((-93.4)))+(-46.9)))-x8+(x13-(-36.66))*x1)))|x7<x9&!(!(x5<x6|!(x9<=(-61.3)|x12<=sin(x2)))))) CLASS=0.00
else 
if(x3>=x10-x12*x7|x11>(x2/x7)) CLASS=1.00
else 
CLASS=2.00
** CONFUSION MATRIX ** Number of classes: 3
   5    1    0 
   0    4    0 
   0    0    7 
TEST REPORT=>
CLASS[  0 (  6)] FAIL=16.67% 
CLASS[  1 (  4)] FAIL= 0.00% 
CLASS[  2 (  7)] FAIL= 0.00% 
CLASS_ERROR:    5.8823529412 PRECISION:    0.9333333333 RECALL:    0.9444444444 F1SCORE:    0.9388560158
 50:1.8519  100:1.8519  150:1.8519  200:1.8519  250:1.8519  300:1.8519  350:1.8519  400:1.8519  450:1.8519  500:1.8519 TEST REPORT=>
CLASS[  0 (  6)] FAIL=16.67% 
CLASS[  1 (  4)] FAIL= 0.00% 
CLASS[  2 (  7)] FAIL= 0.00% 
GENERATION=  396 FITNESS=    -1.852% TEST_ERROR=     5.882%
PROGRAMS=
if(!(x2<(x13+sin((exp(((x13+sin((-93.4)))+(-46.9)))-x8+(x13-(-36.66))*x1)))|x7<x9&!(!(x5<x6|!(x9<=(-61.3)|x12<=sin(x2)))))) CLASS=0.00
else 
if(x3>=x10-x12*x7|x11>(x2/x7)) CLASS=1.00
else 
CLASS=2.00
** CONFUSION MATRIX ** Number of classes: 3
   5    1    0 
   0    4    0 
   0    0    7 
TEST REPORT=>
CLASS[  0 (  6)] FAIL=16.67% 
CLASS[  1 (  4)] FAIL= 0.00% 
CLASS[  2 (  7)] FAIL= 0.00% 
CLASS_ERROR:    5.8823529412 PRECISION:    0.9333333333 RECALL:    0.9444444444 F1SCORE:    0.9388560158
 50:1.8519  100:1.8519  150:1.8519  200:1.8519  250:1.8519  300:1.8519  350:1.8519  400:1.8519  450:1.8519  500:1.8519 TEST REPORT=>
CLASS[  0 (  6)] FAIL=16.67% 
CLASS[  1 (  4)] FAIL= 0.00% 
CLASS[  2 (  7)] FAIL= 0.00% 
GENERATION=  397 FITNESS=    -1.852% TEST_ERROR=     5.882%
PROGRAMS=
if(!(x2<(x13+sin((exp(((x13+sin((-93.4)))+(-46.9)))-x8+(x13-(-36.66))*x1)))|x7<x9&!(!(x5<x6|!(x9<=(-61.3)|x12<=sin(x2)))))) CLASS=0.00
else 
if(x3>=x10-x12*x7|x11>(x2/x7)) CLASS=1.00
else 
CLASS=2.00
** CONFUSION MATRIX ** Number of classes: 3
   5    1    0 
   0    4    0 
   0    0    7 
TEST REPORT=>
CLASS[  0 (  6)] FAIL=16.67% 
CLASS[  1 (  4)] FAIL= 0.00% 
CLASS[  2 (  7)] FAIL= 0.00% 
CLASS_ERROR:    5.8823529412 PRECISION:    0.9333333333 RECALL:    0.9444444444 F1SCORE:    0.9388560158
 50:1.8519  100:1.8519  150:1.8519  200:1.8519  250:1.8519  300:1.8519  350:1.8519  400:1.8519  450:1.8519  500:1.8519 TEST REPORT=>
CLASS[  0 (  6)] FAIL=16.67% 
CLASS[  1 (  4)] FAIL= 0.00% 
CLASS[  2 (  7)] FAIL= 0.00% 
GENERATION=  398 FITNESS=    -1.852% TEST_ERROR=     5.882%
PROGRAMS=
if(!(x2<(x13+sin((exp(((x13+sin((-93.4)))+(-46.9)))-x8+(x13-(-36.66))*x1)))|x7<x9&!(!(x5<x6|!(x9<=(-61.3)|x12<=sin(x2)))))) CLASS=0.00
else 
if(x3>=x10-x12*x7|x11>(x2/x7)) CLASS=1.00
else 
CLASS=2.00
** CONFUSION MATRIX ** Number of classes: 3
   5    1    0 
   0    4    0 
   0    0    7 
TEST REPORT=>
CLASS[  0 (  6)] FAIL=16.67% 
CLASS[  1 (  4)] FAIL= 0.00% 
CLASS[  2 (  7)] FAIL= 0.00% 
CLASS_ERROR:    5.8823529412 PRECISION:    0.9333333333 RECALL:    0.9444444444 F1SCORE:    0.9388560158
 50:1.8519  100:1.8519  150:1.8519  200:1.8519  250:1.8519  300:1.8519  350:1.8519  400:1.8519  450:1.8519  500:1.8519 TEST REPORT=>
CLASS[  0 (  6)] FAIL=16.67% 
CLASS[  1 (  4)] FAIL= 0.00% 
CLASS[  2 (  7)] FAIL= 0.00% 
GENERATION=  399 FITNESS=    -1.852% TEST_ERROR=     5.882%
PROGRAMS=
if(!(x2<(x13+sin((exp(((x13+sin((-93.4)))+(-46.9)))-x8+(x13-(-36.66))*x1)))|x7<x9&!(!(x5<x6|!(x9<=(-61.3)|x12<=sin(x2)))))) CLASS=0.00
else 
if(x3>=x10-x12*x7|x11>(x2/x7)) CLASS=1.00
else 
CLASS=2.00
** CONFUSION MATRIX ** Number of classes: 3
   5    1    0 
   0    4    0 
   0    0    7 
TEST REPORT=>
CLASS[  0 (  6)] FAIL=16.67% 
CLASS[  1 (  4)] FAIL= 0.00% 
CLASS[  2 (  7)] FAIL= 0.00% 
CLASS_ERROR:    5.8823529412 PRECISION:    0.9333333333 RECALL:    0.9444444444 F1SCORE:    0.9388560158
 50:1.8519  100:1.8519  150:1.8519  200:1.8519  250:1.8519  300:1.8519  350:1.8519  400:1.8519  450:1.8519  500:1.8519 TARGETED[0] START fitness=       -1.8518518519
TARGETED[0] END fitness=       -1.8518518519 accepted=0
TARGETED[404] START fitness=-100000000.0000000000
TARGETED[404] iter=8 type=UNKNOWN codonPos=15 codon=91->90 rule=1->0 fitness=-100000000.0000000000->      -32.7160493827
TARGETED[404] iter=37 type=VARIABLE codonPos=6 codon=147->153 rule=12->3 fitness=      -32.7160493827->      -29.0123456790
TARGETED[404] END fitness=      -29.0123456790 accepted=2
TARGETED[89] START fitness=       -3.0864197531
TARGETED[89] END fitness=       -3.0864197531 accepted=0
TARGETED[150] START fitness=      -27.7777777778
TARGETED[150] END fitness=      -27.7777777778 accepted=0
TARGETED[240] START fitness=      -33.9506172840
TARGETED[240] iter=3 type=FUNCTION codonPos=9 codon=207->208 rule=3->0 fitness=      -33.9506172840->      -32.7160493827
TARGETED[240] END fitness=      -32.7160493827 accepted=1
TARGETED[163] START fitness=      -27.7777777778
TARGETED[163] iter=3 type=VARIABLE codonPos=115 codon=142->137 rule=7->2 fitness=      -27.7777777778->       -1.8518518519
TARGETED[163] END fitness=       -1.8518518519 accepted=1
TARGETED[58] START fitness=       -1.8518518519
TARGETED[58] END fitness=       -1.8518518519 accepted=0
TARGETED[201] START fitness=      -32.7160493827
TARGETED[201] END fitness=      -32.7160493827 accepted=0
TARGETED[313] START fitness=      -58.6419753086
TARGETED[313] iter=4 type=VARIABLE codonPos=101 codon=49->50 rule=4->5 fitness=      -58.6419753086->      -35.1851851852
TARGETED[313] iter=16 type=VARIABLE codonPos=6 codon=147->153 rule=12->3 fitness=      -35.1851851852->      -32.7160493827
TARGETED[313] iter=31 type=VARIABLE codonPos=45 codon=68->62 rule=8->2 fitness=      -32.7160493827->      -32.0987654321
TARGETED[313] iter=33 type=BINARY_OPERATOR codonPos=34 codon=150->148 rule=2->0 fitness=      -32.0987654321->      -30.8641975309
TARGETED[313] iter=38 type=VARIABLE codonPos=6 codon=153->150 rule=3->0 fitness=      -30.8641975309->      -21.6049382716
TARGETED[313] iter=40 type=BINARY_OPERATOR codonPos=111 codon=117->116 rule=1->0 fitness=      -21.6049382716->      -19.7530864198
TARGETED[313] END fitness=      -19.7530864198 accepted=6
TARGETED[403] START fitness=-100000000.0000000000
TARGETED[403] iter=6 type=VARIABLE codonPos=19 codon=139->133 rule=4->13 fitness=-100000000.0000000000->      -67.2839506173
TARGETED[403] iter=7 type=FUNCTION codonPos=12 codon=237->236 rule=1->0 fitness=      -67.2839506173->      -32.7160493827
TARGETED[403] iter=46 type=VARIABLE codonPos=2 codon=166->163 rule=1->13 fitness=      -32.7160493827->      -19.7530864198
TARGETED[403] END fitness=      -19.7530864198 accepted=3
TARGETED[307] START fitness=      -58.6419753086
TARGETED[307] iter=36 type=BOOLEAN_OPERATOR codonPos=113 codon=132->134 rule=0->2 fitness=      -58.6419753086->      -35.1851851852
TARGETED[307] END fitness=      -35.1851851852 accepted=1
TARGETED[405] START fitness=-100000000.0000000000
TARGETED[405] iter=31 type=VARIABLE codonPos=16 codon=42->43 rule=12->13 fitness=-100000000.0000000000->      -32.7160493827
TARGETED[405] END fitness=      -32.7160493827 accepted=1
TARGETED[335] START fitness=      -67.2839506173
TARGETED[335] iter=2 type=BOOLEAN_OPERATOR codonPos=2 codon=52->54 rule=0->2 fitness=      -67.2839506173->      -32.7160493827
TARGETED[335] END fitness=      -32.7160493827 accepted=1
TARGETED[347] START fitness=      -67.2839506173
TARGETED[347] iter=1 type=VARIABLE codonPos=14 codon=72->73 rule=12->13 fitness=      -67.2839506173->      -37.6543209877
TARGETED[347] iter=9 type=VARIABLE codonPos=110 codon=231->225 rule=6->0 fitness=      -37.6543209877->      -35.1851851852
TARGETED[347] END fitness=      -35.1851851852 accepted=2
TARGETED[495] START fitness=-100000000.0000000000
TARGETED[495] iter=36 type=FUNCTION codonPos=26 codon=128->129 rule=0->1 fitness=-100000000.0000000000->      -32.7160493827
TARGETED[495] iter=44 type=VARIABLE codonPos=45 codon=184->188 rule=4->8 fitness=      -32.7160493827->       -3.7037037037
TARGETED[495] END fitness=       -3.7037037037 accepted=2
TARGETED[424] START fitness=-100000000.0000000000
TARGETED[424] iter=19 type=FUNCTION codonPos=26 codon=128->129 rule=0->1 fitness=-100000000.0000000000->      -38.2716049383
TARGETED[424] iter=39 type=VARIABLE codonPos=105 codon=189->195 rule=9->0 fitness=      -38.2716049383->      -35.1851851852
TARGETED[424] END fitness=      -35.1851851852 accepted=2
TARGETED[480] START fitness=-100000000.0000000000
TARGETED[480] iter=27 type=VARIABLE codonPos=2 codon=22->29 rule=7->14 fitness=-100000000.0000000000->      -32.7160493827
TARGETED[480] END fitness=      -32.7160493827 accepted=1
TARGETED[125] START fitness=      -10.4938271605
TARGETED[125] iter=12 type=BINARY_OPERATOR codonPos=106 codon=4->5 rule=0->1 fitness=      -10.4938271605->       -8.0246913580
TARGETED[125] iter=23 type=VARIABLE codonPos=45 codon=140->143 rule=5->8 fitness=       -8.0246913580->       -1.8518518519
TARGETED[125] END fitness=       -1.8518518519 accepted=2
TARGETED[460] START fitness=-100000000.0000000000
TARGETED[460] iter=6 type=VARIABLE codonPos=106 codon=93->89 rule=3->14 fitness=-100000000.0000000000->      -79.6296296296
TARGETED[460] iter=10 type=UNKNOWN codonPos=21 codon=137->136 rule=1->0 fitness=      -79.6296296296->      -67.2839506173
TARGETED[460] END fitness=      -67.2839506173 accepted=2
TARGETED[41] START fitness=       -1.8518518519
TARGETED[41] END fitness=       -1.8518518519 accepted=0
TEST REPORT=>
CLASS[  0 (  6)] FAIL=16.67% 
CLASS[  1 (  4)] FAIL= 0.00% 
CLASS[  2 (  7)] FAIL= 0.00% 
GENERATION=  400 FITNESS=    -1.852% TEST_ERROR=     5.882%
PROGRAMS=
if(!(x2<(x13+sin((exp(((x13+sin((-93.4)))+(-46.9)))-x8+(x13-(-36.66))*x1)))|x7<x9&!(!(x5<x6|!(x9<=(-61.3)|x12<=sin(x2)))))) CLASS=0.00
else 
if(x3>=x10-x12*x7|x11>(x2/x7)) CLASS=1.00
else 
CLASS=2.00
** CONFUSION MATRIX ** Number of classes: 3
   5    1    0 
   0    4    0 
   0    0    7 
TEST REPORT=>
CLASS[  0 (  6)] FAIL=16.67% 
CLASS[  1 (  4)] FAIL= 0.00% 
CLASS[  2 (  7)] FAIL= 0.00% 
CLASS_ERROR:    5.8823529412 PRECISION:    0.9333333333 RECALL:    0.9444444444 F1SCORE:    0.9388560158
 50:1.8519  100:1.8519  150:1.8519  200:1.8519  250:1.8519  300:1.8519  350:1.8519  400:1.8519  450:1.8519  500:1.8519 TEST REPORT=>
CLASS[  0 (  6)] FAIL=16.67% 
CLASS[  1 (  4)] FAIL= 0.00% 
CLASS[  2 (  7)] FAIL= 0.00% 
GENERATION=  401 FITNESS=    -1.852% TEST_ERROR=     5.882%
PROGRAMS=
if(!(x2<(x13+sin((exp(((x13+sin((-93.4)))+(-46.9)))-x8+(x13-(-36.66))*x1)))|x7<x9&!(!(x5<x6|!(x9<=(-61.3)|x12<=sin(x2)))))) CLASS=0.00
else 
if(x3>=x10-x12*x7|x11>(x2/x7)) CLASS=1.00
else 
CLASS=2.00
** CONFUSION MATRIX ** Number of classes: 3
   5    1    0 
   0    4    0 
   0    0    7 
TEST REPORT=>
CLASS[  0 (  6)] FAIL=16.67% 
CLASS[  1 (  4)] FAIL= 0.00% 
CLASS[  2 (  7)] FAIL= 0.00% 
CLASS_ERROR:    5.8823529412 PRECISION:    0.9333333333 RECALL:    0.9444444444 F1SCORE:    0.9388560158
 50:1.8519  100:1.8519  150:1.8519  200:1.8519  250:1.8519  300:1.8519  350:1.8519  400:1.8519  450:1.8519  500:1.8519 TEST REPORT=>
CLASS[  0 (  6)] FAIL=16.67% 
CLASS[  1 (  4)] FAIL= 0.00% 
CLASS[  2 (  7)] FAIL= 0.00% 
GENERATION=  402 FITNESS=    -1.852% TEST_ERROR=     5.882%
PROGRAMS=
if(!(x2<(x13+sin((exp(((x13+sin((-93.4)))+(-46.9)))-x8+(x13-(-36.66))*x1)))|x7<x9&!(!(x5<x6|!(x9<=(-61.3)|x12<=sin(x2)))))) CLASS=0.00
else 
if(x3>=x10-x12*x7|x11>(x2/x7)) CLASS=1.00
else 
CLASS=2.00
** CONFUSION MATRIX ** Number of classes: 3
   5    1    0 
   0    4    0 
   0    0    7 
TEST REPORT=>
CLASS[  0 (  6)] FAIL=16.67% 
CLASS[  1 (  4)] FAIL= 0.00% 
CLASS[  2 (  7)] FAIL= 0.00% 
CLASS_ERROR:    5.8823529412 PRECISION:    0.9333333333 RECALL:    0.9444444444 F1SCORE:    0.9388560158
 50:1.8519  100:1.8519  150:1.8519  200:1.8519  250:1.8519  300:1.8519  350:1.8519  400:1.8519  450:1.8519  500:1.8519 TEST REPORT=>
CLASS[  0 (  6)] FAIL=16.67% 
CLASS[  1 (  4)] FAIL= 0.00% 
CLASS[  2 (  7)] FAIL= 0.00% 
GENERATION=  403 FITNESS=    -1.852% TEST_ERROR=     5.882%
PROGRAMS=
if(!(x2<(x13+sin((exp(((x13+sin((-93.4)))+(-46.9)))-x8+(x13-(-36.66))*x1)))|x7<x9&!(!(x5<x6|!(x9<=(-61.3)|x12<=sin(x2)))))) CLASS=0.00
else 
if(x3>=x10-x12*x7|x11>(x2/x7)) CLASS=1.00
else 
CLASS=2.00
** CONFUSION MATRIX ** Number of classes: 3
   5    1    0 
   0    4    0 
   0    0    7 
TEST REPORT=>
CLASS[  0 (  6)] FAIL=16.67% 
CLASS[  1 (  4)] FAIL= 0.00% 
CLASS[  2 (  7)] FAIL= 0.00% 
CLASS_ERROR:    5.8823529412 PRECISION:    0.9333333333 RECALL:    0.9444444444 F1SCORE:    0.9388560158
 50:1.8519  100:1.8519  150:1.8519  200:1.8519  250:1.8519  300:1.8519  350:1.8519  400:1.8519  450:1.8519  500:1.8519 TEST REPORT=>
CLASS[  0 (  6)] FAIL=16.67% 
CLASS[  1 (  4)] FAIL= 0.00% 
CLASS[  2 (  7)] FAIL= 0.00% 
GENERATION=  404 FITNESS=    -1.852% TEST_ERROR=     5.882%
PROGRAMS=
if(!(x2<(x13+sin((exp(((x13+sin((-93.4)))+(-46.9)))-x8+(x13-(-36.66))*x1)))|x7<x9&!(!(x5<x6|!(x9<=(-61.3)|x12<=sin(x2)))))) CLASS=0.00
else 
if(x3>=x10-x12*x7|x11>(x2/x7)) CLASS=1.00
else 
CLASS=2.00
** CONFUSION MATRIX ** Number of classes: 3
   5    1    0 
   0    4    0 
   0    0    7 
TEST REPORT=>
CLASS[  0 (  6)] FAIL=16.67% 
CLASS[  1 (  4)] FAIL= 0.00% 
CLASS[  2 (  7)] FAIL= 0.00% 
CLASS_ERROR:    5.8823529412 PRECISION:    0.9333333333 RECALL:    0.9444444444 F1SCORE:    0.9388560158
 50:1.8519  100:1.8519  150:1.8519  200:1.8519  250:1.8519  300:1.8519  350:1.8519  400:1.8519  450:1.8519  500:1.8519 TEST REPORT=>
CLASS[  0 (  6)] FAIL=16.67% 
CLASS[  1 (  4)] FAIL= 0.00% 
CLASS[  2 (  7)] FAIL= 0.00% 
GENERATION=  405 FITNESS=    -1.852% TEST_ERROR=     5.882%
PROGRAMS=
if(!(x2<(x13+sin((exp(((x13+sin((-93.4)))+(-46.9)))-x8+(x13-(-36.66))*x1)))|x7<x9&!(!(x5<x6|!(x9<=(-61.3)|x12<=sin(x2)))))) CLASS=0.00
else 
if(x3>=x10-x12*x7|x11>(x2/x7)) CLASS=1.00
else 
CLASS=2.00
** CONFUSION MATRIX ** Number of classes: 3
   5    1    0 
   0    4    0 
   0    0    7 
TEST REPORT=>
CLASS[  0 (  6)] FAIL=16.67% 
CLASS[  1 (  4)] FAIL= 0.00% 
CLASS[  2 (  7)] FAIL= 0.00% 
CLASS_ERROR:    5.8823529412 PRECISION:    0.9333333333 RECALL:    0.9444444444 F1SCORE:    0.9388560158
 50:1.8519  100:1.8519  150:1.8519  200:1.8519  250:1.8519  300:1.8519  350:1.8519  400:1.8519  450:1.8519  500:1.8519 TEST REPORT=>
CLASS[  0 (  6)] FAIL=16.67% 
CLASS[  1 (  4)] FAIL= 0.00% 
CLASS[  2 (  7)] FAIL= 0.00% 
GENERATION=  406 FITNESS=    -1.852% TEST_ERROR=     5.882%
PROGRAMS=
if(!(x2<(x13+sin((exp(((x13+sin((-93.4)))+(-46.9)))-x8+(x13-(-36.66))*x1)))|x7<x9&!(!(x5<x6|!(x9<=(-61.3)|x12<=sin(x2)))))) CLASS=0.00
else 
if(x3>=x10-x12*x7|x11>(x2/x7)) CLASS=1.00
else 
CLASS=2.00
** CONFUSION MATRIX ** Number of classes: 3
   5    1    0 
   0    4    0 
   0    0    7 
TEST REPORT=>
CLASS[  0 (  6)] FAIL=16.67% 
CLASS[  1 (  4)] FAIL= 0.00% 
CLASS[  2 (  7)] FAIL= 0.00% 
CLASS_ERROR:    5.8823529412 PRECISION:    0.9333333333 RECALL:    0.9444444444 F1SCORE:    0.9388560158
 50:1.8519  100:1.8519  150:1.8519  200:1.8519  250:1.8519  300:1.8519  350:1.8519  400:1.8519  450:1.8519  500:1.8519 TEST REPORT=>
CLASS[  0 (  6)] FAIL=16.67% 
CLASS[  1 (  4)] FAIL= 0.00% 
CLASS[  2 (  7)] FAIL= 0.00% 
GENERATION=  407 FITNESS=    -1.852% TEST_ERROR=     5.882%
PROGRAMS=
if(!(x2<(x13+sin((exp(((x13+sin((-93.4)))+(-46.9)))-x8+(x13-(-36.66))*x1)))|x7<x9&!(!(x5<x6|!(x9<=(-61.3)|x12<=sin(x2)))))) CLASS=0.00
else 
if(x3>=x10-x12*x7|x11>(x2/x7)) CLASS=1.00
else 
CLASS=2.00
** CONFUSION MATRIX ** Number of classes: 3
   5    1    0 
   0    4    0 
   0    0    7 
TEST REPORT=>
CLASS[  0 (  6)] FAIL=16.67% 
CLASS[  1 (  4)] FAIL= 0.00% 
CLASS[  2 (  7)] FAIL= 0.00% 
CLASS_ERROR:    5.8823529412 PRECISION:    0.9333333333 RECALL:    0.9444444444 F1SCORE:    0.9388560158
 50:1.8519  100:1.8519  150:1.8519  200:1.8519  250:1.8519  300:1.8519  350:1.8519  400:1.8519  450:1.8519  500:1.8519 TEST REPORT=>
CLASS[  0 (  6)] FAIL=16.67% 
CLASS[  1 (  4)] FAIL= 0.00% 
CLASS[  2 (  7)] FAIL= 0.00% 
GENERATION=  408 FITNESS=    -1.852% TEST_ERROR=     5.882%
PROGRAMS=
if(!(x2<(x13+sin((exp(((x13+sin((-93.4)))+(-46.9)))-x8+(x13-(-36.66))*x1)))|x7<x9&!(!(x5<x6|!(x9<=(-61.3)|x12<=sin(x2)))))) CLASS=0.00
else 
if(x3>=x10-x12*x7|x11>(x2/x7)) CLASS=1.00
else 
CLASS=2.00
** CONFUSION MATRIX ** Number of classes: 3
   5    1    0 
   0    4    0 
   0    0    7 
TEST REPORT=>
CLASS[  0 (  6)] FAIL=16.67% 
CLASS[  1 (  4)] FAIL= 0.00% 
CLASS[  2 (  7)] FAIL= 0.00% 
CLASS_ERROR:    5.8823529412 PRECISION:    0.9333333333 RECALL:    0.9444444444 F1SCORE:    0.9388560158
 50:1.8519  100:1.8519  150:1.8519  200:1.8519  250:1.8519  300:1.8519  350:1.8519  400:1.8519  450:1.8519  500:1.8519 TEST REPORT=>
CLASS[  0 (  6)] FAIL=16.67% 
CLASS[  1 (  4)] FAIL= 0.00% 
CLASS[  2 (  7)] FAIL= 0.00% 
GENERATION=  409 FITNESS=    -1.852% TEST_ERROR=     5.882%
PROGRAMS=
if(!(x2<(x13+sin((exp(((x13+sin((-93.4)))+(-46.9)))-x8+(x13-(-36.66))*x1)))|x7<x9&!(!(x5<x6|!(x9<=(-61.3)|x12<=sin(x2)))))) CLASS=0.00
else 
if(x3>=x10-x12*x7|x11>(x2/x7)) CLASS=1.00
else 
CLASS=2.00
** CONFUSION MATRIX ** Number of classes: 3
   5    1    0 
   0    4    0 
   0    0    7 
TEST REPORT=>
CLASS[  0 (  6)] FAIL=16.67% 
CLASS[  1 (  4)] FAIL= 0.00% 
CLASS[  2 (  7)] FAIL= 0.00% 
CLASS_ERROR:    5.8823529412 PRECISION:    0.9333333333 RECALL:    0.9444444444 F1SCORE:    0.9388560158
 50:1.8519  100:1.8519  150:1.8519  200:1.8519  250:1.8519  300:1.8519  350:1.8519  400:1.8519  450:1.8519  500:1.8519 TEST REPORT=>
CLASS[  0 (  6)] FAIL=16.67% 
CLASS[  1 (  4)] FAIL= 0.00% 
CLASS[  2 (  7)] FAIL= 0.00% 
GENERATION=  410 FITNESS=    -1.852% TEST_ERROR=     5.882%
PROGRAMS=
if(!(x2<(x13+sin((exp(((x13+sin((-93.4)))+(-46.9)))-x8+(x13-(-36.66))*x1)))|x7<x9&!(!(x5<x6|!(x9<=(-61.3)|x12<=sin(x2)))))) CLASS=0.00
else 
if(x3>=x10-x12*x7|x11>(x2/x7)) CLASS=1.00
else 
CLASS=2.00
** CONFUSION MATRIX ** Number of classes: 3
   5    1    0 
   0    4    0 
   0    0    7 
TEST REPORT=>
CLASS[  0 (  6)] FAIL=16.67% 
CLASS[  1 (  4)] FAIL= 0.00% 
CLASS[  2 (  7)] FAIL= 0.00% 
CLASS_ERROR:    5.8823529412 PRECISION:    0.9333333333 RECALL:    0.9444444444 F1SCORE:    0.9388560158
 50:1.8519  100:1.8519  150:1.8519  200:1.8519  250:1.8519  300:1.8519  350:1.8519  400:1.8519  450:1.8519  500:1.8519 TEST REPORT=>
CLASS[  0 (  6)] FAIL=16.67% 
CLASS[  1 (  4)] FAIL= 0.00% 
CLASS[  2 (  7)] FAIL= 0.00% 
GENERATION=  411 FITNESS=    -1.852% TEST_ERROR=     5.882%
PROGRAMS=
if(!(x2<(x13+sin((exp(((x13+sin((-93.4)))+(-46.9)))-x8+(x13-(-36.66))*x1)))|x7<x9&!(!(x5<x6|!(x9<=(-61.3)|x12<=sin(x2)))))) CLASS=0.00
else 
if(x3>=x10-x12*x7|x11>(x2/x7)) CLASS=1.00
else 
CLASS=2.00
** CONFUSION MATRIX ** Number of classes: 3
   5    1    0 
   0    4    0 
   0    0    7 
TEST REPORT=>
CLASS[  0 (  6)] FAIL=16.67% 
CLASS[  1 (  4)] FAIL= 0.00% 
CLASS[  2 (  7)] FAIL= 0.00% 
CLASS_ERROR:    5.8823529412 PRECISION:    0.9333333333 RECALL:    0.9444444444 F1SCORE:    0.9388560158
 50:1.8519  100:1.8519  150:1.8519  200:1.8519  250:1.8519  300:1.8519  350:1.8519  400:1.8519  450:1.8519  500:1.8519 
TARGETED STAGNATION BURST generation=412 stagnation=20
TARGETED_BEST[0] START fitness=-1.8518518519
TARGETED_BEST[0] END fitness=-1.8518518519 accepted=0
TARGETED_BEST[1] START fitness=-1.8518518519
TARGETED_BEST[1] END fitness=-1.8518518519 accepted=0
TARGETED_BEST[2] START fitness=-1.8518518519
TARGETED_BEST[2] END fitness=-1.8518518519 accepted=0
TARGETED_BEST[3] START fitness=-1.8518518519
TARGETED_BEST[3] END fitness=-1.8518518519 accepted=0
TARGETED_BEST[4] START fitness=-1.8518518519
TARGETED_BEST[4] END fitness=-1.8518518519 accepted=0
TARGETED_BEST[5] START fitness=-1.8518518519
TARGETED_BEST[5] END fitness=-1.8518518519 accepted=0
TARGETED_BEST[6] START fitness=-1.8518518519
TARGETED_BEST[6] END fitness=-1.8518518519 accepted=0
TARGETED_BEST[7] START fitness=-1.8518518519
TARGETED_BEST[7] END fitness=-1.8518518519 accepted=0
TARGETED_BEST[8] START fitness=-1.8518518519
TARGETED_BEST[8] END fitness=-1.8518518519 accepted=0
TARGETED_BEST[9] START fitness=-1.8518518519
TARGETED_BEST[9] END fitness=-1.8518518519 accepted=0
TARGETED_BEST[10] START fitness=-1.8518518519
TARGETED_BEST[10] END fitness=-1.8518518519 accepted=0
TARGETED_BEST[11] START fitness=-1.8518518519
TARGETED_BEST[11] END fitness=-1.8518518519 accepted=0
TARGETED_BEST[12] START fitness=-1.8518518519
TARGETED_BEST[12] END fitness=-1.8518518519 accepted=0
TARGETED_BEST[13] START fitness=-1.8518518519
TARGETED_BEST[13] END fitness=-1.8518518519 accepted=0
TARGETED_BEST[14] START fitness=-1.8518518519
TARGETED_BEST[14] END fitness=-1.8518518519 accepted=0
TARGETED_BEST[15] START fitness=-1.8518518519
TARGETED_BEST[15] END fitness=-1.8518518519 accepted=0
TARGETED_BEST[16] START fitness=-1.8518518519
TARGETED_BEST[16] END fitness=-1.8518518519 accepted=0
TARGETED_BEST[17] START fitness=-1.8518518519
TARGETED_BEST[17] END fitness=-1.8518518519 accepted=0
TARGETED_BEST[18] START fitness=-1.8518518519
TARGETED_BEST[18] END fitness=-1.8518518519 accepted=0
TARGETED_BEST[19] START fitness=-1.8518518519
TARGETED_BEST[19] END fitness=-1.8518518519 accepted=0
TEST REPORT=>
CLASS[  0 (  6)] FAIL=16.67% 
CLASS[  1 (  4)] FAIL= 0.00% 
CLASS[  2 (  7)] FAIL= 0.00% 
GENERATION=  412 FITNESS=    -1.852% TEST_ERROR=     5.882%
PROGRAMS=
if(!(x2<(x13+sin((exp(((x13+sin((-93.4)))+(-46.9)))-x8+(x13-(-36.66))*x1)))|x7<x9&!(!(x5<x6|!(x9<=(-61.3)|x12<=sin(x2)))))) CLASS=0.00
else 
if(x3>=x10-x12*x7|x11>(x2/x7)) CLASS=1.00
else 
CLASS=2.00
** CONFUSION MATRIX ** Number of classes: 3
   5    1    0 
   0    4    0 
   0    0    7 
TEST REPORT=>
CLASS[  0 (  6)] FAIL=16.67% 
CLASS[  1 (  4)] FAIL= 0.00% 
CLASS[  2 (  7)] FAIL= 0.00% 
CLASS_ERROR:    5.8823529412 PRECISION:    0.9333333333 RECALL:    0.9444444444 F1SCORE:    0.9388560158
 50:1.8519  100:1.8519  150:1.8519  200:1.8519  250:1.8519  300:1.8519  350:1.8519  400:1.8519  450:1.8519  500:1.8519 TEST REPORT=>
CLASS[  0 (  6)] FAIL=16.67% 
CLASS[  1 (  4)] FAIL= 0.00% 
CLASS[  2 (  7)] FAIL= 0.00% 
GENERATION=  413 FITNESS=    -1.852% TEST_ERROR=     5.882%
PROGRAMS=
if(!(x2<(x13+sin((exp(((x13+sin((-93.4)))+(-46.9)))-x8+(x13-(-36.66))*x1)))|x7<x9&!(!(x5<x6|!(x9<=(-61.3)|x12<=sin(x2)))))) CLASS=0.00
else 
if(x3>=x10-x12*x7|x11>(x2/x7)) CLASS=1.00
else 
CLASS=2.00
** CONFUSION MATRIX ** Number of classes: 3
   5    1    0 
   0    4    0 
   0    0    7 
TEST REPORT=>
CLASS[  0 (  6)] FAIL=16.67% 
CLASS[  1 (  4)] FAIL= 0.00% 
CLASS[  2 (  7)] FAIL= 0.00% 
CLASS_ERROR:    5.8823529412 PRECISION:    0.9333333333 RECALL:    0.9444444444 F1SCORE:    0.9388560158
 50:1.8519  100:1.8519  150:1.8519  200:1.8519  250:1.8519  300:1.8519  350:1.8519  400:1.8519  450:1.8519  500:1.8519 TEST REPORT=>
CLASS[  0 (  6)] FAIL=16.67% 
CLASS[  1 (  4)] FAIL= 0.00% 
CLASS[  2 (  7)] FAIL= 0.00% 
GENERATION=  414 FITNESS=    -1.852% TEST_ERROR=     5.882%
PROGRAMS=
if(!(x2<(x13+sin((exp(((x13+sin((-93.4)))+(-46.9)))-x8+(x13-(-36.66))*x1)))|x7<x9&!(!(x5<x6|!(x9<=(-61.3)|x12<=sin(x2)))))) CLASS=0.00
else 
if(x3>=x10-x12*x7|x11>(x2/x7)) CLASS=1.00
else 
CLASS=2.00
** CONFUSION MATRIX ** Number of classes: 3
   5    1    0 
   0    4    0 
   0    0    7 
TEST REPORT=>
CLASS[  0 (  6)] FAIL=16.67% 
CLASS[  1 (  4)] FAIL= 0.00% 
CLASS[  2 (  7)] FAIL= 0.00% 
CLASS_ERROR:    5.8823529412 PRECISION:    0.9333333333 RECALL:    0.9444444444 F1SCORE:    0.9388560158
 50:1.8519  100:1.8519  150:1.8519  200:1.8519  250:1.8519  300:1.8519  350:1.8519  400:1.8519  450:1.8519  500:1.8519 TEST REPORT=>
CLASS[  0 (  6)] FAIL=16.67% 
CLASS[  1 (  4)] FAIL= 0.00% 
CLASS[  2 (  7)] FAIL= 0.00% 
GENERATION=  415 FITNESS=    -1.852% TEST_ERROR=     5.882%
PROGRAMS=
if(!(x2<(x13+sin((exp(((x13+sin((-93.4)))+(-46.9)))-x8+(x13-(-36.66))*x1)))|x7<x9&!(!(x5<x6|!(x9<=(-61.3)|x12<=sin(x2)))))) CLASS=0.00
else 
if(x3>=x10-x12*x7|x11>(x2/x7)) CLASS=1.00
else 
CLASS=2.00
** CONFUSION MATRIX ** Number of classes: 3
   5    1    0 
   0    4    0 
   0    0    7 
TEST REPORT=>
CLASS[  0 (  6)] FAIL=16.67% 
CLASS[  1 (  4)] FAIL= 0.00% 
CLASS[  2 (  7)] FAIL= 0.00% 
CLASS_ERROR:    5.8823529412 PRECISION:    0.9333333333 RECALL:    0.9444444444 F1SCORE:    0.9388560158
 50:1.8519  100:1.8519  150:1.8519  200:1.8519  250:1.8519  300:1.8519  350:1.8519  400:1.8519  450:1.8519  500:1.8519 TEST REPORT=>
CLASS[  0 (  6)] FAIL=16.67% 
CLASS[  1 (  4)] FAIL= 0.00% 
CLASS[  2 (  7)] FAIL= 0.00% 
GENERATION=  416 FITNESS=    -1.852% TEST_ERROR=     5.882%
PROGRAMS=
if(!(x2<(x13+sin((exp(((x13+sin((-93.4)))+(-46.9)))-x8+(x13-(-36.66))*x1)))|x7<x9&!(!(x5<x6|!(x9<=(-61.3)|x12<=sin(x2)))))) CLASS=0.00
else 
if(x3>=x10-x12*x7|x11>(x2/x7)) CLASS=1.00
else 
CLASS=2.00
** CONFUSION MATRIX ** Number of classes: 3
   5    1    0 
   0    4    0 
   0    0    7 
TEST REPORT=>
CLASS[  0 (  6)] FAIL=16.67% 
CLASS[  1 (  4)] FAIL= 0.00% 
CLASS[  2 (  7)] FAIL= 0.00% 
CLASS_ERROR:    5.8823529412 PRECISION:    0.9333333333 RECALL:    0.9444444444 F1SCORE:    0.9388560158
 50:1.8519  100:1.8519  150:1.8519  200:1.8519  250:1.8519  300:1.8519  350:1.8519  400:1.8519  450:1.8519  500:1.8519 TEST REPORT=>
CLASS[  0 (  6)] FAIL=16.67% 
CLASS[  1 (  4)] FAIL= 0.00% 
CLASS[  2 (  7)] FAIL= 0.00% 
GENERATION=  417 FITNESS=    -1.852% TEST_ERROR=     5.882%
PROGRAMS=
if(!(x2<(x13+sin((exp(((x13+sin((-93.4)))+(-46.9)))-x8+(x13-(-36.66))*x1)))|x7<x9&!(!(x5<x6|!(x9<=(-61.3)|x12<=sin(x2)))))) CLASS=0.00
else 
if(x3>=x10-x12*x7|x11>(x2/x7)) CLASS=1.00
else 
CLASS=2.00
** CONFUSION MATRIX ** Number of classes: 3
   5    1    0 
   0    4    0 
   0    0    7 
TEST REPORT=>
CLASS[  0 (  6)] FAIL=16.67% 
CLASS[  1 (  4)] FAIL= 0.00% 
CLASS[  2 (  7)] FAIL= 0.00% 
CLASS_ERROR:    5.8823529412 PRECISION:    0.9333333333 RECALL:    0.9444444444 F1SCORE:    0.9388560158
 50:1.8519  100:1.8519  150:1.8519  200:1.8519  250:1.8519  300:1.8519  350:1.8519  400:1.8519  450:1.8519  500:1.8519 TEST REPORT=>
CLASS[  0 (  6)] FAIL=16.67% 
CLASS[  1 (  4)] FAIL= 0.00% 
CLASS[  2 (  7)] FAIL= 0.00% 
GENERATION=  418 FITNESS=    -1.852% TEST_ERROR=     5.882%
PROGRAMS=
if(!(x2<(x13+sin((exp(((x13+sin((-93.4)))+(-46.9)))-x8+(x13-(-36.66))*x1)))|x7<x9&!(!(x5<x6|!(x9<=(-61.3)|x12<=sin(x2)))))) CLASS=0.00
else 
if(x3>=x10-x12*x7|x11>(x2/x7)) CLASS=1.00
else 
CLASS=2.00
** CONFUSION MATRIX ** Number of classes: 3
   5    1    0 
   0    4    0 
   0    0    7 
TEST REPORT=>
CLASS[  0 (  6)] FAIL=16.67% 
CLASS[  1 (  4)] FAIL= 0.00% 
CLASS[  2 (  7)] FAIL= 0.00% 
CLASS_ERROR:    5.8823529412 PRECISION:    0.9333333333 RECALL:    0.9444444444 F1SCORE:    0.9388560158
 50:1.8519  100:1.8519  150:1.8519  200:1.8519  250:1.8519  300:1.8519  350:1.8519  400:1.8519  450:1.8519  500:1.8519 TEST REPORT=>
CLASS[  0 (  6)] FAIL=16.67% 
CLASS[  1 (  4)] FAIL= 0.00% 
CLASS[  2 (  7)] FAIL= 0.00% 
GENERATION=  419 FITNESS=    -1.852% TEST_ERROR=     5.882%
PROGRAMS=
if(!(x2<(x13+sin((exp(((x13+sin((-93.4)))+(-46.9)))-x8+(x13-(-36.66))*x1)))|x7<x9&!(!(x5<x6|!(x9<=(-61.3)|x12<=sin(x2)))))) CLASS=0.00
else 
if(x3>=x10-x12*x7|x11>(x2/x7)) CLASS=1.00
else 
CLASS=2.00
** CONFUSION MATRIX ** Number of classes: 3
   5    1    0 
   0    4    0 
   0    0    7 
TEST REPORT=>
CLASS[  0 (  6)] FAIL=16.67% 
CLASS[  1 (  4)] FAIL= 0.00% 
CLASS[  2 (  7)] FAIL= 0.00% 
CLASS_ERROR:    5.8823529412 PRECISION:    0.9333333333 RECALL:    0.9444444444 F1SCORE:    0.9388560158
 50:1.8519  100:1.8519  150:1.8519  200:1.8519  250:1.8519  300:1.8519  350:1.8519  400:1.8519  450:1.8519  500:1.8519 TEST REPORT=>
CLASS[  0 (  6)] FAIL=16.67% 
CLASS[  1 (  4)] FAIL= 0.00% 
CLASS[  2 (  7)] FAIL= 0.00% 
GENERATION=  420 FITNESS=    -1.852% TEST_ERROR=     5.882%
PROGRAMS=
if(!(x2<(x13+sin((exp(((x13+sin((-93.4)))+(-46.9)))-x8+(x13-(-36.66))*x1)))|x7<x9&!(!(x5<x6|!(x9<=(-61.3)|x12<=sin(x2)))))) CLASS=0.00
else 
if(x3>=x10-x12*x7|x11>(x2/x7)) CLASS=1.00
else 
CLASS=2.00
** CONFUSION MATRIX ** Number of classes: 3
   5    1    0 
   0    4    0 
   0    0    7 
TEST REPORT=>
CLASS[  0 (  6)] FAIL=16.67% 
CLASS[  1 (  4)] FAIL= 0.00% 
CLASS[  2 (  7)] FAIL= 0.00% 
CLASS_ERROR:    5.8823529412 PRECISION:    0.9333333333 RECALL:    0.9444444444 F1SCORE:    0.9388560158
 50:1.8519  100:1.8519  150:1.8519  200:1.8519  250:1.8519  300:1.8519  350:1.8519  400:1.8519  450:1.8519  500:1.8519 TEST REPORT=>
CLASS[  0 (  6)] FAIL=16.67% 
CLASS[  1 (  4)] FAIL= 0.00% 
CLASS[  2 (  7)] FAIL= 0.00% 
GENERATION=  421 FITNESS=    -1.852% TEST_ERROR=     5.882%
PROGRAMS=
if(!(x2<(x13+sin((exp(((x13+sin((-93.4)))+(-46.9)))-x8+(x13-(-36.66))*x1)))|x7<x9&!(!(x5<x6|!(x9<=(-61.3)|x12<=sin(x2)))))) CLASS=0.00
else 
if(x3>=x10-x12*x7|x11>(x2/x7)) CLASS=1.00
else 
CLASS=2.00
** CONFUSION MATRIX ** Number of classes: 3
   5    1    0 
   0    4    0 
   0    0    7 
TEST REPORT=>
CLASS[  0 (  6)] FAIL=16.67% 
CLASS[  1 (  4)] FAIL= 0.00% 
CLASS[  2 (  7)] FAIL= 0.00% 
CLASS_ERROR:    5.8823529412 PRECISION:    0.9333333333 RECALL:    0.9444444444 F1SCORE:    0.9388560158
 50:1.8519  100:1.8519  150:1.8519  200:1.8519  250:1.8519  300:1.8519  350:1.8519  400:1.8519  450:1.8519  500:1.8519 TEST REPORT=>
CLASS[  0 (  6)] FAIL=16.67% 
CLASS[  1 (  4)] FAIL= 0.00% 
CLASS[  2 (  7)] FAIL= 0.00% 
GENERATION=  422 FITNESS=    -1.852% TEST_ERROR=     5.882%
PROGRAMS=
if(!(x2<(x13+sin((exp(((x13+sin((-93.4)))+(-46.9)))-x8+(x13-(-36.66))*x1)))|x7<x9&!(!(x5<x6|!(x9<=(-61.3)|x12<=sin(x2)))))) CLASS=0.00
else 
if(x3>=x10-x12*x7|x11>(x2/x7)) CLASS=1.00
else 
CLASS=2.00
** CONFUSION MATRIX ** Number of classes: 3
   5    1    0 
   0    4    0 
   0    0    7 
TEST REPORT=>
CLASS[  0 (  6)] FAIL=16.67% 
CLASS[  1 (  4)] FAIL= 0.00% 
CLASS[  2 (  7)] FAIL= 0.00% 
CLASS_ERROR:    5.8823529412 PRECISION:    0.9333333333 RECALL:    0.9444444444 F1SCORE:    0.9388560158
 50:1.8519  100:1.8519  150:1.8519  200:1.8519  250:1.8519  300:1.8519  350:1.8519  400:1.8519  450:1.8519  500:1.8519 TEST REPORT=>
CLASS[  0 (  6)] FAIL=16.67% 
CLASS[  1 (  4)] FAIL= 0.00% 
CLASS[  2 (  7)] FAIL= 0.00% 
GENERATION=  423 FITNESS=    -1.852% TEST_ERROR=     5.882%
PROGRAMS=
if(!(x2<(x13+sin((exp(((x13+sin((-93.4)))+(-46.9)))-x8+(x13-(-36.66))*x1)))|x7<x9&!(!(x5<x6|!(x9<=(-61.3)|x12<=sin(x2)))))) CLASS=0.00
else 
if(x3>=x10-x12*x7|x11>(x2/x7)) CLASS=1.00
else 
CLASS=2.00
** CONFUSION MATRIX ** Number of classes: 3
   5    1    0 
   0    4    0 
   0    0    7 
TEST REPORT=>
CLASS[  0 (  6)] FAIL=16.67% 
CLASS[  1 (  4)] FAIL= 0.00% 
CLASS[  2 (  7)] FAIL= 0.00% 
CLASS_ERROR:    5.8823529412 PRECISION:    0.9333333333 RECALL:    0.9444444444 F1SCORE:    0.9388560158
 50:1.8519  100:1.8519  150:1.8519  200:1.8519  250:1.8519  300:1.8519  350:1.8519  400:1.8519  450:1.8519  500:1.8519 TEST REPORT=>
CLASS[  0 (  6)] FAIL=16.67% 
CLASS[  1 (  4)] FAIL= 0.00% 
CLASS[  2 (  7)] FAIL= 0.00% 
GENERATION=  424 FITNESS=    -1.852% TEST_ERROR=     5.882%
PROGRAMS=
if(!(x2<(x13+sin((exp(((x13+sin((-93.4)))+(-46.9)))-x8+(x13-(-36.66))*x1)))|x7<x9&!(!(x5<x6|!(x9<=(-61.3)|x12<=sin(x2)))))) CLASS=0.00
else 
if(x3>=x10-x12*x7|x11>(x2/x7)) CLASS=1.00
else 
CLASS=2.00
** CONFUSION MATRIX ** Number of classes: 3
   5    1    0 
   0    4    0 
   0    0    7 
TEST REPORT=>
CLASS[  0 (  6)] FAIL=16.67% 
CLASS[  1 (  4)] FAIL= 0.00% 
CLASS[  2 (  7)] FAIL= 0.00% 
CLASS_ERROR:    5.8823529412 PRECISION:    0.9333333333 RECALL:    0.9444444444 F1SCORE:    0.9388560158
 50:1.8519  100:1.8519  150:1.8519  200:1.8519  250:1.8519  300:1.8519  350:1.8519  400:1.8519  450:1.8519  500:1.8519 TEST REPORT=>
CLASS[  0 (  6)] FAIL=16.67% 
CLASS[  1 (  4)] FAIL= 0.00% 
CLASS[  2 (  7)] FAIL= 0.00% 
GENERATION=  425 FITNESS=    -1.852% TEST_ERROR=     5.882%
PROGRAMS=
if(!(x2<(x13+sin((exp(((x13+sin((-93.4)))+(-46.9)))-x8+(x13-(-36.66))*x1)))|x7<x9&!(!(x5<x6|!(x9<=(-61.3)|x12<=sin(x2)))))) CLASS=0.00
else 
if(x3>=x10-x12*x7|x11>(x2/x7)) CLASS=1.00
else 
CLASS=2.00
** CONFUSION MATRIX ** Number of classes: 3
   5    1    0 
   0    4    0 
   0    0    7 
TEST REPORT=>
CLASS[  0 (  6)] FAIL=16.67% 
CLASS[  1 (  4)] FAIL= 0.00% 
CLASS[  2 (  7)] FAIL= 0.00% 
CLASS_ERROR:    5.8823529412 PRECISION:    0.9333333333 RECALL:    0.9444444444 F1SCORE:    0.9388560158
 50:1.8519  100:1.8519  150:1.8519  200:1.8519  250:1.8519  300:1.8519  350:1.8519  400:1.8519  450:1.8519  500:1.8519 TEST REPORT=>
CLASS[  0 (  6)] FAIL=16.67% 
CLASS[  1 (  4)] FAIL= 0.00% 
CLASS[  2 (  7)] FAIL= 0.00% 
GENERATION=  426 FITNESS=    -1.852% TEST_ERROR=     5.882%
PROGRAMS=
if(!(x2<(x13+sin((exp(((x13+sin((-93.4)))+(-46.9)))-x8+(x13-(-36.66))*x1)))|x7<x9&!(!(x5<x6|!(x9<=(-61.3)|x12<=sin(x2)))))) CLASS=0.00
else 
if(x3>=x10-x12*x7|x11>(x2/x7)) CLASS=1.00
else 
CLASS=2.00
** CONFUSION MATRIX ** Number of classes: 3
   5    1    0 
   0    4    0 
   0    0    7 
TEST REPORT=>
CLASS[  0 (  6)] FAIL=16.67% 
CLASS[  1 (  4)] FAIL= 0.00% 
CLASS[  2 (  7)] FAIL= 0.00% 
CLASS_ERROR:    5.8823529412 PRECISION:    0.9333333333 RECALL:    0.9444444444 F1SCORE:    0.9388560158
 50:1.8519  100:1.8519  150:1.8519  200:1.8519  250:1.8519  300:1.8519  350:1.8519  400:1.8519  450:1.8519  500:1.8519 TEST REPORT=>
CLASS[  0 (  6)] FAIL=16.67% 
CLASS[  1 (  4)] FAIL= 0.00% 
CLASS[  2 (  7)] FAIL= 0.00% 
GENERATION=  427 FITNESS=    -1.852% TEST_ERROR=     5.882%
PROGRAMS=
if(!(x2<(x13+sin((exp(((x13+sin((-93.4)))+(-46.9)))-x8+(x13-(-36.66))*x1)))|x7<x9&!(!(x5<x6|!(x9<=(-61.3)|x12<=sin(x2)))))) CLASS=0.00
else 
if(x3>=x10-x12*x7|x11>(x2/x7)) CLASS=1.00
else 
CLASS=2.00
** CONFUSION MATRIX ** Number of classes: 3
   5    1    0 
   0    4    0 
   0    0    7 
TEST REPORT=>
CLASS[  0 (  6)] FAIL=16.67% 
CLASS[  1 (  4)] FAIL= 0.00% 
CLASS[  2 (  7)] FAIL= 0.00% 
CLASS_ERROR:    5.8823529412 PRECISION:    0.9333333333 RECALL:    0.9444444444 F1SCORE:    0.9388560158
 50:1.8519  100:1.8519  150:1.8519  200:1.8519  250:1.8519  300:1.8519  350:1.8519  400:1.8519  450:1.8519  500:1.8519 TEST REPORT=>
CLASS[  0 (  6)] FAIL=16.67% 
CLASS[  1 (  4)] FAIL= 0.00% 
CLASS[  2 (  7)] FAIL= 0.00% 
GENERATION=  428 FITNESS=    -1.852% TEST_ERROR=     5.882%
PROGRAMS=
if(!(x2<(x13+sin((exp(((x13+sin((-93.4)))+(-46.9)))-x8+(x13-(-36.66))*x1)))|x7<x9&!(!(x5<x6|!(x9<=(-61.3)|x12<=sin(x2)))))) CLASS=0.00
else 
if(x3>=x10-x12*x7|x11>(x2/x7)) CLASS=1.00
else 
CLASS=2.00
** CONFUSION MATRIX ** Number of classes: 3
   5    1    0 
   0    4    0 
   0    0    7 
TEST REPORT=>
CLASS[  0 (  6)] FAIL=16.67% 
CLASS[  1 (  4)] FAIL= 0.00% 
CLASS[  2 (  7)] FAIL= 0.00% 
CLASS_ERROR:    5.8823529412 PRECISION:    0.9333333333 RECALL:    0.9444444444 F1SCORE:    0.9388560158
 50:1.8519  100:1.8519  150:1.8519  200:1.8519  250:1.8519  300:1.8519  350:1.8519  400:1.8519  450:1.8519  500:1.8519 TEST REPORT=>
CLASS[  0 (  6)] FAIL=16.67% 
CLASS[  1 (  4)] FAIL= 0.00% 
CLASS[  2 (  7)] FAIL= 0.00% 
GENERATION=  429 FITNESS=    -1.852% TEST_ERROR=     5.882%
PROGRAMS=
if(!(x2<(x13+sin((exp(((x13+sin((-93.4)))+(-46.9)))-x8+(x13-(-36.66))*x1)))|x7<x9&!(!(x5<x6|!(x9<=(-61.3)|x12<=sin(x2)))))) CLASS=0.00
else 
if(x3>=x10-x12*x7|x11>(x2/x7)) CLASS=1.00
else 
CLASS=2.00
** CONFUSION MATRIX ** Number of classes: 3
   5    1    0 
   0    4    0 
   0    0    7 
TEST REPORT=>
CLASS[  0 (  6)] FAIL=16.67% 
CLASS[  1 (  4)] FAIL= 0.00% 
CLASS[  2 (  7)] FAIL= 0.00% 
CLASS_ERROR:    5.8823529412 PRECISION:    0.9333333333 RECALL:    0.9444444444 F1SCORE:    0.9388560158
 50:1.8519  100:1.8519  150:1.8519  200:1.8519  250:1.8519  300:1.8519  350:1.8519  400:1.8519  450:1.8519  500:1.8519 TEST REPORT=>
CLASS[  0 (  6)] FAIL=16.67% 
CLASS[  1 (  4)] FAIL= 0.00% 
CLASS[  2 (  7)] FAIL= 0.00% 
GENERATION=  430 FITNESS=    -1.852% TEST_ERROR=     5.882%
PROGRAMS=
if(!(x2<(x13+sin((exp(((x13+sin((-93.4)))+(-46.9)))-x8+(x13-(-36.66))*x1)))|x7<x9&!(!(x5<x6|!(x9<=(-61.3)|x12<=sin(x2)))))) CLASS=0.00
else 
if(x3>=x10-x12*x7|x11>(x2/x7)) CLASS=1.00
else 
CLASS=2.00
** CONFUSION MATRIX ** Number of classes: 3
   5    1    0 
   0    4    0 
   0    0    7 
TEST REPORT=>
CLASS[  0 (  6)] FAIL=16.67% 
CLASS[  1 (  4)] FAIL= 0.00% 
CLASS[  2 (  7)] FAIL= 0.00% 
CLASS_ERROR:    5.8823529412 PRECISION:    0.9333333333 RECALL:    0.9444444444 F1SCORE:    0.9388560158
 50:1.8519  100:1.8519  150:1.8519  200:1.8519  250:1.8519  300:1.8519  350:1.8519  400:1.8519  450:1.8519  500:1.8519 TEST REPORT=>
CLASS[  0 (  6)] FAIL=16.67% 
CLASS[  1 (  4)] FAIL= 0.00% 
CLASS[  2 (  7)] FAIL= 0.00% 
GENERATION=  431 FITNESS=    -1.852% TEST_ERROR=     5.882%
PROGRAMS=
if(!(x2<(x13+sin((exp(((x13+sin((-93.4)))+(-46.9)))-x8+(x13-(-36.66))*x1)))|x7<x9&!(!(x5<x6|!(x9<=(-61.3)|x12<=sin(x2)))))) CLASS=0.00
else 
if(x3>=x10-x12*x7|x11>(x2/x7)) CLASS=1.00
else 
CLASS=2.00
** CONFUSION MATRIX ** Number of classes: 3
   5    1    0 
   0    4    0 
   0    0    7 
TEST REPORT=>
CLASS[  0 (  6)] FAIL=16.67% 
CLASS[  1 (  4)] FAIL= 0.00% 
CLASS[  2 (  7)] FAIL= 0.00% 
CLASS_ERROR:    5.8823529412 PRECISION:    0.9333333333 RECALL:    0.9444444444 F1SCORE:    0.9388560158
 50:1.8519  100:1.8519  150:1.8519  200:1.8519  250:1.8519  300:1.8519  350:1.8519  400:1.8519  450:1.8519  500:1.8519 
TARGETED STAGNATION BURST generation=432 stagnation=20
TARGETED_BEST[0] START fitness=-1.8518518519
TARGETED_BEST[0] END fitness=-1.8518518519 accepted=0
TARGETED_BEST[1] START fitness=-1.8518518519
TARGETED_BEST[1] END fitness=-1.8518518519 accepted=0
TARGETED_BEST[2] START fitness=-1.8518518519
TARGETED_BEST[2] END fitness=-1.8518518519 accepted=0
TARGETED_BEST[3] START fitness=-1.8518518519
TARGETED_BEST[3] END fitness=-1.8518518519 accepted=0
TARGETED_BEST[4] START fitness=-1.8518518519
TARGETED_BEST[4] END fitness=-1.8518518519 accepted=0
TARGETED_BEST[5] START fitness=-1.8518518519
TARGETED_BEST[5] END fitness=-1.8518518519 accepted=0
TARGETED_BEST[6] START fitness=-1.8518518519
TARGETED_BEST[6] END fitness=-1.8518518519 accepted=0
TARGETED_BEST[7] START fitness=-1.8518518519
TARGETED_BEST[7] END fitness=-1.8518518519 accepted=0
TARGETED_BEST[8] START fitness=-1.8518518519
TARGETED_BEST[8] END fitness=-1.8518518519 accepted=0
TARGETED_BEST[9] START fitness=-1.8518518519
TARGETED_BEST[9] END fitness=-1.8518518519 accepted=0
TARGETED_BEST[10] START fitness=-1.8518518519
TARGETED_BEST[10] END fitness=-1.8518518519 accepted=0
TARGETED_BEST[11] START fitness=-1.8518518519
TARGETED_BEST[11] END fitness=-1.8518518519 accepted=0
TARGETED_BEST[12] START fitness=-1.8518518519
TARGETED_BEST[12] END fitness=-1.8518518519 accepted=0
TARGETED_BEST[13] START fitness=-1.8518518519
TARGETED_BEST[13] END fitness=-1.8518518519 accepted=0
TARGETED_BEST[14] START fitness=-1.8518518519
TARGETED_BEST[14] END fitness=-1.8518518519 accepted=0
TARGETED_BEST[15] START fitness=-1.8518518519
TARGETED_BEST[15] END fitness=-1.8518518519 accepted=0
TARGETED_BEST[16] START fitness=-1.8518518519
TARGETED_BEST[16] END fitness=-1.8518518519 accepted=0
TARGETED_BEST[17] START fitness=-1.8518518519
TARGETED_BEST[17] END fitness=-1.8518518519 accepted=0
TARGETED_BEST[18] START fitness=-1.8518518519
TARGETED_BEST[18] END fitness=-1.8518518519 accepted=0
TARGETED_BEST[19] START fitness=-1.8518518519
TARGETED_BEST[19] END fitness=-1.8518518519 accepted=0
TEST REPORT=>
CLASS[  0 (  6)] FAIL=16.67% 
CLASS[  1 (  4)] FAIL= 0.00% 
CLASS[  2 (  7)] FAIL= 0.00% 
GENERATION=  432 FITNESS=    -1.852% TEST_ERROR=     5.882%
PROGRAMS=
if(!(x2<(x13+sin((exp(((x13+sin((-93.4)))+(-46.9)))-x8+(x13-(-36.66))*x1)))|x7<x9&!(!(x5<x6|!(x9<=(-61.3)|x12<=sin(x2)))))) CLASS=0.00
else 
if(x3>=x10-x12*x7|x11>(x2/x7)) CLASS=1.00
else 
CLASS=2.00
** CONFUSION MATRIX ** Number of classes: 3
   5    1    0 
   0    4    0 
   0    0    7 
TEST REPORT=>
CLASS[  0 (  6)] FAIL=16.67% 
CLASS[  1 (  4)] FAIL= 0.00% 
CLASS[  2 (  7)] FAIL= 0.00% 
CLASS_ERROR:    5.8823529412 PRECISION:    0.9333333333 RECALL:    0.9444444444 F1SCORE:    0.9388560158
 50:1.8519  100:1.8519  150:1.8519  200:1.8519  250:1.8519  300:1.8519  350:1.8519  400:1.8519  450:1.8519  500:1.8519 TEST REPORT=>
CLASS[  0 (  6)] FAIL=16.67% 
CLASS[  1 (  4)] FAIL= 0.00% 
CLASS[  2 (  7)] FAIL= 0.00% 
GENERATION=  433 FITNESS=    -1.852% TEST_ERROR=     5.882%
PROGRAMS=
if(!(x2<(x13+sin((exp(((x13+sin((-93.4)))+(-46.9)))-x8+(x13-(-36.66))*x1)))|x7<x9&!(!(x5<x6|!(x9<=(-61.3)|x12<=sin(x2)))))) CLASS=0.00
else 
if(x3>=x10-x12*x7|x11>(x2/x7)) CLASS=1.00
else 
CLASS=2.00
** CONFUSION MATRIX ** Number of classes: 3
   5    1    0 
   0    4    0 
   0    0    7 
TEST REPORT=>
CLASS[  0 (  6)] FAIL=16.67% 
CLASS[  1 (  4)] FAIL= 0.00% 
CLASS[  2 (  7)] FAIL= 0.00% 
CLASS_ERROR:    5.8823529412 PRECISION:    0.9333333333 RECALL:    0.9444444444 F1SCORE:    0.9388560158
 50:1.8519  100:1.8519  150:1.8519  200:1.8519  250:1.8519  300:1.8519  350:1.8519  400:1.8519  450:1.8519  500:1.8519 TEST REPORT=>
CLASS[  0 (  6)] FAIL=16.67% 
CLASS[  1 (  4)] FAIL= 0.00% 
CLASS[  2 (  7)] FAIL= 0.00% 
GENERATION=  434 FITNESS=    -1.852% TEST_ERROR=     5.882%
PROGRAMS=
if(!(x2<(x13+sin((exp(((x13+sin((-93.4)))+(-46.9)))-x8+(x13-(-36.66))*x1)))|x7<x9&!(!(x5<x6|!(x9<=(-61.3)|x12<=sin(x2)))))) CLASS=0.00
else 
if(x3>=x10-x12*x7|x11>(x2/x7)) CLASS=1.00
else 
CLASS=2.00
** CONFUSION MATRIX ** Number of classes: 3
   5    1    0 
   0    4    0 
   0    0    7 
TEST REPORT=>
CLASS[  0 (  6)] FAIL=16.67% 
CLASS[  1 (  4)] FAIL= 0.00% 
CLASS[  2 (  7)] FAIL= 0.00% 
CLASS_ERROR:    5.8823529412 PRECISION:    0.9333333333 RECALL:    0.9444444444 F1SCORE:    0.9388560158
 50:1.8519  100:1.8519  150:1.8519  200:1.8519  250:1.8519  300:1.8519  350:1.8519  400:1.8519  450:1.8519  500:1.8519 TEST REPORT=>
CLASS[  0 (  6)] FAIL=16.67% 
CLASS[  1 (  4)] FAIL= 0.00% 
CLASS[  2 (  7)] FAIL= 0.00% 
GENERATION=  435 FITNESS=    -1.852% TEST_ERROR=     5.882%
PROGRAMS=
if(!(x2<(x13+sin((exp(((x13+sin((-93.4)))+(-46.9)))-x8+(x13-(-36.66))*x1)))|x7<x9&!(!(x5<x6|!(x9<=(-61.3)|x12<=sin(x2)))))) CLASS=0.00
else 
if(x3>=x10-x12*x7|x11>(x2/x7)) CLASS=1.00
else 
CLASS=2.00
** CONFUSION MATRIX ** Number of classes: 3
   5    1    0 
   0    4    0 
   0    0    7 
TEST REPORT=>
CLASS[  0 (  6)] FAIL=16.67% 
CLASS[  1 (  4)] FAIL= 0.00% 
CLASS[  2 (  7)] FAIL= 0.00% 
CLASS_ERROR:    5.8823529412 PRECISION:    0.9333333333 RECALL:    0.9444444444 F1SCORE:    0.9388560158
 50:1.8519  100:1.8519  150:1.8519  200:1.8519  250:1.8519  300:1.8519  350:1.8519  400:1.8519  450:1.8519  500:1.8519 TEST REPORT=>
CLASS[  0 (  6)] FAIL=16.67% 
CLASS[  1 (  4)] FAIL= 0.00% 
CLASS[  2 (  7)] FAIL= 0.00% 
GENERATION=  436 FITNESS=    -1.852% TEST_ERROR=     5.882%
PROGRAMS=
if(!(x2<(x13+sin((exp(((x13+sin((-93.4)))+(-46.9)))-x8+(x13-(-36.66))*x1)))|x7<x9&!(!(x5<x6|!(x9<=(-61.3)|x12<=sin(x2)))))) CLASS=0.00
else 
if(x3>=x10-x12*x7|x11>(x2/x7)) CLASS=1.00
else 
CLASS=2.00
** CONFUSION MATRIX ** Number of classes: 3
   5    1    0 
   0    4    0 
   0    0    7 
TEST REPORT=>
CLASS[  0 (  6)] FAIL=16.67% 
CLASS[  1 (  4)] FAIL= 0.00% 
CLASS[  2 (  7)] FAIL= 0.00% 
CLASS_ERROR:    5.8823529412 PRECISION:    0.9333333333 RECALL:    0.9444444444 F1SCORE:    0.9388560158
 50:1.8519  100:1.8519  150:1.8519  200:1.8519  250:1.8519  300:1.8519  350:1.8519  400:1.8519  450:1.8519  500:1.8519 TEST REPORT=>
CLASS[  0 (  6)] FAIL=16.67% 
CLASS[  1 (  4)] FAIL= 0.00% 
CLASS[  2 (  7)] FAIL= 0.00% 
GENERATION=  437 FITNESS=    -1.852% TEST_ERROR=     5.882%
PROGRAMS=
if(!(x2<(x13+sin((exp(((x13+sin((-93.4)))+(-46.9)))-x8+(x13-(-36.66))*x1)))|x7<x9&!(!(x5<x6|!(x9<=(-61.3)|x12<=sin(x2)))))) CLASS=0.00
else 
if(x3>=x10-x12*x7|x11>(x2/x7)) CLASS=1.00
else 
CLASS=2.00
** CONFUSION MATRIX ** Number of classes: 3
   5    1    0 
   0    4    0 
   0    0    7 
TEST REPORT=>
CLASS[  0 (  6)] FAIL=16.67% 
CLASS[  1 (  4)] FAIL= 0.00% 
CLASS[  2 (  7)] FAIL= 0.00% 
CLASS_ERROR:    5.8823529412 PRECISION:    0.9333333333 RECALL:    0.9444444444 F1SCORE:    0.9388560158
 50:1.8519  100:1.8519  150:1.8519  200:1.8519  250:1.8519  300:1.8519  350:1.8519  400:1.8519  450:1.8519  500:1.8519 TEST REPORT=>
CLASS[  0 (  6)] FAIL=16.67% 
CLASS[  1 (  4)] FAIL= 0.00% 
CLASS[  2 (  7)] FAIL= 0.00% 
GENERATION=  438 FITNESS=    -1.852% TEST_ERROR=     5.882%
PROGRAMS=
if(!(x2<(x13+sin((exp(((x13+sin((-93.4)))+(-46.9)))-x8+(x13-(-36.66))*x1)))|x7<x9&!(!(x5<x6|!(x9<=(-61.3)|x12<=sin(x2)))))) CLASS=0.00
else 
if(x3>=x10-x12*x7|x11>(x2/x7)) CLASS=1.00
else 
CLASS=2.00
** CONFUSION MATRIX ** Number of classes: 3
   5    1    0 
   0    4    0 
   0    0    7 
TEST REPORT=>
CLASS[  0 (  6)] FAIL=16.67% 
CLASS[  1 (  4)] FAIL= 0.00% 
CLASS[  2 (  7)] FAIL= 0.00% 
CLASS_ERROR:    5.8823529412 PRECISION:    0.9333333333 RECALL:    0.9444444444 F1SCORE:    0.9388560158
 50:1.8519  100:1.8519  150:1.8519  200:1.8519  250:1.8519  300:1.8519  350:1.8519  400:1.8519  450:1.8519  500:1.8519 TEST REPORT=>
CLASS[  0 (  6)] FAIL=16.67% 
CLASS[  1 (  4)] FAIL= 0.00% 
CLASS[  2 (  7)] FAIL= 0.00% 
GENERATION=  439 FITNESS=    -1.852% TEST_ERROR=     5.882%
PROGRAMS=
if(!(x2<(x13+sin((exp(((x13+sin((-93.4)))+(-46.9)))-x8+(x13-(-36.66))*x1)))|x7<x9&!(!(x5<x6|!(x9<=(-61.3)|x12<=sin(x2)))))) CLASS=0.00
else 
if(x3>=x10-x12*x7|x11>(x2/x7)) CLASS=1.00
else 
CLASS=2.00
** CONFUSION MATRIX ** Number of classes: 3
   5    1    0 
   0    4    0 
   0    0    7 
TEST REPORT=>
CLASS[  0 (  6)] FAIL=16.67% 
CLASS[  1 (  4)] FAIL= 0.00% 
CLASS[  2 (  7)] FAIL= 0.00% 
CLASS_ERROR:    5.8823529412 PRECISION:    0.9333333333 RECALL:    0.9444444444 F1SCORE:    0.9388560158
 50:1.8519  100:1.8519  150:1.8519  200:1.8519  250:1.8519  300:1.8519  350:1.8519  400:1.8519  450:1.8519  500:1.8519 TEST REPORT=>
CLASS[  0 (  6)] FAIL=16.67% 
CLASS[  1 (  4)] FAIL= 0.00% 
CLASS[  2 (  7)] FAIL= 0.00% 
GENERATION=  440 FITNESS=    -1.852% TEST_ERROR=     5.882%
PROGRAMS=
if(!(x2<(x13+sin((exp(((x13+sin((-93.4)))+(-46.9)))-x8+(x13-(-36.66))*x1)))|x7<x9&!(!(x5<x6|!(x9<=(-61.3)|x12<=sin(x2)))))) CLASS=0.00
else 
if(x3>=x10-x12*x7|x11>(x2/x7)) CLASS=1.00
else 
CLASS=2.00
** CONFUSION MATRIX ** Number of classes: 3
   5    1    0 
   0    4    0 
   0    0    7 
TEST REPORT=>
CLASS[  0 (  6)] FAIL=16.67% 
CLASS[  1 (  4)] FAIL= 0.00% 
CLASS[  2 (  7)] FAIL= 0.00% 
CLASS_ERROR:    5.8823529412 PRECISION:    0.9333333333 RECALL:    0.9444444444 F1SCORE:    0.9388560158
 50:1.8519  100:1.8519  150:1.8519  200:1.8519  250:1.8519  300:1.8519  350:1.8519  400:1.8519  450:1.8519  500:1.8519 TEST REPORT=>
CLASS[  0 (  6)] FAIL=16.67% 
CLASS[  1 (  4)] FAIL= 0.00% 
CLASS[  2 (  7)] FAIL= 0.00% 
GENERATION=  441 FITNESS=    -1.852% TEST_ERROR=     5.882%
PROGRAMS=
if(!(x2<(x13+sin((exp(((x13+sin((-93.4)))+(-46.9)))-x8+(x13-(-36.66))*x1)))|x7<x9&!(!(x5<x6|!(x9<=(-61.3)|x12<=sin(x2)))))) CLASS=0.00
else 
if(x3>=x10-x12*x7|x11>(x2/x7)) CLASS=1.00
else 
CLASS=2.00
** CONFUSION MATRIX ** Number of classes: 3
   5    1    0 
   0    4    0 
   0    0    7 
TEST REPORT=>
CLASS[  0 (  6)] FAIL=16.67% 
CLASS[  1 (  4)] FAIL= 0.00% 
CLASS[  2 (  7)] FAIL= 0.00% 
CLASS_ERROR:    5.8823529412 PRECISION:    0.9333333333 RECALL:    0.9444444444 F1SCORE:    0.9388560158
 50:1.8519  100:1.8519  150:1.8519  200:1.8519  250:1.8519  300:1.8519  350:1.8519  400:1.8519  450:1.8519  500:1.8519 TEST REPORT=>
CLASS[  0 (  6)] FAIL=16.67% 
CLASS[  1 (  4)] FAIL= 0.00% 
CLASS[  2 (  7)] FAIL= 0.00% 
GENERATION=  442 FITNESS=    -1.852% TEST_ERROR=     5.882%
PROGRAMS=
if(!(x2<(x13+sin((exp(((x13+sin((-93.4)))+(-46.9)))-x8+(x13-(-36.66))*x1)))|x7<x9&!(!(x5<x6|!(x9<=(-61.3)|x12<=sin(x2)))))) CLASS=0.00
else 
if(x3>=x10-x12*x7|x11>(x2/x7)) CLASS=1.00
else 
CLASS=2.00
** CONFUSION MATRIX ** Number of classes: 3
   5    1    0 
   0    4    0 
   0    0    7 
TEST REPORT=>
CLASS[  0 (  6)] FAIL=16.67% 
CLASS[  1 (  4)] FAIL= 0.00% 
CLASS[  2 (  7)] FAIL= 0.00% 
CLASS_ERROR:    5.8823529412 PRECISION:    0.9333333333 RECALL:    0.9444444444 F1SCORE:    0.9388560158
 50:1.8519  100:1.8519  150:1.8519  200:1.8519  250:1.8519  300:1.8519  350:1.8519  400:1.8519  450:1.8519  500:1.8519 TEST REPORT=>
CLASS[  0 (  6)] FAIL=16.67% 
CLASS[  1 (  4)] FAIL= 0.00% 
CLASS[  2 (  7)] FAIL= 0.00% 
GENERATION=  443 FITNESS=    -1.852% TEST_ERROR=     5.882%
PROGRAMS=
if(!(x2<(x13+sin((exp(((x13+sin((-93.4)))+(-46.9)))-x8+(x13-(-36.66))*x1)))|x7<x9&!(!(x5<x6|!(x9<=(-61.3)|x12<=sin(x2)))))) CLASS=0.00
else 
if(x3>=x10-x12*x7|x11>(x2/x7)) CLASS=1.00
else 
CLASS=2.00
** CONFUSION MATRIX ** Number of classes: 3
   5    1    0 
   0    4    0 
   0    0    7 
TEST REPORT=>
CLASS[  0 (  6)] FAIL=16.67% 
CLASS[  1 (  4)] FAIL= 0.00% 
CLASS[  2 (  7)] FAIL= 0.00% 
CLASS_ERROR:    5.8823529412 PRECISION:    0.9333333333 RECALL:    0.9444444444 F1SCORE:    0.9388560158
 50:1.8519  100:1.8519  150:1.8519  200:1.8519  250:1.8519  300:1.8519  350:1.8519  400:1.8519  450:1.8519  500:1.8519 TEST REPORT=>
CLASS[  0 (  6)] FAIL=16.67% 
CLASS[  1 (  4)] FAIL= 0.00% 
CLASS[  2 (  7)] FAIL= 0.00% 
GENERATION=  444 FITNESS=    -1.852% TEST_ERROR=     5.882%
PROGRAMS=
if(!(x2<(x13+sin((exp(((x13+sin((-93.4)))+(-46.9)))-x8+(x13-(-36.66))*x1)))|x7<x9&!(!(x5<x6|!(x9<=(-61.3)|x12<=sin(x2)))))) CLASS=0.00
else 
if(x3>=x10-x12*x7|x11>(x2/x7)) CLASS=1.00
else 
CLASS=2.00
** CONFUSION MATRIX ** Number of classes: 3
   5    1    0 
   0    4    0 
   0    0    7 
TEST REPORT=>
CLASS[  0 (  6)] FAIL=16.67% 
CLASS[  1 (  4)] FAIL= 0.00% 
CLASS[  2 (  7)] FAIL= 0.00% 
CLASS_ERROR:    5.8823529412 PRECISION:    0.9333333333 RECALL:    0.9444444444 F1SCORE:    0.9388560158
 50:1.8519  100:1.8519  150:1.8519  200:1.8519  250:1.8519  300:1.8519  350:1.8519  400:1.8519  450:1.8519  500:1.8519 TEST REPORT=>
CLASS[  0 (  6)] FAIL=16.67% 
CLASS[  1 (  4)] FAIL= 0.00% 
CLASS[  2 (  7)] FAIL= 0.00% 
GENERATION=  445 FITNESS=    -1.852% TEST_ERROR=     5.882%
PROGRAMS=
if(!(x2<(x13+sin((exp(((x13+sin((-93.4)))+(-46.9)))-x8+(x13-(-36.66))*x1)))|x7<x9&!(!(x5<x6|!(x9<=(-61.3)|x12<=sin(x2)))))) CLASS=0.00
else 
if(x3>=x10-x12*x7|x11>(x2/x7)) CLASS=1.00
else 
CLASS=2.00
** CONFUSION MATRIX ** Number of classes: 3
   5    1    0 
   0    4    0 
   0    0    7 
TEST REPORT=>
CLASS[  0 (  6)] FAIL=16.67% 
CLASS[  1 (  4)] FAIL= 0.00% 
CLASS[  2 (  7)] FAIL= 0.00% 
CLASS_ERROR:    5.8823529412 PRECISION:    0.9333333333 RECALL:    0.9444444444 F1SCORE:    0.9388560158
 50:1.8519  100:1.8519  150:1.8519  200:1.8519  250:1.8519  300:1.8519  350:1.8519  400:1.8519  450:1.8519  500:1.8519 TEST REPORT=>
CLASS[  0 (  6)] FAIL=16.67% 
CLASS[  1 (  4)] FAIL= 0.00% 
CLASS[  2 (  7)] FAIL= 0.00% 
GENERATION=  446 FITNESS=    -1.852% TEST_ERROR=     5.882%
PROGRAMS=
if(!(x2<(x13+sin((exp(((x13+sin((-93.4)))+(-46.9)))-x8+(x13-(-36.66))*x1)))|x7<x9&!(!(x5<x6|!(x9<=(-61.3)|x12<=sin(x2)))))) CLASS=0.00
else 
if(x3>=x10-x12*x7|x11>(x2/x7)) CLASS=1.00
else 
CLASS=2.00
** CONFUSION MATRIX ** Number of classes: 3
   5    1    0 
   0    4    0 
   0    0    7 
TEST REPORT=>
CLASS[  0 (  6)] FAIL=16.67% 
CLASS[  1 (  4)] FAIL= 0.00% 
CLASS[  2 (  7)] FAIL= 0.00% 
CLASS_ERROR:    5.8823529412 PRECISION:    0.9333333333 RECALL:    0.9444444444 F1SCORE:    0.9388560158
 50:1.8519  100:1.8519  150:1.8519  200:1.8519  250:1.8519  300:1.8519  350:1.8519  400:1.8519  450:1.8519  500:1.8519 TEST REPORT=>
CLASS[  0 (  6)] FAIL=16.67% 
CLASS[  1 (  4)] FAIL= 0.00% 
CLASS[  2 (  7)] FAIL= 0.00% 
GENERATION=  447 FITNESS=    -1.852% TEST_ERROR=     5.882%
PROGRAMS=
if(!(x2<(x13+sin((exp(((x13+sin((-93.4)))+(-46.9)))-x8+(x13-(-36.66))*x1)))|x7<x9&!(!(x5<x6|!(x9<=(-61.3)|x12<=sin(x2)))))) CLASS=0.00
else 
if(x3>=x10-x12*x7|x11>(x2/x7)) CLASS=1.00
else 
CLASS=2.00
** CONFUSION MATRIX ** Number of classes: 3
   5    1    0 
   0    4    0 
   0    0    7 
TEST REPORT=>
CLASS[  0 (  6)] FAIL=16.67% 
CLASS[  1 (  4)] FAIL= 0.00% 
CLASS[  2 (  7)] FAIL= 0.00% 
CLASS_ERROR:    5.8823529412 PRECISION:    0.9333333333 RECALL:    0.9444444444 F1SCORE:    0.9388560158
 50:1.8519  100:1.8519  150:1.8519  200:1.8519  250:1.8519  300:1.8519  350:1.8519  400:1.8519  450:1.8519  500:1.8519 TEST REPORT=>
CLASS[  0 (  6)] FAIL=16.67% 
CLASS[  1 (  4)] FAIL= 0.00% 
CLASS[  2 (  7)] FAIL= 0.00% 
GENERATION=  448 FITNESS=    -1.852% TEST_ERROR=     5.882%
PROGRAMS=
if(!(x2<(x13+sin((exp(((x13+sin((-93.4)))+(-46.9)))-x8+(x13-(-36.66))*x1)))|x7<x9&!(!(x5<x6|!(x9<=(-61.3)|x12<=sin(x2)))))) CLASS=0.00
else 
if(x3>=x10-x12*x7|x11>(x2/x7)) CLASS=1.00
else 
CLASS=2.00
** CONFUSION MATRIX ** Number of classes: 3
   5    1    0 
   0    4    0 
   0    0    7 
TEST REPORT=>
CLASS[  0 (  6)] FAIL=16.67% 
CLASS[  1 (  4)] FAIL= 0.00% 
CLASS[  2 (  7)] FAIL= 0.00% 
CLASS_ERROR:    5.8823529412 PRECISION:    0.9333333333 RECALL:    0.9444444444 F1SCORE:    0.9388560158
 50:1.8519  100:1.8519  150:1.8519  200:1.8519  250:1.8519  300:1.8519  350:1.8519  400:1.8519  450:1.8519  500:1.8519 TEST REPORT=>
CLASS[  0 (  6)] FAIL=16.67% 
CLASS[  1 (  4)] FAIL= 0.00% 
CLASS[  2 (  7)] FAIL= 0.00% 
GENERATION=  449 FITNESS=    -1.852% TEST_ERROR=     5.882%
PROGRAMS=
if(!(x2<(x13+sin((exp(((x13+sin((-93.4)))+(-46.9)))-x8+(x13-(-36.66))*x1)))|x7<x9&!(!(x5<x6|!(x9<=(-61.3)|x12<=sin(x2)))))) CLASS=0.00
else 
if(x3>=x10-x12*x7|x11>(x2/x7)) CLASS=1.00
else 
CLASS=2.00
** CONFUSION MATRIX ** Number of classes: 3
   5    1    0 
   0    4    0 
   0    0    7 
TEST REPORT=>
CLASS[  0 (  6)] FAIL=16.67% 
CLASS[  1 (  4)] FAIL= 0.00% 
CLASS[  2 (  7)] FAIL= 0.00% 
CLASS_ERROR:    5.8823529412 PRECISION:    0.9333333333 RECALL:    0.9444444444 F1SCORE:    0.9388560158
 50:1.8519  100:1.8519  150:1.8519  200:1.8519  250:1.8519  300:1.8519  350:1.8519  400:1.8519  450:1.8519  500:1.8519 TARGETED[0] START fitness=       -1.8518518519
TARGETED[0] END fitness=       -1.8518518519 accepted=0
TARGETED[13] START fitness=       -1.8518518519
TARGETED[13] END fitness=       -1.8518518519 accepted=0
TARGETED[495] START fitness=-100000000.0000000000
TARGETED[495] iter=6 type=BINARY_OPERATOR codonPos=26 codon=92->93 rule=0->1 fitness=-100000000.0000000000->      -43.8271604938
TARGETED[495] iter=8 type=BOOLEAN_OPERATOR codonPos=3 codon=7->8 rule=3->0 fitness=      -43.8271604938->      -40.1234567901
TARGETED[495] iter=18 type=VARIABLE codonPos=110 codon=22->21 rule=7->6 fitness=      -40.1234567901->      -38.2716049383
TARGETED[495] iter=25 type=UNKNOWN codonPos=31 codon=37->36 rule=1->0 fitness=      -38.2716049383->      -33.9506172840
TARGETED[495] iter=40 type=VARIABLE codonPos=101 codon=40->35 rule=10->5 fitness=      -33.9506172840->      -32.7160493827
TARGETED[495] END fitness=      -32.7160493827 accepted=5
TARGETED[154] START fitness=      -21.6049382716
TARGETED[154] iter=1 type=UNKNOWN codonPos=24 codon=92->95 rule=2->5 fitness=      -21.6049382716->      -17.9012345679
TARGETED[154] iter=2 type=UNKNOWN codonPos=32 codon=113->114 rule=3->4 fitness=      -17.9012345679->      -15.4320987654
TARGETED[154] iter=16 type=UNKNOWN codonPos=40 codon=18->15 rule=8->5 fitness=      -15.4320987654->      -14.1975308642
TARGETED[154] iter=27 type=VARIABLE codonPos=2 codon=130->127 rule=10->7 fitness=      -14.1975308642->       -9.2592592593
TARGETED[154] iter=29 type=UNKNOWN codonPos=32 codon=114->119 rule=4->9 fitness=       -9.2592592593->       -6.1728395062
TARGETED[154] iter=31 type=UNKNOWN codonPos=22 codon=65->64 rule=5->4 fitness=       -6.1728395062->       -5.5555555556
TARGETED[154] END fitness=       -5.5555555556 accepted=6
TARGETED[14] START fitness=       -1.8518518519
TARGETED[14] END fitness=       -1.8518518519 accepted=0
TARGETED[155] START fitness=      -23.4567901235
TARGETED[155] iter=1 type=VARIABLE codonPos=105 codon=189->185 rule=9->5 fitness=      -23.4567901235->       -8.0246913580
TARGETED[155] iter=9 type=VARIABLE codonPos=112 codon=235->230 rule=10->5 fitness=       -8.0246913580->       -7.4074074074
TARGETED[155] END fitness=       -7.4074074074 accepted=2
TARGETED[125] START fitness=       -6.1728395062
TARGETED[125] END fitness=       -6.1728395062 accepted=0
TARGETED[29] START fitness=       -1.8518518519
TARGETED[29] END fitness=       -1.8518518519 accepted=0
TARGETED[403] START fitness=-100000000.0000000000
TARGETED[403] iter=16 type=VARIABLE codonPos=16 codon=222->223 rule=12->13 fitness=-100000000.0000000000->      -32.7160493827
TARGETED[403] iter=31 type=VARIABLE codonPos=20 codon=197->191 rule=2->11 fitness=      -32.7160493827->      -31.4814814815
TARGETED[403] iter=47 type=BINARY_OPERATOR codonPos=22 codon=65->66 rule=1->2 fitness=      -31.4814814815->      -24.0740740741
TARGETED[403] END fitness=      -24.0740740741 accepted=3
TARGETED[33] START fitness=       -1.8518518519
TARGETED[33] END fitness=       -1.8518518519 accepted=0
TARGETED[349] START fitness=      -58.6419753086
TARGETED[349] iter=8 type=BINARY_OPERATOR codonPos=106 codon=13->14 rule=1->2 fitness=      -58.6419753086->      -48.1481481481
TARGETED[349] iter=24 type=VARIABLE codonPos=105 codon=189->195 rule=9->0 fitness=      -48.1481481481->      -35.1851851852
TARGETED[349] iter=49 type=VARIABLE codonPos=107 codon=41->46 rule=11->1 fitness=      -35.1851851852->      -34.5679012346
TARGETED[349] END fitness=      -34.5679012346 accepted=3
TARGETED[251] START fitness=      -32.7160493827
TARGETED[251] iter=42 type=FUNCTION codonPos=12 codon=88->89 rule=0->1 fitness=      -32.7160493827->       -1.8518518519
TARGETED[251] END fitness=       -1.8518518519 accepted=1
TARGETED[318] START fitness=      -43.8271604938
TARGETED[318] iter=2 type=VARIABLE codonPos=34 codon=71->74 rule=11->14 fitness=      -43.8271604938->      -35.1851851852
TARGETED[318] iter=14 type=VARIABLE codonPos=107 codon=41->38 rule=11->8 fitness=      -35.1851851852->      -34.5679012346
TARGETED[318] END fitness=      -34.5679012346 accepted=2
TARGETED[62] START fitness=       -1.8518518519
TARGETED[62] END fitness=       -1.8518518519 accepted=0
TARGETED[305] START fitness=      -40.7407407407
TARGETED[305] iter=2 type=VARIABLE codonPos=110 codon=231->232 rule=6->7 fitness=      -40.7407407407->      -27.7777777778
TARGETED[305] END fitness=      -27.7777777778 accepted=1
TARGETED[78] START fitness=       -1.8518518519
TARGETED[78] END fitness=       -1.8518518519 accepted=0
TARGETED[204] START fitness=      -32.7160493827
TARGETED[204] END fitness=      -32.7160493827 accepted=0
TARGETED[172] START fitness=      -27.7777777778
TARGETED[172] END fitness=      -27.7777777778 accepted=0
TARGETED[133] START fitness=       -7.4074074074
TARGETED[133] iter=28 type=UNKNOWN codonPos=29 codon=117->114 rule=7->4 fitness=       -7.4074074074->       -6.1728395062
TARGETED[133] END fitness=       -6.1728395062 accepted=1
TARGETED[210] START fitness=      -32.7160493827
TARGETED[210] END fitness=      -32.7160493827 accepted=0
TEST REPORT=>
CLASS[  0 (  6)] FAIL=16.67% 
CLASS[  1 (  4)] FAIL= 0.00% 
CLASS[  2 (  7)] FAIL= 0.00% 
GENERATION=  450 FITNESS=    -1.852% TEST_ERROR=     5.882%
PROGRAMS=
if(!(x2<(x13+sin((exp(((x13+sin((-93.4)))+(-46.9)))-x8+(x13-(-36.66))*x1)))|x7<x9&!(!(x5<x6|!(x9<=(-61.3)|x12<=sin(x2)))))) CLASS=0.00
else 
if(x3>=x10-x12*x7|x11>(x2/x7)) CLASS=1.00
else 
CLASS=2.00
** CONFUSION MATRIX ** Number of classes: 3
   5    1    0 
   0    4    0 
   0    0    7 
TEST REPORT=>
CLASS[  0 (  6)] FAIL=16.67% 
CLASS[  1 (  4)] FAIL= 0.00% 
CLASS[  2 (  7)] FAIL= 0.00% 
CLASS_ERROR:    5.8823529412 PRECISION:    0.9333333333 RECALL:    0.9444444444 F1SCORE:    0.9388560158
 50:1.8519  100:1.8519  150:1.8519  200:1.8519  250:1.8519  300:1.8519  350:1.8519  400:1.8519  450:1.8519  500:1.8519 TEST REPORT=>
CLASS[  0 (  6)] FAIL=16.67% 
CLASS[  1 (  4)] FAIL= 0.00% 
CLASS[  2 (  7)] FAIL= 0.00% 
GENERATION=  451 FITNESS=    -1.852% TEST_ERROR=     5.882%
PROGRAMS=
if(!(x2<(x13+sin((exp(((x13+sin((-93.4)))+(-46.9)))-x8+(x13-(-36.66))*x1)))|x7<x9&!(!(x5<x6|!(x9<=(-61.3)|x12<=sin(x2)))))) CLASS=0.00
else 
if(x3>=x10-x12*x7|x11>(x2/x7)) CLASS=1.00
else 
CLASS=2.00
** CONFUSION MATRIX ** Number of classes: 3
   5    1    0 
   0    4    0 
   0    0    7 
TEST REPORT=>
CLASS[  0 (  6)] FAIL=16.67% 
CLASS[  1 (  4)] FAIL= 0.00% 
CLASS[  2 (  7)] FAIL= 0.00% 
CLASS_ERROR:    5.8823529412 PRECISION:    0.9333333333 RECALL:    0.9444444444 F1SCORE:    0.9388560158
 50:1.8519  100:1.8519  150:1.8519  200:1.8519  250:1.8519  300:1.8519  350:1.8519  400:1.8519  450:1.8519  500:1.8519 
TARGETED STAGNATION BURST generation=452 stagnation=20
TARGETED_BEST[0] START fitness=-1.8518518519
TARGETED_BEST[0] END fitness=-1.8518518519 accepted=0
TARGETED_BEST[1] START fitness=-1.8518518519
TARGETED_BEST[1] END fitness=-1.8518518519 accepted=0
TARGETED_BEST[2] START fitness=-1.8518518519
TARGETED_BEST[2] END fitness=-1.8518518519 accepted=0
TARGETED_BEST[3] START fitness=-1.8518518519
TARGETED_BEST[3] END fitness=-1.8518518519 accepted=0
TARGETED_BEST[4] START fitness=-1.8518518519
TARGETED_BEST[4] END fitness=-1.8518518519 accepted=0
TARGETED_BEST[5] START fitness=-1.8518518519
TARGETED_BEST[5] END fitness=-1.8518518519 accepted=0
TARGETED_BEST[6] START fitness=-1.8518518519
TARGETED_BEST[6] END fitness=-1.8518518519 accepted=0
TARGETED_BEST[7] START fitness=-1.8518518519
TARGETED_BEST[7] END fitness=-1.8518518519 accepted=0
TARGETED_BEST[8] START fitness=-1.8518518519
TARGETED_BEST[8] END fitness=-1.8518518519 accepted=0
TARGETED_BEST[9] START fitness=-1.8518518519
TARGETED_BEST[9] END fitness=-1.8518518519 accepted=0
TARGETED_BEST[10] START fitness=-1.8518518519
TARGETED_BEST[10] iter=1 type=VARIABLE codon=47 rule=0->7 fitness=-1.8518518519->-1.2345679012
TARGETED_BEST[10] END fitness=-1.2345679012 accepted=1
TARGETED_BEST[11] START fitness=-1.8518518519
TARGETED_BEST[11] END fitness=-1.8518518519 accepted=0
TARGETED_BEST[12] START fitness=-1.8518518519
TARGETED_BEST[12] END fitness=-1.8518518519 accepted=0
TARGETED_BEST[13] START fitness=-1.8518518519
TARGETED_BEST[13] END fitness=-1.8518518519 accepted=0
TARGETED_BEST[14] START fitness=-1.8518518519
TARGETED_BEST[14] END fitness=-1.8518518519 accepted=0
TARGETED_BEST[15] START fitness=-1.8518518519
TARGETED_BEST[15] END fitness=-1.8518518519 accepted=0
TARGETED_BEST[16] START fitness=-1.8518518519
TARGETED_BEST[16] END fitness=-1.8518518519 accepted=0
TARGETED_BEST[17] START fitness=-1.8518518519
TARGETED_BEST[17] END fitness=-1.8518518519 accepted=0
TARGETED_BEST[18] START fitness=-1.8518518519
TARGETED_BEST[18] END fitness=-1.8518518519 accepted=0
TARGETED_BEST[19] START fitness=-1.8518518519
TARGETED_BEST[19] END fitness=-1.8518518519 accepted=0
TEST REPORT=>
CLASS[  0 (  6)] FAIL=16.67% 
CLASS[  1 (  4)] FAIL=25.00% 
CLASS[  2 (  7)] FAIL= 0.00% 
GENERATION=  452 FITNESS=    -1.235% TEST_ERROR=     11.76%
PROGRAMS=
if(!(x7<(x1+sin((exp(((x13+sin((-5.49)))+(-44.81)))/(-9.94))))|x7<x9|x8<=cos((cos((-1.25))+x2)))) CLASS=0.00
else 
if(x6>=x10-x12|x7+x11>x3) CLASS=1.00
else 
CLASS=2.00
** CONFUSION MATRIX ** Number of classes: 3
   5    1    0 
   0    3    1 
   0    0    7 
TEST REPORT=>
CLASS[  0 (  6)] FAIL=16.67% 
CLASS[  1 (  4)] FAIL=25.00% 
CLASS[  2 (  7)] FAIL= 0.00% 
CLASS_ERROR:   11.7647058824 PRECISION:    0.8750000000 RECALL:    0.8611111111 F1SCORE:    0.8680000000
 50:1.2346  100:1.2346  150:1.2346  200:1.2346  250:1.2346  300:1.2346  350:1.2346  400:1.2346  450:1.2346  500:1.2346 TEST REPORT=>
CLASS[  0 (  6)] FAIL=16.67% 
CLASS[  1 (  4)] FAIL=25.00% 
CLASS[  2 (  7)] FAIL= 0.00% 
GENERATION=  453 FITNESS=    -1.235% TEST_ERROR=     11.76%
PROGRAMS=
if(!(x7<(x1+sin((exp(((x13+sin((-5.49)))+(-44.81)))/(-9.94))))|x7<x9|x8<=cos((cos((-1.25))+x2)))) CLASS=0.00
else 
if(x6>=x10-x12|x7+x11>x3) CLASS=1.00
else 
CLASS=2.00
** CONFUSION MATRIX ** Number of classes: 3
   5    1    0 
   0    3    1 
   0    0    7 
TEST REPORT=>
CLASS[  0 (  6)] FAIL=16.67% 
CLASS[  1 (  4)] FAIL=25.00% 
CLASS[  2 (  7)] FAIL= 0.00% 
CLASS_ERROR:   11.7647058824 PRECISION:    0.8750000000 RECALL:    0.8611111111 F1SCORE:    0.8680000000
 50:1.2346  100:1.2346  150:1.2346  200:1.2346  250:1.2346  300:1.2346  350:1.2346  400:1.2346  450:1.2346  500:1.2346 TEST REPORT=>
CLASS[  0 (  6)] FAIL=16.67% 
CLASS[  1 (  4)] FAIL=25.00% 
CLASS[  2 (  7)] FAIL= 0.00% 
GENERATION=  454 FITNESS=    -1.235% TEST_ERROR=     11.76%
PROGRAMS=
if(!(x7<(x1+sin((exp(((x13+sin((-5.49)))+(-44.81)))/(-9.94))))|x7<x9|x8<=cos((cos((-1.25))+x2)))) CLASS=0.00
else 
if(x6>=x10-x12|x7+x11>x3) CLASS=1.00
else 
CLASS=2.00
** CONFUSION MATRIX ** Number of classes: 3
   5    1    0 
   0    3    1 
   0    0    7 
TEST REPORT=>
CLASS[  0 (  6)] FAIL=16.67% 
CLASS[  1 (  4)] FAIL=25.00% 
CLASS[  2 (  7)] FAIL= 0.00% 
CLASS_ERROR:   11.7647058824 PRECISION:    0.8750000000 RECALL:    0.8611111111 F1SCORE:    0.8680000000
 50:1.2346  100:1.2346  150:1.2346  200:1.2346  250:1.2346  300:1.2346  350:1.2346  400:1.2346  450:1.2346  500:1.2346 TEST REPORT=>
CLASS[  0 (  6)] FAIL=16.67% 
CLASS[  1 (  4)] FAIL=25.00% 
CLASS[  2 (  7)] FAIL= 0.00% 
GENERATION=  455 FITNESS=    -1.235% TEST_ERROR=     11.76%
PROGRAMS=
if(!(x7<(x1+sin((exp(((x13+sin((-5.49)))+(-44.81)))/(-9.94))))|x7<x9|x8<=cos((cos((-1.25))+x2)))) CLASS=0.00
else 
if(x6>=x10-x12|x7+x11>x3) CLASS=1.00
else 
CLASS=2.00
** CONFUSION MATRIX ** Number of classes: 3
   5    1    0 
   0    3    1 
   0    0    7 
TEST REPORT=>
CLASS[  0 (  6)] FAIL=16.67% 
CLASS[  1 (  4)] FAIL=25.00% 
CLASS[  2 (  7)] FAIL= 0.00% 
CLASS_ERROR:   11.7647058824 PRECISION:    0.8750000000 RECALL:    0.8611111111 F1SCORE:    0.8680000000
 50:1.2346  100:1.2346  150:1.2346  200:1.2346  250:1.2346  300:1.2346  350:1.2346  400:1.2346  450:1.2346  500:1.2346 TEST REPORT=>
CLASS[  0 (  6)] FAIL=16.67% 
CLASS[  1 (  4)] FAIL=25.00% 
CLASS[  2 (  7)] FAIL= 0.00% 
GENERATION=  456 FITNESS=    -1.235% TEST_ERROR=     11.76%
PROGRAMS=
if(!(x7<(x1+sin((exp(((x13+sin((-5.49)))+(-44.81)))/(-9.94))))|x7<x9|x8<=cos((cos((-1.25))+x2)))) CLASS=0.00
else 
if(x6>=x10-x12|x7+x11>x3) CLASS=1.00
else 
CLASS=2.00
** CONFUSION MATRIX ** Number of classes: 3
   5    1    0 
   0    3    1 
   0    0    7 
TEST REPORT=>
CLASS[  0 (  6)] FAIL=16.67% 
CLASS[  1 (  4)] FAIL=25.00% 
CLASS[  2 (  7)] FAIL= 0.00% 
CLASS_ERROR:   11.7647058824 PRECISION:    0.8750000000 RECALL:    0.8611111111 F1SCORE:    0.8680000000
 50:1.2346  100:1.2346  150:1.2346  200:1.2346  250:1.2346  300:1.2346  350:1.2346  400:1.2346  450:1.2346  500:1.2346 TEST REPORT=>
CLASS[  0 (  6)] FAIL=16.67% 
CLASS[  1 (  4)] FAIL=25.00% 
CLASS[  2 (  7)] FAIL= 0.00% 
GENERATION=  457 FITNESS=    -1.235% TEST_ERROR=     11.76%
PROGRAMS=
if(!(x7<(x1+sin((exp(((x13+sin((-5.49)))+(-44.81)))/(-9.94))))|x7<x9|x8<=cos((cos((-1.25))+x2)))) CLASS=0.00
else 
if(x6>=x10-x12|x7+x11>x3) CLASS=1.00
else 
CLASS=2.00
** CONFUSION MATRIX ** Number of classes: 3
   5    1    0 
   0    3    1 
   0    0    7 
TEST REPORT=>
CLASS[  0 (  6)] FAIL=16.67% 
CLASS[  1 (  4)] FAIL=25.00% 
CLASS[  2 (  7)] FAIL= 0.00% 
CLASS_ERROR:   11.7647058824 PRECISION:    0.8750000000 RECALL:    0.8611111111 F1SCORE:    0.8680000000
 50:1.2346  100:1.2346  150:1.2346  200:1.2346  250:1.2346  300:1.2346  350:1.2346  400:1.2346  450:1.2346  500:1.2346 TEST REPORT=>
CLASS[  0 (  6)] FAIL=16.67% 
CLASS[  1 (  4)] FAIL=25.00% 
CLASS[  2 (  7)] FAIL= 0.00% 
GENERATION=  458 FITNESS=    -1.235% TEST_ERROR=     11.76%
PROGRAMS=
if(!(x7<(x1+sin((exp(((x13+sin((-5.49)))+(-44.81)))/(-9.94))))|x7<x9|x8<=cos((cos((-1.25))+x2)))) CLASS=0.00
else 
if(x6>=x10-x12|x7+x11>x3) CLASS=1.00
else 
CLASS=2.00
** CONFUSION MATRIX ** Number of classes: 3
   5    1    0 
   0    3    1 
   0    0    7 
TEST REPORT=>
CLASS[  0 (  6)] FAIL=16.67% 
CLASS[  1 (  4)] FAIL=25.00% 
CLASS[  2 (  7)] FAIL= 0.00% 
CLASS_ERROR:   11.7647058824 PRECISION:    0.8750000000 RECALL:    0.8611111111 F1SCORE:    0.8680000000
 50:1.2346  100:1.2346  150:1.2346  200:1.2346  250:1.2346  300:1.2346  350:1.2346  400:1.2346  450:1.2346  500:1.2346 TEST REPORT=>
CLASS[  0 (  6)] FAIL=16.67% 
CLASS[  1 (  4)] FAIL=25.00% 
CLASS[  2 (  7)] FAIL= 0.00% 
GENERATION=  459 FITNESS=    -1.235% TEST_ERROR=     11.76%
PROGRAMS=
if(!(x7<(x1+sin((exp(((x13+sin((-5.49)))+(-44.81)))/(-9.94))))|x7<x9|x8<=cos((cos((-1.25))+x2)))) CLASS=0.00
else 
if(x6>=x10-x12|x7+x11>x3) CLASS=1.00
else 
CLASS=2.00
** CONFUSION MATRIX ** Number of classes: 3
   5    1    0 
   0    3    1 
   0    0    7 
TEST REPORT=>
CLASS[  0 (  6)] FAIL=16.67% 
CLASS[  1 (  4)] FAIL=25.00% 
CLASS[  2 (  7)] FAIL= 0.00% 
CLASS_ERROR:   11.7647058824 PRECISION:    0.8750000000 RECALL:    0.8611111111 F1SCORE:    0.8680000000
 50:1.2346  100:1.2346  150:1.2346  200:1.2346  250:1.2346  300:1.2346  350:1.2346  400:1.2346  450:1.2346  500:1.2346 TEST REPORT=>
CLASS[  0 (  6)] FAIL=16.67% 
CLASS[  1 (  4)] FAIL=25.00% 
CLASS[  2 (  7)] FAIL= 0.00% 
GENERATION=  460 FITNESS=    -1.235% TEST_ERROR=     11.76%
PROGRAMS=
if(!(x7<(x1+sin((exp(((x13+sin((-5.49)))+(-44.81)))/(-9.94))))|x7<x9|x8<=cos((cos((-1.25))+x2)))) CLASS=0.00
else 
if(x6>=x10-x12|x7+x11>x3) CLASS=1.00
else 
CLASS=2.00
** CONFUSION MATRIX ** Number of classes: 3
   5    1    0 
   0    3    1 
   0    0    7 
TEST REPORT=>
CLASS[  0 (  6)] FAIL=16.67% 
CLASS[  1 (  4)] FAIL=25.00% 
CLASS[  2 (  7)] FAIL= 0.00% 
CLASS_ERROR:   11.7647058824 PRECISION:    0.8750000000 RECALL:    0.8611111111 F1SCORE:    0.8680000000
 50:1.2346  100:1.2346  150:1.2346  200:1.2346  250:1.2346  300:1.2346  350:1.2346  400:1.2346  450:1.2346  500:1.2346 TEST REPORT=>
CLASS[  0 (  6)] FAIL=16.67% 
CLASS[  1 (  4)] FAIL=25.00% 
CLASS[  2 (  7)] FAIL= 0.00% 
GENERATION=  461 FITNESS=    -1.235% TEST_ERROR=     11.76%
PROGRAMS=
if(!(x7<(x1+sin((exp(((x13+sin((-5.49)))+(-44.81)))/(-9.94))))|x7<x9|x8<=cos((cos((-1.25))+x2)))) CLASS=0.00
else 
if(x6>=x10-x12|x7+x11>x3) CLASS=1.00
else 
CLASS=2.00
** CONFUSION MATRIX ** Number of classes: 3
   5    1    0 
   0    3    1 
   0    0    7 
TEST REPORT=>
CLASS[  0 (  6)] FAIL=16.67% 
CLASS[  1 (  4)] FAIL=25.00% 
CLASS[  2 (  7)] FAIL= 0.00% 
CLASS_ERROR:   11.7647058824 PRECISION:    0.8750000000 RECALL:    0.8611111111 F1SCORE:    0.8680000000
 50:1.2346  100:1.2346  150:1.2346  200:1.2346  250:1.2346  300:1.2346  350:1.2346  400:1.2346  450:1.2346  500:1.2346 TEST REPORT=>
CLASS[  0 (  6)] FAIL=16.67% 
CLASS[  1 (  4)] FAIL=25.00% 
CLASS[  2 (  7)] FAIL= 0.00% 
GENERATION=  462 FITNESS=    -1.235% TEST_ERROR=     11.76%
PROGRAMS=
if(!(x7<(x1+sin((exp(((x13+sin((-5.49)))+(-44.81)))/(-9.94))))|x7<x9|x8<=cos((cos((-1.25))+x2)))) CLASS=0.00
else 
if(x6>=x10-x12|x7+x11>x3) CLASS=1.00
else 
CLASS=2.00
** CONFUSION MATRIX ** Number of classes: 3
   5    1    0 
   0    3    1 
   0    0    7 
TEST REPORT=>
CLASS[  0 (  6)] FAIL=16.67% 
CLASS[  1 (  4)] FAIL=25.00% 
CLASS[  2 (  7)] FAIL= 0.00% 
CLASS_ERROR:   11.7647058824 PRECISION:    0.8750000000 RECALL:    0.8611111111 F1SCORE:    0.8680000000
 50:1.2346  100:1.2346  150:1.2346  200:1.2346  250:1.2346  300:1.2346  350:1.2346  400:1.2346  450:1.2346  500:1.2346 TEST REPORT=>
CLASS[  0 (  6)] FAIL=16.67% 
CLASS[  1 (  4)] FAIL=25.00% 
CLASS[  2 (  7)] FAIL= 0.00% 
GENERATION=  463 FITNESS=    -1.235% TEST_ERROR=     11.76%
PROGRAMS=
if(!(x7<(x1+sin((exp(((x13+sin((-5.49)))+(-44.81)))/(-9.94))))|x7<x9|x8<=cos((cos((-1.25))+x2)))) CLASS=0.00
else 
if(x6>=x10-x12|x7+x11>x3) CLASS=1.00
else 
CLASS=2.00
** CONFUSION MATRIX ** Number of classes: 3
   5    1    0 
   0    3    1 
   0    0    7 
TEST REPORT=>
CLASS[  0 (  6)] FAIL=16.67% 
CLASS[  1 (  4)] FAIL=25.00% 
CLASS[  2 (  7)] FAIL= 0.00% 
CLASS_ERROR:   11.7647058824 PRECISION:    0.8750000000 RECALL:    0.8611111111 F1SCORE:    0.8680000000
 50:1.2346  100:1.2346  150:1.2346  200:1.2346  250:1.2346  300:1.2346  350:1.2346  400:1.2346  450:1.2346  500:1.2346 TEST REPORT=>
CLASS[  0 (  6)] FAIL=16.67% 
CLASS[  1 (  4)] FAIL=25.00% 
CLASS[  2 (  7)] FAIL= 0.00% 
GENERATION=  464 FITNESS=    -1.235% TEST_ERROR=     11.76%
PROGRAMS=
if(!(x7<(x1+sin((exp(((x13+sin((-5.49)))+(-44.81)))/(-9.94))))|x7<x9|x8<=cos((cos((-1.25))+x2)))) CLASS=0.00
else 
if(x6>=x10-x12|x7+x11>x3) CLASS=1.00
else 
CLASS=2.00
** CONFUSION MATRIX ** Number of classes: 3
   5    1    0 
   0    3    1 
   0    0    7 
TEST REPORT=>
CLASS[  0 (  6)] FAIL=16.67% 
CLASS[  1 (  4)] FAIL=25.00% 
CLASS[  2 (  7)] FAIL= 0.00% 
CLASS_ERROR:   11.7647058824 PRECISION:    0.8750000000 RECALL:    0.8611111111 F1SCORE:    0.8680000000
 50:1.2346  100:1.2346  150:1.2346  200:1.2346  250:1.2346  300:1.2346  350:1.2346  400:1.2346  450:1.2346  500:1.2346 TEST REPORT=>
CLASS[  0 (  6)] FAIL=16.67% 
CLASS[  1 (  4)] FAIL=25.00% 
CLASS[  2 (  7)] FAIL= 0.00% 
GENERATION=  465 FITNESS=    -1.235% TEST_ERROR=     11.76%
PROGRAMS=
if(!(x7<(x1+sin((exp(((x13+sin((-5.49)))+(-44.81)))/(-9.94))))|x7<x9|x8<=cos((cos((-1.25))+x2)))) CLASS=0.00
else 
if(x6>=x10-x12|x7+x11>x3) CLASS=1.00
else 
CLASS=2.00
** CONFUSION MATRIX ** Number of classes: 3
   5    1    0 
   0    3    1 
   0    0    7 
TEST REPORT=>
CLASS[  0 (  6)] FAIL=16.67% 
CLASS[  1 (  4)] FAIL=25.00% 
CLASS[  2 (  7)] FAIL= 0.00% 
CLASS_ERROR:   11.7647058824 PRECISION:    0.8750000000 RECALL:    0.8611111111 F1SCORE:    0.8680000000
 50:1.2346  100:1.2346  150:1.2346  200:1.2346  250:1.2346  300:1.2346  350:1.2346  400:1.2346  450:1.2346  500:1.2346 TEST REPORT=>
CLASS[  0 (  6)] FAIL=16.67% 
CLASS[  1 (  4)] FAIL=25.00% 
CLASS[  2 (  7)] FAIL= 0.00% 
GENERATION=  466 FITNESS=    -1.235% TEST_ERROR=     11.76%
PROGRAMS=
if(!(x7<(x1+sin((exp(((x13+sin((-5.49)))+(-44.81)))/(-9.94))))|x7<x9|x8<=cos((cos((-1.25))+x2)))) CLASS=0.00
else 
if(x6>=x10-x12|x7+x11>x3) CLASS=1.00
else 
CLASS=2.00
** CONFUSION MATRIX ** Number of classes: 3
   5    1    0 
   0    3    1 
   0    0    7 
TEST REPORT=>
CLASS[  0 (  6)] FAIL=16.67% 
CLASS[  1 (  4)] FAIL=25.00% 
CLASS[  2 (  7)] FAIL= 0.00% 
CLASS_ERROR:   11.7647058824 PRECISION:    0.8750000000 RECALL:    0.8611111111 F1SCORE:    0.8680000000
 50:1.2346  100:1.2346  150:1.2346  200:1.2346  250:1.2346  300:1.2346  350:1.2346  400:1.2346  450:1.2346  500:1.2346 TEST REPORT=>
CLASS[  0 (  6)] FAIL=16.67% 
CLASS[  1 (  4)] FAIL=25.00% 
CLASS[  2 (  7)] FAIL= 0.00% 
GENERATION=  467 FITNESS=    -1.235% TEST_ERROR=     11.76%
PROGRAMS=
if(!(x7<(x1+sin((exp(((x13+sin((-5.49)))+(-44.81)))/(-9.94))))|x7<x9|x8<=cos((cos((-1.25))+x2)))) CLASS=0.00
else 
if(x6>=x10-x12|x7+x11>x3) CLASS=1.00
else 
CLASS=2.00
** CONFUSION MATRIX ** Number of classes: 3
   5    1    0 
   0    3    1 
   0    0    7 
TEST REPORT=>
CLASS[  0 (  6)] FAIL=16.67% 
CLASS[  1 (  4)] FAIL=25.00% 
CLASS[  2 (  7)] FAIL= 0.00% 
CLASS_ERROR:   11.7647058824 PRECISION:    0.8750000000 RECALL:    0.8611111111 F1SCORE:    0.8680000000
 50:1.2346  100:1.2346  150:1.2346  200:1.2346  250:1.2346  300:1.2346  350:1.2346  400:1.2346  450:1.2346  500:1.2346 TEST REPORT=>
CLASS[  0 (  6)] FAIL=16.67% 
CLASS[  1 (  4)] FAIL=25.00% 
CLASS[  2 (  7)] FAIL= 0.00% 
GENERATION=  468 FITNESS=    -1.235% TEST_ERROR=     11.76%
PROGRAMS=
if(!(x7<(x1+sin((exp(((x13+sin((-5.49)))+(-44.81)))/(-9.94))))|x7<x9|x8<=cos((cos((-1.25))+x2)))) CLASS=0.00
else 
if(x6>=x10-x12|x7+x11>x3) CLASS=1.00
else 
CLASS=2.00
** CONFUSION MATRIX ** Number of classes: 3
   5    1    0 
   0    3    1 
   0    0    7 
TEST REPORT=>
CLASS[  0 (  6)] FAIL=16.67% 
CLASS[  1 (  4)] FAIL=25.00% 
CLASS[  2 (  7)] FAIL= 0.00% 
CLASS_ERROR:   11.7647058824 PRECISION:    0.8750000000 RECALL:    0.8611111111 F1SCORE:    0.8680000000
 50:1.2346  100:1.2346  150:1.2346  200:1.2346  250:1.2346  300:1.2346  350:1.2346  400:1.2346  450:1.2346  500:1.2346 TEST REPORT=>
CLASS[  0 (  6)] FAIL=16.67% 
CLASS[  1 (  4)] FAIL=25.00% 
CLASS[  2 (  7)] FAIL= 0.00% 
GENERATION=  469 FITNESS=    -1.235% TEST_ERROR=     11.76%
PROGRAMS=
if(!(x7<(x1+sin((exp(((x13+sin((-5.49)))+(-44.81)))/(-9.94))))|x7<x9|x8<=cos((cos((-1.25))+x2)))) CLASS=0.00
else 
if(x6>=x10-x12|x7+x11>x3) CLASS=1.00
else 
CLASS=2.00
** CONFUSION MATRIX ** Number of classes: 3
   5    1    0 
   0    3    1 
   0    0    7 
TEST REPORT=>
CLASS[  0 (  6)] FAIL=16.67% 
CLASS[  1 (  4)] FAIL=25.00% 
CLASS[  2 (  7)] FAIL= 0.00% 
CLASS_ERROR:   11.7647058824 PRECISION:    0.8750000000 RECALL:    0.8611111111 F1SCORE:    0.8680000000
 50:1.2346  100:1.2346  150:1.2346  200:1.2346  250:1.2346  300:1.2346  350:1.2346  400:1.2346  450:1.2346  500:1.2346 TEST REPORT=>
CLASS[  0 (  6)] FAIL=16.67% 
CLASS[  1 (  4)] FAIL=25.00% 
CLASS[  2 (  7)] FAIL= 0.00% 
GENERATION=  470 FITNESS=    -1.235% TEST_ERROR=     11.76%
PROGRAMS=
if(!(x7<(x1+sin((exp(((x13+sin((-5.49)))+(-44.81)))/(-9.94))))|x7<x9|x8<=cos((cos((-1.25))+x2)))) CLASS=0.00
else 
if(x6>=x10-x12|x7+x11>x3) CLASS=1.00
else 
CLASS=2.00
** CONFUSION MATRIX ** Number of classes: 3
   5    1    0 
   0    3    1 
   0    0    7 
TEST REPORT=>
CLASS[  0 (  6)] FAIL=16.67% 
CLASS[  1 (  4)] FAIL=25.00% 
CLASS[  2 (  7)] FAIL= 0.00% 
CLASS_ERROR:   11.7647058824 PRECISION:    0.8750000000 RECALL:    0.8611111111 F1SCORE:    0.8680000000
 50:1.2346  100:1.2346  150:1.2346  200:1.2346  250:1.2346  300:1.2346  350:1.2346  400:1.2346  450:1.2346  500:1.2346 TEST REPORT=>
CLASS[  0 (  6)] FAIL=16.67% 
CLASS[  1 (  4)] FAIL=25.00% 
CLASS[  2 (  7)] FAIL= 0.00% 
GENERATION=  471 FITNESS=    -1.235% TEST_ERROR=     11.76%
PROGRAMS=
if(!(x7<(x1+sin((exp(((x13+sin((-5.49)))+(-44.81)))/(-9.94))))|x7<x9|x8<=cos((cos((-1.25))+x2)))) CLASS=0.00
else 
if(x6>=x10-x12|x7+x11>x3) CLASS=1.00
else 
CLASS=2.00
** CONFUSION MATRIX ** Number of classes: 3
   5    1    0 
   0    3    1 
   0    0    7 
TEST REPORT=>
CLASS[  0 (  6)] FAIL=16.67% 
CLASS[  1 (  4)] FAIL=25.00% 
CLASS[  2 (  7)] FAIL= 0.00% 
CLASS_ERROR:   11.7647058824 PRECISION:    0.8750000000 RECALL:    0.8611111111 F1SCORE:    0.8680000000
 50:1.2346  100:1.2346  150:1.2346  200:1.2346  250:1.2346  300:1.2346  350:1.2346  400:1.2346  450:1.2346  500:1.2346 
TARGETED STAGNATION BURST generation=472 stagnation=20
TARGETED_BEST[0] START fitness=-1.2345679012
TARGETED_BEST[0] END fitness=-1.2345679012 accepted=0
TARGETED_BEST[1] START fitness=-1.2345679012
TARGETED_BEST[1] END fitness=-1.2345679012 accepted=0
TARGETED_BEST[2] START fitness=-1.2345679012
TARGETED_BEST[2] END fitness=-1.2345679012 accepted=0
TARGETED_BEST[3] START fitness=-1.2345679012
TARGETED_BEST[3] END fitness=-1.2345679012 accepted=0
TARGETED_BEST[4] START fitness=-1.2345679012
TARGETED_BEST[4] END fitness=-1.2345679012 accepted=0
TARGETED_BEST[5] START fitness=-1.2345679012
TARGETED_BEST[5] END fitness=-1.2345679012 accepted=0
TARGETED_BEST[6] START fitness=-1.2345679012
TARGETED_BEST[6] END fitness=-1.2345679012 accepted=0
TARGETED_BEST[7] START fitness=-1.2345679012
TARGETED_BEST[7] END fitness=-1.2345679012 accepted=0
TARGETED_BEST[8] START fitness=-1.2345679012
TARGETED_BEST[8] END fitness=-1.2345679012 accepted=0
TARGETED_BEST[9] START fitness=-1.2345679012
TARGETED_BEST[9] END fitness=-1.2345679012 accepted=0
TARGETED_BEST[10] START fitness=-1.2345679012
TARGETED_BEST[10] END fitness=-1.2345679012 accepted=0
TARGETED_BEST[11] START fitness=-1.2345679012
TARGETED_BEST[11] END fitness=-1.2345679012 accepted=0
TARGETED_BEST[12] START fitness=-1.2345679012
TARGETED_BEST[12] END fitness=-1.2345679012 accepted=0
TARGETED_BEST[13] START fitness=-1.2345679012
TARGETED_BEST[13] END fitness=-1.2345679012 accepted=0
TARGETED_BEST[14] START fitness=-1.2345679012
TARGETED_BEST[14] END fitness=-1.2345679012 accepted=0
TARGETED_BEST[15] START fitness=-1.2345679012
TARGETED_BEST[15] END fitness=-1.2345679012 accepted=0
TARGETED_BEST[16] START fitness=-1.2345679012
TARGETED_BEST[16] END fitness=-1.2345679012 accepted=0
TARGETED_BEST[17] START fitness=-1.2345679012
TARGETED_BEST[17] END fitness=-1.2345679012 accepted=0
TARGETED_BEST[18] START fitness=-1.2345679012
TARGETED_BEST[18] END fitness=-1.2345679012 accepted=0
TARGETED_BEST[19] START fitness=-1.2345679012
TARGETED_BEST[19] END fitness=-1.2345679012 accepted=0
TEST REPORT=>
CLASS[  0 (  6)] FAIL=16.67% 
CLASS[  1 (  4)] FAIL=25.00% 
CLASS[  2 (  7)] FAIL= 0.00% 
GENERATION=  472 FITNESS=    -1.235% TEST_ERROR=     11.76%
PROGRAMS=
if(!(x7<(x1+sin((exp(((x13+sin((-5.49)))+(-44.81)))/(-9.94))))|x7<x9|x8<=cos((cos((-1.25))+x2)))) CLASS=0.00
else 
if(x6>=x10-x12|x7+x11>x3) CLASS=1.00
else 
CLASS=2.00
** CONFUSION MATRIX ** Number of classes: 3
   5    1    0 
   0    3    1 
   0    0    7 
TEST REPORT=>
CLASS[  0 (  6)] FAIL=16.67% 
CLASS[  1 (  4)] FAIL=25.00% 
CLASS[  2 (  7)] FAIL= 0.00% 
CLASS_ERROR:   11.7647058824 PRECISION:    0.8750000000 RECALL:    0.8611111111 F1SCORE:    0.8680000000
 50:1.2346  100:1.2346  150:1.2346  200:1.2346  250:1.2346  300:1.2346  350:1.2346  400:1.2346  450:1.2346  500:1.2346 TEST REPORT=>
CLASS[  0 (  6)] FAIL=16.67% 
CLASS[  1 (  4)] FAIL=25.00% 
CLASS[  2 (  7)] FAIL= 0.00% 
GENERATION=  473 FITNESS=    -1.235% TEST_ERROR=     11.76%
PROGRAMS=
if(!(x7<(x1+sin((exp(((x13+sin((-5.49)))+(-44.81)))/(-9.94))))|x7<x9|x8<=cos((cos((-1.25))+x2)))) CLASS=0.00
else 
if(x6>=x10-x12|x7+x11>x3) CLASS=1.00
else 
CLASS=2.00
** CONFUSION MATRIX ** Number of classes: 3
   5    1    0 
   0    3    1 
   0    0    7 
TEST REPORT=>
CLASS[  0 (  6)] FAIL=16.67% 
CLASS[  1 (  4)] FAIL=25.00% 
CLASS[  2 (  7)] FAIL= 0.00% 
CLASS_ERROR:   11.7647058824 PRECISION:    0.8750000000 RECALL:    0.8611111111 F1SCORE:    0.8680000000
 50:1.2346  100:1.2346  150:1.2346  200:1.2346  250:1.2346  300:1.2346  350:1.2346  400:1.2346  450:1.2346  500:1.2346 TEST REPORT=>
CLASS[  0 (  6)] FAIL=16.67% 
CLASS[  1 (  4)] FAIL=25.00% 
CLASS[  2 (  7)] FAIL= 0.00% 
GENERATION=  474 FITNESS=    -1.235% TEST_ERROR=     11.76%
PROGRAMS=
if(!(x7<(x1+sin((exp(((x13+sin((-5.49)))+(-44.81)))/(-9.94))))|x7<x9|x8<=cos((cos((-1.25))+x2)))) CLASS=0.00
else 
if(x6>=x10-x12|x7+x11>x3) CLASS=1.00
else 
CLASS=2.00
** CONFUSION MATRIX ** Number of classes: 3
   5    1    0 
   0    3    1 
   0    0    7 
TEST REPORT=>
CLASS[  0 (  6)] FAIL=16.67% 
CLASS[  1 (  4)] FAIL=25.00% 
CLASS[  2 (  7)] FAIL= 0.00% 
CLASS_ERROR:   11.7647058824 PRECISION:    0.8750000000 RECALL:    0.8611111111 F1SCORE:    0.8680000000
 50:1.2346  100:1.2346  150:1.2346  200:1.2346  250:1.2346  300:1.2346  350:1.2346  400:1.2346  450:1.2346  500:1.2346 TEST REPORT=>
CLASS[  0 (  6)] FAIL=16.67% 
CLASS[  1 (  4)] FAIL=25.00% 
CLASS[  2 (  7)] FAIL= 0.00% 
GENERATION=  475 FITNESS=    -1.235% TEST_ERROR=     11.76%
PROGRAMS=
if(!(x7<(x1+sin((exp(((x13+sin((-5.49)))+(-44.81)))/(-9.94))))|x7<x9|x8<=cos((cos((-1.25))+x2)))) CLASS=0.00
else 
if(x6>=x10-x12|x7+x11>x3) CLASS=1.00
else 
CLASS=2.00
** CONFUSION MATRIX ** Number of classes: 3
   5    1    0 
   0    3    1 
   0    0    7 
TEST REPORT=>
CLASS[  0 (  6)] FAIL=16.67% 
CLASS[  1 (  4)] FAIL=25.00% 
CLASS[  2 (  7)] FAIL= 0.00% 
CLASS_ERROR:   11.7647058824 PRECISION:    0.8750000000 RECALL:    0.8611111111 F1SCORE:    0.8680000000
 50:1.2346  100:1.2346  150:1.2346  200:1.2346  250:1.2346  300:1.2346  350:1.2346  400:1.2346  450:1.2346  500:1.2346 TEST REPORT=>
CLASS[  0 (  6)] FAIL=16.67% 
CLASS[  1 (  4)] FAIL=25.00% 
CLASS[  2 (  7)] FAIL= 0.00% 
GENERATION=  476 FITNESS=    -1.235% TEST_ERROR=     11.76%
PROGRAMS=
if(!(x7<(x1+sin((exp(((x13+sin((-5.49)))+(-44.81)))/(-9.94))))|x7<x9|x8<=cos((cos((-1.25))+x2)))) CLASS=0.00
else 
if(x6>=x10-x12|x7+x11>x3) CLASS=1.00
else 
CLASS=2.00
** CONFUSION MATRIX ** Number of classes: 3
   5    1    0 
   0    3    1 
   0    0    7 
TEST REPORT=>
CLASS[  0 (  6)] FAIL=16.67% 
CLASS[  1 (  4)] FAIL=25.00% 
CLASS[  2 (  7)] FAIL= 0.00% 
CLASS_ERROR:   11.7647058824 PRECISION:    0.8750000000 RECALL:    0.8611111111 F1SCORE:    0.8680000000
 50:1.2346  100:1.2346  150:1.2346  200:1.2346  250:1.2346  300:1.2346  350:1.2346  400:1.2346  450:1.2346  500:1.2346 TEST REPORT=>
CLASS[  0 (  6)] FAIL=16.67% 
CLASS[  1 (  4)] FAIL=25.00% 
CLASS[  2 (  7)] FAIL= 0.00% 
GENERATION=  477 FITNESS=    -1.235% TEST_ERROR=     11.76%
PROGRAMS=
if(!(x7<(x1+sin((exp(((x13+sin((-5.49)))+(-44.81)))/(-9.94))))|x7<x9|x8<=cos((cos((-1.25))+x2)))) CLASS=0.00
else 
if(x6>=x10-x12|x7+x11>x3) CLASS=1.00
else 
CLASS=2.00
** CONFUSION MATRIX ** Number of classes: 3
   5    1    0 
   0    3    1 
   0    0    7 
TEST REPORT=>
CLASS[  0 (  6)] FAIL=16.67% 
CLASS[  1 (  4)] FAIL=25.00% 
CLASS[  2 (  7)] FAIL= 0.00% 
CLASS_ERROR:   11.7647058824 PRECISION:    0.8750000000 RECALL:    0.8611111111 F1SCORE:    0.8680000000
 50:1.2346  100:1.2346  150:1.2346  200:1.2346  250:1.2346  300:1.2346  350:1.2346  400:1.2346  450:1.2346  500:1.2346 TEST REPORT=>
CLASS[  0 (  6)] FAIL=16.67% 
CLASS[  1 (  4)] FAIL=25.00% 
CLASS[  2 (  7)] FAIL= 0.00% 
GENERATION=  478 FITNESS=    -1.235% TEST_ERROR=     11.76%
PROGRAMS=
if(!(x7<(x1+sin((exp(((x13+sin((-5.49)))+(-44.81)))/(-9.94))))|x7<x9|x8<=cos((cos((-1.25))+x2)))) CLASS=0.00
else 
if(x6>=x10-x12|x7+x11>x3) CLASS=1.00
else 
CLASS=2.00
** CONFUSION MATRIX ** Number of classes: 3
   5    1    0 
   0    3    1 
   0    0    7 
TEST REPORT=>
CLASS[  0 (  6)] FAIL=16.67% 
CLASS[  1 (  4)] FAIL=25.00% 
CLASS[  2 (  7)] FAIL= 0.00% 
CLASS_ERROR:   11.7647058824 PRECISION:    0.8750000000 RECALL:    0.8611111111 F1SCORE:    0.8680000000
 50:1.2346  100:1.2346  150:1.2346  200:1.2346  250:1.2346  300:1.2346  350:1.2346  400:1.2346  450:1.2346  500:1.2346 TEST REPORT=>
CLASS[  0 (  6)] FAIL=16.67% 
CLASS[  1 (  4)] FAIL=25.00% 
CLASS[  2 (  7)] FAIL= 0.00% 
GENERATION=  479 FITNESS=    -1.235% TEST_ERROR=     11.76%
PROGRAMS=
if(!(x7<(x1+sin((exp(((x13+sin((-5.49)))+(-44.81)))/(-9.94))))|x7<x9|x8<=cos((cos((-1.25))+x2)))) CLASS=0.00
else 
if(x6>=x10-x12|x7+x11>x3) CLASS=1.00
else 
CLASS=2.00
** CONFUSION MATRIX ** Number of classes: 3
   5    1    0 
   0    3    1 
   0    0    7 
TEST REPORT=>
CLASS[  0 (  6)] FAIL=16.67% 
CLASS[  1 (  4)] FAIL=25.00% 
CLASS[  2 (  7)] FAIL= 0.00% 
CLASS_ERROR:   11.7647058824 PRECISION:    0.8750000000 RECALL:    0.8611111111 F1SCORE:    0.8680000000
 50:1.2346  100:1.2346  150:1.2346  200:1.2346  250:1.2346  300:1.2346  350:1.2346  400:1.2346  450:1.2346  500:1.2346 TEST REPORT=>
CLASS[  0 (  6)] FAIL=16.67% 
CLASS[  1 (  4)] FAIL=25.00% 
CLASS[  2 (  7)] FAIL= 0.00% 
GENERATION=  480 FITNESS=    -1.235% TEST_ERROR=     11.76%
PROGRAMS=
if(!(x7<(x1+sin((exp(((x13+sin((-5.49)))+(-44.81)))/(-9.94))))|x7<x9|x8<=cos((cos((-1.25))+x2)))) CLASS=0.00
else 
if(x6>=x10-x12|x7+x11>x3) CLASS=1.00
else 
CLASS=2.00
** CONFUSION MATRIX ** Number of classes: 3
   5    1    0 
   0    3    1 
   0    0    7 
TEST REPORT=>
CLASS[  0 (  6)] FAIL=16.67% 
CLASS[  1 (  4)] FAIL=25.00% 
CLASS[  2 (  7)] FAIL= 0.00% 
CLASS_ERROR:   11.7647058824 PRECISION:    0.8750000000 RECALL:    0.8611111111 F1SCORE:    0.8680000000
 50:1.2346  100:1.2346  150:1.2346  200:1.2346  250:1.2346  300:1.2346  350:1.2346  400:1.2346  450:1.2346  500:1.2346 TEST REPORT=>
CLASS[  0 (  6)] FAIL=16.67% 
CLASS[  1 (  4)] FAIL=25.00% 
CLASS[  2 (  7)] FAIL= 0.00% 
GENERATION=  481 FITNESS=    -1.235% TEST_ERROR=     11.76%
PROGRAMS=
if(!(x7<(x1+sin((exp(((x13+sin((-5.49)))+(-44.81)))/(-9.94))))|x7<x9|x8<=cos((cos((-1.25))+x2)))) CLASS=0.00
else 
if(x6>=x10-x12|x7+x11>x3) CLASS=1.00
else 
CLASS=2.00
** CONFUSION MATRIX ** Number of classes: 3
   5    1    0 
   0    3    1 
   0    0    7 
TEST REPORT=>
CLASS[  0 (  6)] FAIL=16.67% 
CLASS[  1 (  4)] FAIL=25.00% 
CLASS[  2 (  7)] FAIL= 0.00% 
CLASS_ERROR:   11.7647058824 PRECISION:    0.8750000000 RECALL:    0.8611111111 F1SCORE:    0.8680000000
 50:1.2346  100:1.2346  150:1.2346  200:1.2346  250:1.2346  300:1.2346  350:1.2346  400:1.2346  450:1.2346  500:1.2346 TEST REPORT=>
CLASS[  0 (  6)] FAIL=16.67% 
CLASS[  1 (  4)] FAIL=25.00% 
CLASS[  2 (  7)] FAIL= 0.00% 
GENERATION=  482 FITNESS=    -1.235% TEST_ERROR=     11.76%
PROGRAMS=
if(!(x7<(x1+sin((exp(((x13+sin((-5.49)))+(-44.81)))/(-9.94))))|x7<x9|x8<=cos((cos((-1.25))+x2)))) CLASS=0.00
else 
if(x6>=x10-x12|x7+x11>x3) CLASS=1.00
else 
CLASS=2.00
** CONFUSION MATRIX ** Number of classes: 3
   5    1    0 
   0    3    1 
   0    0    7 
TEST REPORT=>
CLASS[  0 (  6)] FAIL=16.67% 
CLASS[  1 (  4)] FAIL=25.00% 
CLASS[  2 (  7)] FAIL= 0.00% 
CLASS_ERROR:   11.7647058824 PRECISION:    0.8750000000 RECALL:    0.8611111111 F1SCORE:    0.8680000000
 50:1.2346  100:1.2346  150:1.2346  200:1.2346  250:1.2346  300:1.2346  350:1.2346  400:1.2346  450:1.2346  500:1.2346 TEST REPORT=>
CLASS[  0 (  6)] FAIL=16.67% 
CLASS[  1 (  4)] FAIL=25.00% 
CLASS[  2 (  7)] FAIL= 0.00% 
GENERATION=  483 FITNESS=    -1.235% TEST_ERROR=     11.76%
PROGRAMS=
if(!(x7<(x1+sin((exp(((x13+sin((-5.49)))+(-44.81)))/(-9.94))))|x7<x9|x8<=cos((cos((-1.25))+x2)))) CLASS=0.00
else 
if(x6>=x10-x12|x7+x11>x3) CLASS=1.00
else 
CLASS=2.00
** CONFUSION MATRIX ** Number of classes: 3
   5    1    0 
   0    3    1 
   0    0    7 
TEST REPORT=>
CLASS[  0 (  6)] FAIL=16.67% 
CLASS[  1 (  4)] FAIL=25.00% 
CLASS[  2 (  7)] FAIL= 0.00% 
CLASS_ERROR:   11.7647058824 PRECISION:    0.8750000000 RECALL:    0.8611111111 F1SCORE:    0.8680000000
 50:1.2346  100:1.2346  150:1.2346  200:1.2346  250:1.2346  300:1.2346  350:1.2346  400:1.2346  450:1.2346  500:1.2346 TEST REPORT=>
CLASS[  0 (  6)] FAIL=16.67% 
CLASS[  1 (  4)] FAIL=25.00% 
CLASS[  2 (  7)] FAIL= 0.00% 
GENERATION=  484 FITNESS=    -1.235% TEST_ERROR=     11.76%
PROGRAMS=
if(!(x7<(x1+sin((exp(((x13+sin((-5.49)))+(-44.81)))/(-9.94))))|x7<x9|x8<=cos((cos((-1.25))+x2)))) CLASS=0.00
else 
if(x6>=x10-x12|x7+x11>x3) CLASS=1.00
else 
CLASS=2.00
** CONFUSION MATRIX ** Number of classes: 3
   5    1    0 
   0    3    1 
   0    0    7 
TEST REPORT=>
CLASS[  0 (  6)] FAIL=16.67% 
CLASS[  1 (  4)] FAIL=25.00% 
CLASS[  2 (  7)] FAIL= 0.00% 
CLASS_ERROR:   11.7647058824 PRECISION:    0.8750000000 RECALL:    0.8611111111 F1SCORE:    0.8680000000
 50:1.2346  100:1.2346  150:1.2346  200:1.2346  250:1.2346  300:1.2346  350:1.2346  400:1.2346  450:1.2346  500:1.2346 TEST REPORT=>
CLASS[  0 (  6)] FAIL=16.67% 
CLASS[  1 (  4)] FAIL=25.00% 
CLASS[  2 (  7)] FAIL= 0.00% 
GENERATION=  485 FITNESS=    -1.235% TEST_ERROR=     11.76%
PROGRAMS=
if(!(x7<(x1+sin((exp(((x13+sin((-5.49)))+(-44.81)))/(-9.94))))|x7<x9|x8<=cos((cos((-1.25))+x2)))) CLASS=0.00
else 
if(x6>=x10-x12|x7+x11>x3) CLASS=1.00
else 
CLASS=2.00
** CONFUSION MATRIX ** Number of classes: 3
   5    1    0 
   0    3    1 
   0    0    7 
TEST REPORT=>
CLASS[  0 (  6)] FAIL=16.67% 
CLASS[  1 (  4)] FAIL=25.00% 
CLASS[  2 (  7)] FAIL= 0.00% 
CLASS_ERROR:   11.7647058824 PRECISION:    0.8750000000 RECALL:    0.8611111111 F1SCORE:    0.8680000000
 50:1.2346  100:1.2346  150:1.2346  200:1.2346  250:1.2346  300:1.2346  350:1.2346  400:1.2346  450:1.2346  500:1.2346 TEST REPORT=>
CLASS[  0 (  6)] FAIL=16.67% 
CLASS[  1 (  4)] FAIL=25.00% 
CLASS[  2 (  7)] FAIL= 0.00% 
GENERATION=  486 FITNESS=    -1.235% TEST_ERROR=     11.76%
PROGRAMS=
if(!(x7<(x1+sin((exp(((x13+sin((-5.49)))+(-44.81)))/(-9.94))))|x7<x9|x8<=cos((cos((-1.25))+x2)))) CLASS=0.00
else 
if(x6>=x10-x12|x7+x11>x3) CLASS=1.00
else 
CLASS=2.00
** CONFUSION MATRIX ** Number of classes: 3
   5    1    0 
   0    3    1 
   0    0    7 
TEST REPORT=>
CLASS[  0 (  6)] FAIL=16.67% 
CLASS[  1 (  4)] FAIL=25.00% 
CLASS[  2 (  7)] FAIL= 0.00% 
CLASS_ERROR:   11.7647058824 PRECISION:    0.8750000000 RECALL:    0.8611111111 F1SCORE:    0.8680000000
 50:1.2346  100:1.2346  150:1.2346  200:1.2346  250:1.2346  300:1.2346  350:1.2346  400:1.2346  450:1.2346  500:1.2346 TEST REPORT=>
CLASS[  0 (  6)] FAIL=16.67% 
CLASS[  1 (  4)] FAIL=25.00% 
CLASS[  2 (  7)] FAIL= 0.00% 
GENERATION=  487 FITNESS=    -1.235% TEST_ERROR=     11.76%
PROGRAMS=
if(!(x7<(x1+sin((exp(((x13+sin((-5.49)))+(-44.81)))/(-9.94))))|x7<x9|x8<=cos((cos((-1.25))+x2)))) CLASS=0.00
else 
if(x6>=x10-x12|x7+x11>x3) CLASS=1.00
else 
CLASS=2.00
** CONFUSION MATRIX ** Number of classes: 3
   5    1    0 
   0    3    1 
   0    0    7 
TEST REPORT=>
CLASS[  0 (  6)] FAIL=16.67% 
CLASS[  1 (  4)] FAIL=25.00% 
CLASS[  2 (  7)] FAIL= 0.00% 
CLASS_ERROR:   11.7647058824 PRECISION:    0.8750000000 RECALL:    0.8611111111 F1SCORE:    0.8680000000
 50:1.2346  100:1.2346  150:1.2346  200:1.2346  250:1.2346  300:1.2346  350:1.2346  400:1.2346  450:1.2346  500:1.2346 TEST REPORT=>
CLASS[  0 (  6)] FAIL=16.67% 
CLASS[  1 (  4)] FAIL=25.00% 
CLASS[  2 (  7)] FAIL= 0.00% 
GENERATION=  488 FITNESS=    -1.235% TEST_ERROR=     11.76%
PROGRAMS=
if(!(x7<(x1+sin((exp(((x13+sin((-5.49)))+(-44.81)))/(-9.94))))|x7<x9|x8<=cos((cos((-1.25))+x2)))) CLASS=0.00
else 
if(x6>=x10-x12|x7+x11>x3) CLASS=1.00
else 
CLASS=2.00
** CONFUSION MATRIX ** Number of classes: 3
   5    1    0 
   0    3    1 
   0    0    7 
TEST REPORT=>
CLASS[  0 (  6)] FAIL=16.67% 
CLASS[  1 (  4)] FAIL=25.00% 
CLASS[  2 (  7)] FAIL= 0.00% 
CLASS_ERROR:   11.7647058824 PRECISION:    0.8750000000 RECALL:    0.8611111111 F1SCORE:    0.8680000000
 50:1.2346  100:1.2346  150:1.2346  200:1.2346  250:1.2346  300:1.2346  350:1.2346  400:1.2346  450:1.2346  500:1.2346 TEST REPORT=>
CLASS[  0 (  6)] FAIL=16.67% 
CLASS[  1 (  4)] FAIL=25.00% 
CLASS[  2 (  7)] FAIL= 0.00% 
GENERATION=  489 FITNESS=    -1.235% TEST_ERROR=     11.76%
PROGRAMS=
if(!(x7<(x1+sin((exp(((x13+sin((-5.49)))+(-44.81)))/(-9.94))))|x7<x9|x8<=cos((cos((-1.25))+x2)))) CLASS=0.00
else 
if(x6>=x10-x12|x7+x11>x3) CLASS=1.00
else 
CLASS=2.00
** CONFUSION MATRIX ** Number of classes: 3
   5    1    0 
   0    3    1 
   0    0    7 
TEST REPORT=>
CLASS[  0 (  6)] FAIL=16.67% 
CLASS[  1 (  4)] FAIL=25.00% 
CLASS[  2 (  7)] FAIL= 0.00% 
CLASS_ERROR:   11.7647058824 PRECISION:    0.8750000000 RECALL:    0.8611111111 F1SCORE:    0.8680000000
 50:1.2346  100:1.2346  150:1.2346  200:1.2346  250:1.2346  300:1.2346  350:1.2346  400:1.2346  450:1.2346  500:1.2346 TEST REPORT=>
CLASS[  0 (  6)] FAIL=16.67% 
CLASS[  1 (  4)] FAIL=25.00% 
CLASS[  2 (  7)] FAIL= 0.00% 
GENERATION=  490 FITNESS=    -1.235% TEST_ERROR=     11.76%
PROGRAMS=
if(!(x7<(x1+sin((exp(((x13+sin((-5.49)))+(-44.81)))/(-9.94))))|x7<x9|x8<=cos((cos((-1.25))+x2)))) CLASS=0.00
else 
if(x6>=x10-x12|x7+x11>x3) CLASS=1.00
else 
CLASS=2.00
** CONFUSION MATRIX ** Number of classes: 3
   5    1    0 
   0    3    1 
   0    0    7 
TEST REPORT=>
CLASS[  0 (  6)] FAIL=16.67% 
CLASS[  1 (  4)] FAIL=25.00% 
CLASS[  2 (  7)] FAIL= 0.00% 
CLASS_ERROR:   11.7647058824 PRECISION:    0.8750000000 RECALL:    0.8611111111 F1SCORE:    0.8680000000
 50:1.2346  100:1.2346  150:1.2346  200:1.2346  250:1.2346  300:1.2346  350:1.2346  400:1.2346  450:1.2346  500:1.2346 TEST REPORT=>
CLASS[  0 (  6)] FAIL=16.67% 
CLASS[  1 (  4)] FAIL=25.00% 
CLASS[  2 (  7)] FAIL= 0.00% 
GENERATION=  491 FITNESS=    -1.235% TEST_ERROR=     11.76%
PROGRAMS=
if(!(x7<(x1+sin((exp(((x13+sin((-5.49)))+(-44.81)))/(-9.94))))|x7<x9|x8<=cos((cos((-1.25))+x2)))) CLASS=0.00
else 
if(x6>=x10-x12|x7+x11>x3) CLASS=1.00
else 
CLASS=2.00
** CONFUSION MATRIX ** Number of classes: 3
   5    1    0 
   0    3    1 
   0    0    7 
TEST REPORT=>
CLASS[  0 (  6)] FAIL=16.67% 
CLASS[  1 (  4)] FAIL=25.00% 
CLASS[  2 (  7)] FAIL= 0.00% 
CLASS_ERROR:   11.7647058824 PRECISION:    0.8750000000 RECALL:    0.8611111111 F1SCORE:    0.8680000000
 50:1.2346  100:1.2346  150:1.2346  200:1.2346  250:1.2346  300:1.2346  350:1.2346  400:1.2346  450:1.2346  500:1.2346 
TARGETED STAGNATION BURST generation=492 stagnation=20
TARGETED_BEST[0] START fitness=-1.2345679012
TARGETED_BEST[0] END fitness=-1.2345679012 accepted=0
TARGETED_BEST[1] START fitness=-1.2345679012
TARGETED_BEST[1] END fitness=-1.2345679012 accepted=0
TARGETED_BEST[2] START fitness=-1.2345679012
TARGETED_BEST[2] END fitness=-1.2345679012 accepted=0
TARGETED_BEST[3] START fitness=-1.2345679012
TARGETED_BEST[3] END fitness=-1.2345679012 accepted=0
TARGETED_BEST[4] START fitness=-1.2345679012
TARGETED_BEST[4] END fitness=-1.2345679012 accepted=0
TARGETED_BEST[5] START fitness=-1.2345679012
TARGETED_BEST[5] END fitness=-1.2345679012 accepted=0
TARGETED_BEST[6] START fitness=-1.2345679012
TARGETED_BEST[6] END fitness=-1.2345679012 accepted=0
TARGETED_BEST[7] START fitness=-1.2345679012
TARGETED_BEST[7] END fitness=-1.2345679012 accepted=0
TARGETED_BEST[8] START fitness=-1.2345679012
TARGETED_BEST[8] END fitness=-1.2345679012 accepted=0
TARGETED_BEST[9] START fitness=-1.2345679012
TARGETED_BEST[9] END fitness=-1.2345679012 accepted=0
TARGETED_BEST[10] START fitness=-1.2345679012
TARGETED_BEST[10] END fitness=-1.2345679012 accepted=0
TARGETED_BEST[11] START fitness=-1.2345679012
TARGETED_BEST[11] END fitness=-1.2345679012 accepted=0
TARGETED_BEST[12] START fitness=-1.2345679012
TARGETED_BEST[12] END fitness=-1.2345679012 accepted=0
TARGETED_BEST[13] START fitness=-1.2345679012
TARGETED_BEST[13] END fitness=-1.2345679012 accepted=0
TARGETED_BEST[14] START fitness=-1.2345679012
TARGETED_BEST[14] END fitness=-1.2345679012 accepted=0
TARGETED_BEST[15] START fitness=-1.2345679012
TARGETED_BEST[15] END fitness=-1.2345679012 accepted=0
TARGETED_BEST[16] START fitness=-1.2345679012
TARGETED_BEST[16] END fitness=-1.2345679012 accepted=0
TARGETED_BEST[17] START fitness=-1.2345679012
TARGETED_BEST[17] END fitness=-1.2345679012 accepted=0
TARGETED_BEST[18] START fitness=-1.2345679012
TARGETED_BEST[18] END fitness=-1.2345679012 accepted=0
TARGETED_BEST[19] START fitness=-1.2345679012
TARGETED_BEST[19] END fitness=-1.2345679012 accepted=0
TEST REPORT=>
CLASS[  0 (  6)] FAIL=16.67% 
CLASS[  1 (  4)] FAIL=25.00% 
CLASS[  2 (  7)] FAIL= 0.00% 
GENERATION=  492 FITNESS=    -1.235% TEST_ERROR=     11.76%
PROGRAMS=
if(!(x7<(x1+sin((exp(((x13+sin((-5.49)))+(-44.81)))/(-9.94))))|x7<x9|x8<=cos((cos((-1.25))+x2)))) CLASS=0.00
else 
if(x6>=x10-x12|x7+x11>x3) CLASS=1.00
else 
CLASS=2.00
** CONFUSION MATRIX ** Number of classes: 3
   5    1    0 
   0    3    1 
   0    0    7 
TEST REPORT=>
CLASS[  0 (  6)] FAIL=16.67% 
CLASS[  1 (  4)] FAIL=25.00% 
CLASS[  2 (  7)] FAIL= 0.00% 
CLASS_ERROR:   11.7647058824 PRECISION:    0.8750000000 RECALL:    0.8611111111 F1SCORE:    0.8680000000
 50:1.2346  100:1.2346  150:1.2346  200:1.2346  250:1.2346  300:1.2346  350:1.2346  400:1.2346  450:1.2346  500:1.2346 TEST REPORT=>
CLASS[  0 (  6)] FAIL=16.67% 
CLASS[  1 (  4)] FAIL=25.00% 
CLASS[  2 (  7)] FAIL= 0.00% 
GENERATION=  493 FITNESS=    -1.235% TEST_ERROR=     11.76%
PROGRAMS=
if(!(x7<(x1+sin((exp(((x13+sin((-5.49)))+(-44.81)))/(-9.94))))|x7<x9|x8<=cos((cos((-1.25))+x2)))) CLASS=0.00
else 
if(x6>=x10-x12|x7+x11>x3) CLASS=1.00
else 
CLASS=2.00
** CONFUSION MATRIX ** Number of classes: 3
   5    1    0 
   0    3    1 
   0    0    7 
TEST REPORT=>
CLASS[  0 (  6)] FAIL=16.67% 
CLASS[  1 (  4)] FAIL=25.00% 
CLASS[  2 (  7)] FAIL= 0.00% 
CLASS_ERROR:   11.7647058824 PRECISION:    0.8750000000 RECALL:    0.8611111111 F1SCORE:    0.8680000000
 50:1.2346  100:1.2346  150:1.2346  200:1.2346  250:1.2346  300:1.2346  350:1.2346  400:1.2346  450:1.2346  500:1.2346 TEST REPORT=>
CLASS[  0 (  6)] FAIL=16.67% 
CLASS[  1 (  4)] FAIL=25.00% 
CLASS[  2 (  7)] FAIL= 0.00% 
GENERATION=  494 FITNESS=    -1.235% TEST_ERROR=     11.76%
PROGRAMS=
if(!(x7<(x1+sin((exp(((x13+sin((-5.49)))+(-44.81)))/(-9.94))))|x7<x9|x8<=cos((cos((-1.25))+x2)))) CLASS=0.00
else 
if(x6>=x10-x12|x7+x11>x3) CLASS=1.00
else 
CLASS=2.00
** CONFUSION MATRIX ** Number of classes: 3
   5    1    0 
   0    3    1 
   0    0    7 
TEST REPORT=>
CLASS[  0 (  6)] FAIL=16.67% 
CLASS[  1 (  4)] FAIL=25.00% 
CLASS[  2 (  7)] FAIL= 0.00% 
CLASS_ERROR:   11.7647058824 PRECISION:    0.8750000000 RECALL:    0.8611111111 F1SCORE:    0.8680000000
 50:1.2346  100:1.2346  150:1.2346  200:1.2346  250:1.2346  300:1.2346  350:1.2346  400:1.2346  450:1.2346  500:1.2346 TEST REPORT=>
CLASS[  0 (  6)] FAIL=16.67% 
CLASS[  1 (  4)] FAIL=25.00% 
CLASS[  2 (  7)] FAIL= 0.00% 
GENERATION=  495 FITNESS=    -1.235% TEST_ERROR=     11.76%
PROGRAMS=
if(!(x7<(x1+sin((exp(((x13+sin((-5.49)))+(-44.81)))/(-9.94))))|x7<x9|x8<=cos((cos((-1.25))+x2)))) CLASS=0.00
else 
if(x6>=x10-x12|x7+x11>x3) CLASS=1.00
else 
CLASS=2.00
** CONFUSION MATRIX ** Number of classes: 3
   5    1    0 
   0    3    1 
   0    0    7 
TEST REPORT=>
CLASS[  0 (  6)] FAIL=16.67% 
CLASS[  1 (  4)] FAIL=25.00% 
CLASS[  2 (  7)] FAIL= 0.00% 
CLASS_ERROR:   11.7647058824 PRECISION:    0.8750000000 RECALL:    0.8611111111 F1SCORE:    0.8680000000
 50:1.2346  100:1.2346  150:1.2346  200:1.2346  250:1.2346  300:1.2346  350:1.2346  400:1.2346  450:1.2346  500:1.2346 TEST REPORT=>
CLASS[  0 (  6)] FAIL=16.67% 
CLASS[  1 (  4)] FAIL=25.00% 
CLASS[  2 (  7)] FAIL= 0.00% 
GENERATION=  496 FITNESS=    -1.235% TEST_ERROR=     11.76%
PROGRAMS=
if(!(x7<(x1+sin((exp(((x13+sin((-5.49)))+(-44.81)))/(-9.94))))|x7<x9|x8<=cos((cos((-1.25))+x2)))) CLASS=0.00
else 
if(x6>=x10-x12|x7+x11>x3) CLASS=1.00
else 
CLASS=2.00
** CONFUSION MATRIX ** Number of classes: 3
   5    1    0 
   0    3    1 
   0    0    7 
TEST REPORT=>
CLASS[  0 (  6)] FAIL=16.67% 
CLASS[  1 (  4)] FAIL=25.00% 
CLASS[  2 (  7)] FAIL= 0.00% 
CLASS_ERROR:   11.7647058824 PRECISION:    0.8750000000 RECALL:    0.8611111111 F1SCORE:    0.8680000000
 50:1.2346  100:1.2346  150:1.2346  200:1.2346  250:1.2346  300:1.2346  350:1.2346  400:1.2346  450:1.2346  500:1.2346 TEST REPORT=>
CLASS[  0 (  6)] FAIL=16.67% 
CLASS[  1 (  4)] FAIL=25.00% 
CLASS[  2 (  7)] FAIL= 0.00% 
GENERATION=  497 FITNESS=    -1.235% TEST_ERROR=     11.76%
PROGRAMS=
if(!(x7<(x1+sin((exp(((x13+sin((-5.49)))+(-44.81)))/(-9.94))))|x7<x9|x8<=cos((cos((-1.25))+x2)))) CLASS=0.00
else 
if(x6>=x10-x12|x7+x11>x3) CLASS=1.00
else 
CLASS=2.00
** CONFUSION MATRIX ** Number of classes: 3
   5    1    0 
   0    3    1 
   0    0    7 
TEST REPORT=>
CLASS[  0 (  6)] FAIL=16.67% 
CLASS[  1 (  4)] FAIL=25.00% 
CLASS[  2 (  7)] FAIL= 0.00% 
CLASS_ERROR:   11.7647058824 PRECISION:    0.8750000000 RECALL:    0.8611111111 F1SCORE:    0.8680000000
 50:1.2346  100:1.2346  150:1.2346  200:1.2346  250:1.2346  300:1.2346  350:1.2346  400:1.2346  450:1.2346  500:1.2346 TEST REPORT=>
CLASS[  0 (  6)] FAIL=16.67% 
CLASS[  1 (  4)] FAIL=25.00% 
CLASS[  2 (  7)] FAIL= 0.00% 
GENERATION=  498 FITNESS=    -1.235% TEST_ERROR=     11.76%
PROGRAMS=
if(!(x7<(x1+sin((exp(((x13+sin((-5.49)))+(-44.81)))/(-9.94))))|x7<x9|x8<=cos((cos((-1.25))+x2)))) CLASS=0.00
else 
if(x6>=x10-x12|x7+x11>x3) CLASS=1.00
else 
CLASS=2.00
** CONFUSION MATRIX ** Number of classes: 3
   5    1    0 
   0    3    1 
   0    0    7 
TEST REPORT=>
CLASS[  0 (  6)] FAIL=16.67% 
CLASS[  1 (  4)] FAIL=25.00% 
CLASS[  2 (  7)] FAIL= 0.00% 
CLASS_ERROR:   11.7647058824 PRECISION:    0.8750000000 RECALL:    0.8611111111 F1SCORE:    0.8680000000
 50:1.2346  100:1.2346  150:1.2346  200:1.2346  250:1.2346  300:1.2346  350:1.2346  400:1.2346  450:1.2346  500:1.2346 TEST REPORT=>
CLASS[  0 (  6)] FAIL=16.67% 
CLASS[  1 (  4)] FAIL=25.00% 
CLASS[  2 (  7)] FAIL= 0.00% 
GENERATION=  499 FITNESS=    -1.235% TEST_ERROR=     11.76%
PROGRAMS=
if(!(x7<(x1+sin((exp(((x13+sin((-5.49)))+(-44.81)))/(-9.94))))|x7<x9|x8<=cos((cos((-1.25))+x2)))) CLASS=0.00
else 
if(x6>=x10-x12|x7+x11>x3) CLASS=1.00
else 
CLASS=2.00
** CONFUSION MATRIX ** Number of classes: 3
   5    1    0 
   0    3    1 
   0    0    7 
TEST REPORT=>
CLASS[  0 (  6)] FAIL=16.67% 
CLASS[  1 (  4)] FAIL=25.00% 
CLASS[  2 (  7)] FAIL= 0.00% 
CLASS_ERROR:   11.7647058824 PRECISION:    0.8750000000 RECALL:    0.8611111111 F1SCORE:    0.8680000000
 50:1.2346  100:1.2346  150:1.2346  200:1.2346  250:1.2346  300:1.2346  350:1.2346  400:1.2346  450:1.2346  500:1.2346 TARGETED[0] START fitness=       -1.2345679012
TARGETED[0] END fitness=       -1.2345679012 accepted=0
TARGETED[17] START fitness=       -1.2345679012
TARGETED[17] END fitness=       -1.2345679012 accepted=0
TARGETED[288] START fitness=      -41.3580246914
TARGETED[288] iter=2 type=VARIABLE codonPos=101 codon=211->216 rule=1->6 fitness=      -41.3580246914->      -33.3333333333
TARGETED[288] iter=5 type=UNKNOWN codonPos=47 codon=217->216 rule=1->0 fitness=      -33.3333333333->       -9.8765432099
TARGETED[288] iter=6 type=VARIABLE codonPos=52 codon=211->216 rule=1->6 fitness=       -9.8765432099->       -4.3209876543
TARGETED[288] iter=28 type=VARIABLE codonPos=59 codon=125->121 rule=5->1 fitness=       -4.3209876543->       -2.4691358025
TARGETED[288] END fitness=       -2.4691358025 accepted=4
TARGETED[237] START fitness=      -32.7160493827
TARGETED[237] iter=2 type=BOOLEAN_OPERATOR codonPos=3 codon=166->164 rule=2->0 fitness=      -32.7160493827->      -30.2469135802
TARGETED[237] iter=9 type=VARIABLE codonPos=52 codon=211->210 rule=1->0 fitness=      -30.2469135802->      -19.7530864198
TARGETED[237] END fitness=      -19.7530864198 accepted=2
TARGETED[221] START fitness=      -32.7160493827
TARGETED[221] END fitness=      -32.7160493827 accepted=0
TARGETED[58] START fitness=       -1.2345679012
TARGETED[58] END fitness=       -1.2345679012 accepted=0
TARGETED[266] START fitness=      -35.1851851852
TARGETED[266] END fitness=      -35.1851851852 accepted=0
TARGETED[295] START fitness=      -50.0000000000
TARGETED[295] iter=9 type=VARIABLE codonPos=106 codon=245->238 rule=5->13 fitness=      -50.0000000000->      -49.3827160494
TARGETED[295] iter=17 type=BINARY_OPERATOR codonPos=27 codon=146->145 rule=2->1 fitness=      -49.3827160494->      -30.2469135802
TARGETED[295] iter=44 type=VARIABLE codonPos=29 codon=143->150 rule=8->0 fitness=      -30.2469135802->      -29.0123456790
TARGETED[295] END fitness=      -29.0123456790 accepted=3
TARGETED[447] START fitness=-100000000.0000000000
TARGETED[447] iter=20 type=UNKNOWN codonPos=24 codon=132->133 rule=0->1 fitness=-100000000.0000000000->      -57.4074074074
TARGETED[447] iter=35 type=VARIABLE codonPos=112 codon=1->10 rule=1->10 fitness=      -57.4074074074->      -32.7160493827
TARGETED[447] END fitness=      -32.7160493827 accepted=2
TARGETED[264] START fitness=      -35.1851851852
TARGETED[264] iter=8 type=VARIABLE codonPos=2 codon=126->124 rule=6->4 fitness=      -35.1851851852->      -31.4814814815
TARGETED[264] END fitness=      -31.4814814815 accepted=1
TARGETED[445] START fitness=-100000000.0000000000
TARGETED[445] iter=17 type=UNKNOWN codonPos=24 codon=132->133 rule=0->1 fitness=-100000000.0000000000->      -67.2839506173
TARGETED[445] END fitness=      -67.2839506173 accepted=1
TARGETED[369] START fitness=      -92.5925925926
TARGETED[369] iter=1 type=UNKNOWN codonPos=35 codon=114->115 rule=0->1 fitness=      -92.5925925926->      -61.7283950617
TARGETED[369] iter=2 type=VARIABLE codonPos=112 codon=235->238 rule=10->13 fitness=      -61.7283950617->      -34.5679012346
TARGETED[369] iter=8 type=BOOLEAN_OPERATOR codonPos=3 codon=52->54 rule=0->2 fitness=      -34.5679012346->      -20.3703703704
TARGETED[369] iter=15 type=VARIABLE codonPos=104 codon=143->141 rule=8->6 fitness=      -20.3703703704->      -16.6666666667
TARGETED[369] iter=16 type=VARIABLE codonPos=32 codon=9->4 rule=9->4 fitness=      -16.6666666667->      -12.9629629630
TARGETED[369] iter=23 type=VARIABLE codonPos=101 codon=50->53 rule=5->8 fitness=      -12.9629629630->       -9.8765432099
TARGETED[369] iter=30 type=VARIABLE codonPos=115 codon=152->157 rule=2->7 fitness=       -9.8765432099->       -9.2592592593
TARGETED[369] iter=44 type=FUNCTION codonPos=128 codon=125->126 rule=1->2 fitness=       -9.2592592593->       -8.6419753086
TARGETED[369] iter=47 type=VARIABLE codonPos=122 codon=130->126 rule=10->6 fitness=       -8.6419753086->       -6.7901234568
TARGETED[369] END fitness=       -6.7901234568 accepted=9
TARGETED[489] START fitness=-100000000.0000000000
TARGETED[489] iter=44 type=VARIABLE codonPos=105 codon=189->194 rule=9->14 fitness=-100000000.0000000000->      -51.2345679012
TARGETED[489] iter=46 type=UNKNOWN codonPos=28 codon=220->221 rule=0->1 fitness=      -51.2345679012->      -21.6049382716
TARGETED[489] iter=47 type=VARIABLE codonPos=52 codon=211->216 rule=1->6 fitness=      -21.6049382716->      -20.9876543210
TARGETED[489] END fitness=      -20.9876543210 accepted=3
TARGETED[400] START fitness=-100000000.0000000000
TARGETED[400] iter=34 type=VARIABLE codonPos=105 codon=189->194 rule=9->14 fitness=-100000000.0000000000->      -34.5679012346
TARGETED[400] iter=37 type=VARIABLE codonPos=64 codon=46->52 rule=1->7 fitness=      -34.5679012346->      -31.4814814815
TARGETED[400] iter=40 type=VARIABLE codonPos=50 codon=35->37 rule=5->7 fitness=      -31.4814814815->      -30.2469135802
TARGETED[400] iter=48 type=VARIABLE codonPos=46 codon=32->38 rule=2->8 fitness=      -30.2469135802->      -29.6296296296
TARGETED[400] END fitness=      -29.6296296296 accepted=4
TARGETED[175] START fitness=      -30.2469135802
TARGETED[175] iter=4 type=VARIABLE codonPos=45 codon=68->62 rule=8->2 fitness=      -30.2469135802->      -16.0493827160
TARGETED[175] iter=24 type=VARIABLE codonPos=6 codon=130->131 rule=10->11 fitness=      -16.0493827160->      -12.9629629630
TARGETED[175] iter=30 type=UNKNOWN codonPos=25 codon=208->205 rule=8->5 fitness=      -12.9629629630->      -12.3456790123
TARGETED[175] iter=35 type=VARIABLE codonPos=2 codon=126->129 rule=6->9 fitness=      -12.3456790123->      -10.4938271605
TARGETED[175] END fitness=      -10.4938271605 accepted=4
TARGETED[437] START fitness=-100000000.0000000000
TARGETED[437] iter=8 type=VARIABLE codonPos=55 codon=9->13 rule=9->13 fitness=-100000000.0000000000->      -67.2839506173
TARGETED[437] iter=11 type=FUNCTION codonPos=61 codon=149->151 rule=1->3 fitness=      -67.2839506173->      -48.1481481481
TARGETED[437] iter=14 type=UNKNOWN codonPos=32 codon=22->25 rule=2->5 fitness=      -48.1481481481->      -46.9135802469
TARGETED[437] iter=15 type=UNKNOWN codonPos=30 codon=127->131 rule=7->1 fitness=      -46.9135802469->      -40.7407407407
TARGETED[437] iter=16 type=BOOLEAN_OPERATOR codonPos=3 codon=166->164 rule=2->0 fitness=      -40.7407407407->      -32.7160493827
TARGETED[437] iter=17 type=UNKNOWN codonPos=22 codon=42->41 rule=2->1 fitness=      -32.7160493827->      -20.3703703704
TARGETED[437] iter=18 type=UNKNOWN codonPos=33 codon=191->196 rule=1->6 fitness=      -20.3703703704->      -18.5185185185
TARGETED[437] iter=19 type=VARIABLE codonPos=52 codon=211->217 rule=1->7 fitness=      -18.5185185185->      -15.4320987654
TARGETED[437] iter=26 type=BINARY_OPERATOR codonPos=53 codon=135->133 rule=3->1 fitness=      -15.4320987654->       -6.1728395062
TARGETED[437] iter=35 type=VARIABLE codonPos=70 codon=124->126 rule=4->6 fitness=       -6.1728395062->       -5.5555555556
TARGETED[437] END fitness=       -5.5555555556 accepted=10
TARGETED[39] START fitness=       -1.2345679012
TARGETED[39] END fitness=       -1.2345679012 accepted=0
TARGETED[242] START fitness=      -32.7160493827
TARGETED[242] iter=3 type=VARIABLE codonPos=59 codon=176->180 rule=11->0 fitness=      -32.7160493827->       -4.9382716049
TARGETED[242] iter=5 type=VARIABLE codonPos=49 codon=161->165 rule=11->0 fitness=       -4.9382716049->       -1.8518518519
TARGETED[242] END fitness=       -1.8518518519 accepted=2
TARGETED[184] START fitness=      -32.7160493827
TARGETED[184] END fitness=      -32.7160493827 accepted=0
TARGETED[218] START fitness=      -32.7160493827
TARGETED[218] END fitness=      -32.7160493827 accepted=0
TEST REPORT=>
CLASS[  0 (  6)] FAIL=16.67% 
CLASS[  1 (  4)] FAIL=25.00% 
CLASS[  2 (  7)] FAIL= 0.00% 
GENERATION=  500 FITNESS=    -1.235% TEST_ERROR=     11.76%
PROGRAMS=
if(!(x7<(x1+sin((exp(((x13+sin((-5.49)))+(-44.81)))/(-9.94))))|x7<x9|x8<=cos((cos((-1.25))+x2)))) CLASS=0.00
else 
if(x6>=x10-x12|x7+x11>x3) CLASS=1.00
else 
CLASS=2.00
** CONFUSION MATRIX ** Number of classes: 3
   5    1    0 
   0    3    1 
   0    0    7 
TEST REPORT=>
CLASS[  0 (  6)] FAIL=16.67% 
CLASS[  1 (  4)] FAIL=25.00% 
CLASS[  2 (  7)] FAIL= 0.00% 
CLASS_ERROR:   11.7647058824 PRECISION:    0.8750000000 RECALL:    0.8611111111 F1SCORE:    0.8680000000
 50:1.2346  100:1.2346  150:1.2346  200:1.2346  250:1.2346  300:1.2346  350:1.2346  400:1.2346  450:1.2346  500:1.2346 TEST REPORT=>
CLASS[  0 (  6)] FAIL=16.67% 
CLASS[  1 (  4)] FAIL=25.00% 
CLASS[  2 (  7)] FAIL= 0.00% 
GENERATION=  501 FITNESS=    -1.235% TEST_ERROR=     11.76%
PROGRAMS=
if(!(x7<(x1+sin((exp(((x13+sin((-5.49)))+(-44.81)))/(-9.94))))|x7<x9|x8<=cos((cos((-1.25))+x2)))) CLASS=0.00
else 
if(x6>=x10-x12|x7+x11>x3) CLASS=1.00
else 
CLASS=2.00
** CONFUSION MATRIX ** Number of classes: 3
   5    1    0 
   0    3    1 
   0    0    7 
TEST REPORT=>
CLASS[  0 (  6)] FAIL=16.67% 
CLASS[  1 (  4)] FAIL=25.00% 
CLASS[  2 (  7)] FAIL= 0.00% 
CLASS_ERROR:   11.7647058824 PRECISION:    0.8750000000 RECALL:    0.8611111111 F1SCORE:    0.8680000000
 50:1.2346  100:1.2346  150:1.2346  200:1.2346  250:1.2346  300:1.2346  350:1.2346  400:1.2346  450:1.2346  500:1.2346 TEST REPORT=>
CLASS[  0 (  6)] FAIL=16.67% 
CLASS[  1 (  4)] FAIL=25.00% 
CLASS[  2 (  7)] FAIL= 0.00% 
GENERATION=  502 FITNESS=    -1.235% TEST_ERROR=     11.76%
PROGRAMS=
if(!(x7<(x1+sin((exp(((x13+sin((-5.49)))+(-44.81)))/(-9.94))))|x7<x9|x8<=cos((cos((-1.25))+x2)))) CLASS=0.00
else 
if(x6>=x10-x12|x7+x11>x3) CLASS=1.00
else 
CLASS=2.00
** CONFUSION MATRIX ** Number of classes: 3
   5    1    0 
   0    3    1 
   0    0    7 
TEST REPORT=>
CLASS[  0 (  6)] FAIL=16.67% 
CLASS[  1 (  4)] FAIL=25.00% 
CLASS[  2 (  7)] FAIL= 0.00% 
CLASS_ERROR:   11.7647058824 PRECISION:    0.8750000000 RECALL:    0.8611111111 F1SCORE:    0.8680000000
 50:1.2346  100:1.2346  150:1.2346  200:1.2346  250:1.2346  300:1.2346  350:1.2346  400:1.2346  450:1.2346  500:1.2346 TEST REPORT=>
CLASS[  0 (  6)] FAIL=16.67% 
CLASS[  1 (  4)] FAIL=25.00% 
CLASS[  2 (  7)] FAIL= 0.00% 
GENERATION=  503 FITNESS=    -1.235% TEST_ERROR=     11.76%
PROGRAMS=
if(!(x7<(x1+sin((exp(((x13+sin((-5.49)))+(-44.81)))/(-9.94))))|x7<x9|x8<=cos((cos((-1.25))+x2)))) CLASS=0.00
else 
if(x6>=x10-x12|x7+x11>x3) CLASS=1.00
else 
CLASS=2.00
** CONFUSION MATRIX ** Number of classes: 3
   5    1    0 
   0    3    1 
   0    0    7 
TEST REPORT=>
CLASS[  0 (  6)] FAIL=16.67% 
CLASS[  1 (  4)] FAIL=25.00% 
CLASS[  2 (  7)] FAIL= 0.00% 
CLASS_ERROR:   11.7647058824 PRECISION:    0.8750000000 RECALL:    0.8611111111 F1SCORE:    0.8680000000
 50:1.2346  100:1.2346  150:1.2346  200:1.2346  250:1.2346  300:1.2346  350:1.2346  400:1.2346  450:1.2346  500:1.2346 TEST REPORT=>
CLASS[  0 (  6)] FAIL=16.67% 
CLASS[  1 (  4)] FAIL=25.00% 
CLASS[  2 (  7)] FAIL= 0.00% 
GENERATION=  504 FITNESS=    -1.235% TEST_ERROR=     11.76%
PROGRAMS=
if(!(x7<(x1+sin((exp(((x13+sin((-5.49)))+(-44.81)))/(-9.94))))|x7<x9|x8<=cos((cos((-1.25))+x2)))) CLASS=0.00
else 
if(x6>=x10-x12|x7+x11>x3) CLASS=1.00
else 
CLASS=2.00
** CONFUSION MATRIX ** Number of classes: 3
   5    1    0 
   0    3    1 
   0    0    7 
TEST REPORT=>
CLASS[  0 (  6)] FAIL=16.67% 
CLASS[  1 (  4)] FAIL=25.00% 
CLASS[  2 (  7)] FAIL= 0.00% 
CLASS_ERROR:   11.7647058824 PRECISION:    0.8750000000 RECALL:    0.8611111111 F1SCORE:    0.8680000000
 50:1.2346  100:1.2346  150:1.2346  200:1.2346  250:1.2346  300:1.2346  350:1.2346  400:1.2346  450:1.2346  500:1.2346 TEST REPORT=>
CLASS[  0 (  6)] FAIL=16.67% 
CLASS[  1 (  4)] FAIL=25.00% 
CLASS[  2 (  7)] FAIL= 0.00% 
GENERATION=  505 FITNESS=    -1.235% TEST_ERROR=     11.76%
PROGRAMS=
if(!(x7<(x1+sin((exp(((x13+sin((-5.49)))+(-44.81)))/(-9.94))))|x7<x9|x8<=cos((cos((-1.25))+x2)))) CLASS=0.00
else 
if(x6>=x10-x12|x7+x11>x3) CLASS=1.00
else 
CLASS=2.00
** CONFUSION MATRIX ** Number of classes: 3
   5    1    0 
   0    3    1 
   0    0    7 
TEST REPORT=>
CLASS[  0 (  6)] FAIL=16.67% 
CLASS[  1 (  4)] FAIL=25.00% 
CLASS[  2 (  7)] FAIL= 0.00% 
CLASS_ERROR:   11.7647058824 PRECISION:    0.8750000000 RECALL:    0.8611111111 F1SCORE:    0.8680000000
 50:1.2346  100:1.2346  150:1.2346  200:1.2346  250:1.2346  300:1.2346  350:1.2346  400:1.2346  450:1.2346  500:1.2346 TEST REPORT=>
CLASS[  0 (  6)] FAIL=16.67% 
CLASS[  1 (  4)] FAIL=25.00% 
CLASS[  2 (  7)] FAIL= 0.00% 
GENERATION=  506 FITNESS=    -1.235% TEST_ERROR=     11.76%
PROGRAMS=
if(!(x7<(x1+sin((exp(((x13+sin((-5.49)))+(-44.81)))/(-9.94))))|x7<x9|x8<=cos((cos((-1.25))+x2)))) CLASS=0.00
else 
if(x6>=x10-x12|x7+x11>x3) CLASS=1.00
else 
CLASS=2.00
** CONFUSION MATRIX ** Number of classes: 3
   5    1    0 
   0    3    1 
   0    0    7 
TEST REPORT=>
CLASS[  0 (  6)] FAIL=16.67% 
CLASS[  1 (  4)] FAIL=25.00% 
CLASS[  2 (  7)] FAIL= 0.00% 
CLASS_ERROR:   11.7647058824 PRECISION:    0.8750000000 RECALL:    0.8611111111 F1SCORE:    0.8680000000
 50:1.2346  100:1.2346  150:1.2346  200:1.2346  250:1.2346  300:1.2346  350:1.2346  400:1.2346  450:1.2346  500:1.2346 TEST REPORT=>
CLASS[  0 (  6)] FAIL=16.67% 
CLASS[  1 (  4)] FAIL=25.00% 
CLASS[  2 (  7)] FAIL= 0.00% 
GENERATION=  507 FITNESS=    -1.235% TEST_ERROR=     11.76%
PROGRAMS=
if(!(x7<(x1+sin((exp(((x13+sin((-5.49)))+(-44.81)))/(-9.94))))|x7<x9|x8<=cos((cos((-1.25))+x2)))) CLASS=0.00
else 
if(x6>=x10-x12|x7+x11>x3) CLASS=1.00
else 
CLASS=2.00
** CONFUSION MATRIX ** Number of classes: 3
   5    1    0 
   0    3    1 
   0    0    7 
TEST REPORT=>
CLASS[  0 (  6)] FAIL=16.67% 
CLASS[  1 (  4)] FAIL=25.00% 
CLASS[  2 (  7)] FAIL= 0.00% 
CLASS_ERROR:   11.7647058824 PRECISION:    0.8750000000 RECALL:    0.8611111111 F1SCORE:    0.8680000000
 50:1.2346  100:1.2346  150:1.2346  200:1.2346  250:1.2346  300:1.2346  350:1.2346  400:1.2346  450:1.2346  500:1.2346 TEST REPORT=>
CLASS[  0 (  6)] FAIL=16.67% 
CLASS[  1 (  4)] FAIL=25.00% 
CLASS[  2 (  7)] FAIL= 0.00% 
GENERATION=  508 FITNESS=    -1.235% TEST_ERROR=     11.76%
PROGRAMS=
if(!(x7<(x1+sin((exp(((x13+sin((-5.49)))+(-44.81)))/(-9.94))))|x7<x9|x8<=cos((cos((-1.25))+x2)))) CLASS=0.00
else 
if(x6>=x10-x12|x7+x11>x3) CLASS=1.00
else 
CLASS=2.00
** CONFUSION MATRIX ** Number of classes: 3
   5    1    0 
   0    3    1 
   0    0    7 
TEST REPORT=>
CLASS[  0 (  6)] FAIL=16.67% 
CLASS[  1 (  4)] FAIL=25.00% 
CLASS[  2 (  7)] FAIL= 0.00% 
CLASS_ERROR:   11.7647058824 PRECISION:    0.8750000000 RECALL:    0.8611111111 F1SCORE:    0.8680000000
 50:1.2346  100:1.2346  150:1.2346  200:1.2346  250:1.2346  300:1.2346  350:1.2346  400:1.2346  450:1.2346  500:1.2346 TEST REPORT=>
CLASS[  0 (  6)] FAIL=16.67% 
CLASS[  1 (  4)] FAIL=25.00% 
CLASS[  2 (  7)] FAIL= 0.00% 
GENERATION=  509 FITNESS=    -1.235% TEST_ERROR=     11.76%
PROGRAMS=
if(!(x7<(x1+sin((exp(((x13+sin((-5.49)))+(-44.81)))/(-9.94))))|x7<x9|x8<=cos((cos((-1.25))+x2)))) CLASS=0.00
else 
if(x6>=x10-x12|x7+x11>x3) CLASS=1.00
else 
CLASS=2.00
** CONFUSION MATRIX ** Number of classes: 3
   5    1    0 
   0    3    1 
   0    0    7 
TEST REPORT=>
CLASS[  0 (  6)] FAIL=16.67% 
CLASS[  1 (  4)] FAIL=25.00% 
CLASS[  2 (  7)] FAIL= 0.00% 
CLASS_ERROR:   11.7647058824 PRECISION:    0.8750000000 RECALL:    0.8611111111 F1SCORE:    0.8680000000
 50:1.2346  100:1.2346  150:1.2346  200:1.2346  250:1.2346  300:1.2346  350:1.2346  400:1.2346  450:1.2346  500:1.2346 TEST REPORT=>
CLASS[  0 (  6)] FAIL=16.67% 
CLASS[  1 (  4)] FAIL=25.00% 
CLASS[  2 (  7)] FAIL= 0.00% 
GENERATION=  510 FITNESS=    -1.235% TEST_ERROR=     11.76%
PROGRAMS=
if(!(x7<(x1+sin((exp(((x13+sin((-5.49)))+(-44.81)))/(-9.94))))|x7<x9|x8<=cos((cos((-1.25))+x2)))) CLASS=0.00
else 
if(x6>=x10-x12|x7+x11>x3) CLASS=1.00
else 
CLASS=2.00
** CONFUSION MATRIX ** Number of classes: 3
   5    1    0 
   0    3    1 
   0    0    7 
TEST REPORT=>
CLASS[  0 (  6)] FAIL=16.67% 
CLASS[  1 (  4)] FAIL=25.00% 
CLASS[  2 (  7)] FAIL= 0.00% 
CLASS_ERROR:   11.7647058824 PRECISION:    0.8750000000 RECALL:    0.8611111111 F1SCORE:    0.8680000000
 50:1.2346  100:1.2346  150:1.2346  200:1.2346  250:1.2346  300:1.2346  350:1.2346  400:1.2346  450:1.2346  500:1.2346 TEST REPORT=>
CLASS[  0 (  6)] FAIL=16.67% 
CLASS[  1 (  4)] FAIL=25.00% 
CLASS[  2 (  7)] FAIL= 0.00% 
GENERATION=  511 FITNESS=    -1.235% TEST_ERROR=     11.76%
PROGRAMS=
if(!(x7<(x1+sin((exp(((x13+sin((-5.49)))+(-44.81)))/(-9.94))))|x7<x9|x8<=cos((cos((-1.25))+x2)))) CLASS=0.00
else 
if(x6>=x10-x12|x7+x11>x3) CLASS=1.00
else 
CLASS=2.00
** CONFUSION MATRIX ** Number of classes: 3
   5    1    0 
   0    3    1 
   0    0    7 
TEST REPORT=>
CLASS[  0 (  6)] FAIL=16.67% 
CLASS[  1 (  4)] FAIL=25.00% 
CLASS[  2 (  7)] FAIL= 0.00% 
CLASS_ERROR:   11.7647058824 PRECISION:    0.8750000000 RECALL:    0.8611111111 F1SCORE:    0.8680000000
 50:1.2346  100:1.2346  150:1.2346  200:1.2346  250:1.2346  300:1.2346  350:1.2346  400:1.2346  450:1.2346  500:1.2346 
TARGETED STAGNATION BURST generation=512 stagnation=20
TARGETED_BEST[0] START fitness=-1.2345679012
TARGETED_BEST[0] END fitness=-1.2345679012 accepted=0
TARGETED_BEST[1] START fitness=-1.2345679012
TARGETED_BEST[1] END fitness=-1.2345679012 accepted=0
TARGETED_BEST[2] START fitness=-1.2345679012
TARGETED_BEST[2] END fitness=-1.2345679012 accepted=0
TARGETED_BEST[3] START fitness=-1.2345679012
TARGETED_BEST[3] END fitness=-1.2345679012 accepted=0
TARGETED_BEST[4] START fitness=-1.2345679012
TARGETED_BEST[4] END fitness=-1.2345679012 accepted=0
TARGETED_BEST[5] START fitness=-1.2345679012
TARGETED_BEST[5] END fitness=-1.2345679012 accepted=0
TARGETED_BEST[6] START fitness=-1.2345679012
TARGETED_BEST[6] END fitness=-1.2345679012 accepted=0
TARGETED_BEST[7] START fitness=-1.2345679012
TARGETED_BEST[7] END fitness=-1.2345679012 accepted=0
TARGETED_BEST[8] START fitness=-1.2345679012
TARGETED_BEST[8] END fitness=-1.2345679012 accepted=0
TARGETED_BEST[9] START fitness=-1.2345679012
TARGETED_BEST[9] END fitness=-1.2345679012 accepted=0
TARGETED_BEST[10] START fitness=-1.2345679012
TARGETED_BEST[10] END fitness=-1.2345679012 accepted=0
TARGETED_BEST[11] START fitness=-1.2345679012
TARGETED_BEST[11] END fitness=-1.2345679012 accepted=0
TARGETED_BEST[12] START fitness=-1.2345679012
TARGETED_BEST[12] END fitness=-1.2345679012 accepted=0
TARGETED_BEST[13] START fitness=-1.2345679012
TARGETED_BEST[13] END fitness=-1.2345679012 accepted=0
TARGETED_BEST[14] START fitness=-1.2345679012
TARGETED_BEST[14] END fitness=-1.2345679012 accepted=0
TARGETED_BEST[15] START fitness=-1.2345679012
TARGETED_BEST[15] END fitness=-1.2345679012 accepted=0
TARGETED_BEST[16] START fitness=-1.2345679012
TARGETED_BEST[16] END fitness=-1.2345679012 accepted=0
TARGETED_BEST[17] START fitness=-1.2345679012
TARGETED_BEST[17] END fitness=-1.2345679012 accepted=0
TARGETED_BEST[18] START fitness=-1.2345679012
TARGETED_BEST[18] END fitness=-1.2345679012 accepted=0
TARGETED_BEST[19] START fitness=-1.2345679012
TARGETED_BEST[19] END fitness=-1.2345679012 accepted=0
TEST REPORT=>
CLASS[  0 (  6)] FAIL=16.67% 
CLASS[  1 (  4)] FAIL=25.00% 
CLASS[  2 (  7)] FAIL= 0.00% 
GENERATION=  512 FITNESS=    -1.235% TEST_ERROR=     11.76%
PROGRAMS=
if(!(x7<(x1+sin((exp(((x13+sin((-5.49)))+(-44.81)))/(-9.94))))|x7<x9|x8<=cos((cos((-1.25))+x2)))) CLASS=0.00
else 
if(x6>=x10-x12|x7+x11>x3) CLASS=1.00
else 
CLASS=2.00
** CONFUSION MATRIX ** Number of classes: 3
   5    1    0 
   0    3    1 
   0    0    7 
TEST REPORT=>
CLASS[  0 (  6)] FAIL=16.67% 
CLASS[  1 (  4)] FAIL=25.00% 
CLASS[  2 (  7)] FAIL= 0.00% 
CLASS_ERROR:   11.7647058824 PRECISION:    0.8750000000 RECALL:    0.8611111111 F1SCORE:    0.8680000000
 50:1.2346  100:1.2346  150:1.2346  200:1.2346  250:1.2346  300:1.2346  350:1.2346  400:1.2346  450:1.2346  500:1.2346 TEST REPORT=>
CLASS[  0 (  6)] FAIL=16.67% 
CLASS[  1 (  4)] FAIL=25.00% 
CLASS[  2 (  7)] FAIL= 0.00% 
GENERATION=  513 FITNESS=    -1.235% TEST_ERROR=     11.76%
PROGRAMS=
if(!(x7<(x1+sin((exp(((x13+sin((-5.49)))+(-44.81)))/(-9.94))))|x7<x9|x8<=cos((cos((-1.25))+x2)))) CLASS=0.00
else 
if(x6>=x10-x12|x7+x11>x3) CLASS=1.00
else 
CLASS=2.00
** CONFUSION MATRIX ** Number of classes: 3
   5    1    0 
   0    3    1 
   0    0    7 
TEST REPORT=>
CLASS[  0 (  6)] FAIL=16.67% 
CLASS[  1 (  4)] FAIL=25.00% 
CLASS[  2 (  7)] FAIL= 0.00% 
CLASS_ERROR:   11.7647058824 PRECISION:    0.8750000000 RECALL:    0.8611111111 F1SCORE:    0.8680000000
 50:1.2346  100:1.2346  150:1.2346  200:1.2346  250:1.2346  300:1.2346  350:1.2346  400:1.2346  450:1.2346  500:1.2346 TEST REPORT=>
CLASS[  0 (  6)] FAIL=16.67% 
CLASS[  1 (  4)] FAIL=25.00% 
CLASS[  2 (  7)] FAIL= 0.00% 
GENERATION=  514 FITNESS=    -1.235% TEST_ERROR=     11.76%
PROGRAMS=
if(!(x7<(x1+sin((exp(((x13+sin((-5.49)))+(-44.81)))/(-9.94))))|x7<x9|x8<=cos((cos((-1.25))+x2)))) CLASS=0.00
else 
if(x6>=x10-x12|x7+x11>x3) CLASS=1.00
else 
CLASS=2.00
** CONFUSION MATRIX ** Number of classes: 3
   5    1    0 
   0    3    1 
   0    0    7 
TEST REPORT=>
CLASS[  0 (  6)] FAIL=16.67% 
CLASS[  1 (  4)] FAIL=25.00% 
CLASS[  2 (  7)] FAIL= 0.00% 
CLASS_ERROR:   11.7647058824 PRECISION:    0.8750000000 RECALL:    0.8611111111 F1SCORE:    0.8680000000
 50:1.2346  100:1.2346  150:1.2346  200:1.2346  250:1.2346  300:1.2346  350:1.2346  400:1.2346  450:1.2346  500:1.2346 TEST REPORT=>
CLASS[  0 (  6)] FAIL=16.67% 
CLASS[  1 (  4)] FAIL=25.00% 
CLASS[  2 (  7)] FAIL= 0.00% 
GENERATION=  515 FITNESS=    -1.235% TEST_ERROR=     11.76%
PROGRAMS=
if(!(x7<(x1+sin((exp(((x13+sin((-5.49)))+(-44.81)))/(-9.94))))|x7<x9|x8<=cos((cos((-1.25))+x2)))) CLASS=0.00
else 
if(x6>=x10-x12|x7+x11>x3) CLASS=1.00
else 
CLASS=2.00
** CONFUSION MATRIX ** Number of classes: 3
   5    1    0 
   0    3    1 
   0    0    7 
TEST REPORT=>
CLASS[  0 (  6)] FAIL=16.67% 
CLASS[  1 (  4)] FAIL=25.00% 
CLASS[  2 (  7)] FAIL= 0.00% 
CLASS_ERROR:   11.7647058824 PRECISION:    0.8750000000 RECALL:    0.8611111111 F1SCORE:    0.8680000000
 50:1.2346  100:1.2346  150:1.2346  200:1.2346  250:1.2346  300:1.2346  350:1.2346  400:1.2346  450:1.2346  500:1.2346 TEST REPORT=>
CLASS[  0 (  6)] FAIL=16.67% 
CLASS[  1 (  4)] FAIL=25.00% 
CLASS[  2 (  7)] FAIL= 0.00% 
GENERATION=  516 FITNESS=    -1.235% TEST_ERROR=     11.76%
PROGRAMS=
if(!(x7<(x1+sin((exp(((x13+sin((-5.49)))+(-44.81)))/(-9.94))))|x7<x9|x8<=cos((cos((-1.25))+x2)))) CLASS=0.00
else 
if(x6>=x10-x12|x7+x11>x3) CLASS=1.00
else 
CLASS=2.00
** CONFUSION MATRIX ** Number of classes: 3
   5    1    0 
   0    3    1 
   0    0    7 
TEST REPORT=>
CLASS[  0 (  6)] FAIL=16.67% 
CLASS[  1 (  4)] FAIL=25.00% 
CLASS[  2 (  7)] FAIL= 0.00% 
CLASS_ERROR:   11.7647058824 PRECISION:    0.8750000000 RECALL:    0.8611111111 F1SCORE:    0.8680000000
 50:1.2346  100:1.2346  150:1.2346  200:1.2346  250:1.2346  300:1.2346  350:1.2346  400:1.2346  450:1.2346  500:1.2346 TEST REPORT=>
CLASS[  0 (  6)] FAIL=16.67% 
CLASS[  1 (  4)] FAIL=25.00% 
CLASS[  2 (  7)] FAIL= 0.00% 
GENERATION=  517 FITNESS=    -1.235% TEST_ERROR=     11.76%
PROGRAMS=
if(!(x7<(x1+sin((exp(((x13+sin((-5.49)))+(-44.81)))/(-9.94))))|x7<x9|x8<=cos((cos((-1.25))+x2)))) CLASS=0.00
else 
if(x6>=x10-x12|x7+x11>x3) CLASS=1.00
else 
CLASS=2.00
** CONFUSION MATRIX ** Number of classes: 3
   5    1    0 
   0    3    1 
   0    0    7 
TEST REPORT=>
CLASS[  0 (  6)] FAIL=16.67% 
CLASS[  1 (  4)] FAIL=25.00% 
CLASS[  2 (  7)] FAIL= 0.00% 
CLASS_ERROR:   11.7647058824 PRECISION:    0.8750000000 RECALL:    0.8611111111 F1SCORE:    0.8680000000
 50:1.2346  100:1.2346  150:1.2346  200:1.2346  250:1.2346  300:1.2346  350:1.2346  400:1.2346  450:1.2346  500:1.2346 TEST REPORT=>
CLASS[  0 (  6)] FAIL=16.67% 
CLASS[  1 (  4)] FAIL=25.00% 
CLASS[  2 (  7)] FAIL= 0.00% 
GENERATION=  518 FITNESS=    -1.235% TEST_ERROR=     11.76%
PROGRAMS=
if(!(x7<(x1+sin((exp(((x13+sin((-5.49)))+(-44.81)))/(-9.94))))|x7<x9|x8<=cos((cos((-1.25))+x2)))) CLASS=0.00
else 
if(x6>=x10-x12|x7+x11>x3) CLASS=1.00
else 
CLASS=2.00
** CONFUSION MATRIX ** Number of classes: 3
   5    1    0 
   0    3    1 
   0    0    7 
TEST REPORT=>
CLASS[  0 (  6)] FAIL=16.67% 
CLASS[  1 (  4)] FAIL=25.00% 
CLASS[  2 (  7)] FAIL= 0.00% 
CLASS_ERROR:   11.7647058824 PRECISION:    0.8750000000 RECALL:    0.8611111111 F1SCORE:    0.8680000000
 50:1.2346  100:1.2346  150:1.2346  200:1.2346  250:1.2346  300:1.2346  350:1.2346  400:1.2346  450:1.2346  500:1.2346 TEST REPORT=>
CLASS[  0 (  6)] FAIL=16.67% 
CLASS[  1 (  4)] FAIL=25.00% 
CLASS[  2 (  7)] FAIL= 0.00% 
GENERATION=  519 FITNESS=    -1.235% TEST_ERROR=     11.76%
PROGRAMS=
if(!(x7<(x1+sin((exp(((x13+sin((-5.49)))+(-44.81)))/(-9.94))))|x7<x9|x8<=cos((cos((-1.25))+x2)))) CLASS=0.00
else 
if(x6>=x10-x12|x7+x11>x3) CLASS=1.00
else 
CLASS=2.00
** CONFUSION MATRIX ** Number of classes: 3
   5    1    0 
   0    3    1 
   0    0    7 
TEST REPORT=>
CLASS[  0 (  6)] FAIL=16.67% 
CLASS[  1 (  4)] FAIL=25.00% 
CLASS[  2 (  7)] FAIL= 0.00% 
CLASS_ERROR:   11.7647058824 PRECISION:    0.8750000000 RECALL:    0.8611111111 F1SCORE:    0.8680000000
 50:1.2346  100:1.2346  150:1.2346  200:1.2346  250:1.2346  300:1.2346  350:1.2346  400:1.2346  450:1.2346  500:1.2346 TEST REPORT=>
CLASS[  0 (  6)] FAIL=16.67% 
CLASS[  1 (  4)] FAIL=25.00% 
CLASS[  2 (  7)] FAIL= 0.00% 
GENERATION=  520 FITNESS=    -1.235% TEST_ERROR=     11.76%
PROGRAMS=
if(!(x7<(x1+sin((exp(((x13+sin((-5.49)))+(-44.81)))/(-9.94))))|x7<x9|x8<=cos((cos((-1.25))+x2)))) CLASS=0.00
else 
if(x6>=x10-x12|x7+x11>x3) CLASS=1.00
else 
CLASS=2.00
** CONFUSION MATRIX ** Number of classes: 3
   5    1    0 
   0    3    1 
   0    0    7 
TEST REPORT=>
CLASS[  0 (  6)] FAIL=16.67% 
CLASS[  1 (  4)] FAIL=25.00% 
CLASS[  2 (  7)] FAIL= 0.00% 
CLASS_ERROR:   11.7647058824 PRECISION:    0.8750000000 RECALL:    0.8611111111 F1SCORE:    0.8680000000
 50:1.2346  100:1.2346  150:1.2346  200:1.2346  250:1.2346  300:1.2346  350:1.2346  400:1.2346  450:1.2346  500:1.2346 TEST REPORT=>
CLASS[  0 (  6)] FAIL=16.67% 
CLASS[  1 (  4)] FAIL=25.00% 
CLASS[  2 (  7)] FAIL= 0.00% 
GENERATION=  521 FITNESS=    -1.235% TEST_ERROR=     11.76%
PROGRAMS=
if(!(x7<(x1+sin((exp(((x13+sin((-5.49)))+(-44.81)))/(-9.94))))|x7<x9|x8<=cos((cos((-1.25))+x2)))) CLASS=0.00
else 
if(x6>=x10-x12|x7+x11>x3) CLASS=1.00
else 
CLASS=2.00
** CONFUSION MATRIX ** Number of classes: 3
   5    1    0 
   0    3    1 
   0    0    7 
TEST REPORT=>
CLASS[  0 (  6)] FAIL=16.67% 
CLASS[  1 (  4)] FAIL=25.00% 
CLASS[  2 (  7)] FAIL= 0.00% 
CLASS_ERROR:   11.7647058824 PRECISION:    0.8750000000 RECALL:    0.8611111111 F1SCORE:    0.8680000000
 50:1.2346  100:1.2346  150:1.2346  200:1.2346  250:1.2346  300:1.2346  350:1.2346  400:1.2346  450:1.2346  500:1.2346 TEST REPORT=>
CLASS[  0 (  6)] FAIL=16.67% 
CLASS[  1 (  4)] FAIL=25.00% 
CLASS[  2 (  7)] FAIL= 0.00% 
GENERATION=  522 FITNESS=    -1.235% TEST_ERROR=     11.76%
PROGRAMS=
if(!(x7<(x1+sin((exp(((x13+sin((-5.49)))+(-44.81)))/(-9.94))))|x7<x9|x8<=cos((cos((-1.25))+x2)))) CLASS=0.00
else 
if(x6>=x10-x12|x7+x11>x3) CLASS=1.00
else 
CLASS=2.00
** CONFUSION MATRIX ** Number of classes: 3
   5    1    0 
   0    3    1 
   0    0    7 
TEST REPORT=>
CLASS[  0 (  6)] FAIL=16.67% 
CLASS[  1 (  4)] FAIL=25.00% 
CLASS[  2 (  7)] FAIL= 0.00% 
CLASS_ERROR:   11.7647058824 PRECISION:    0.8750000000 RECALL:    0.8611111111 F1SCORE:    0.8680000000
 50:1.2346  100:1.2346  150:1.2346  200:1.2346  250:1.2346  300:1.2346  350:1.2346  400:1.2346  450:1.2346  500:1.2346 TEST REPORT=>
CLASS[  0 (  6)] FAIL=16.67% 
CLASS[  1 (  4)] FAIL=25.00% 
CLASS[  2 (  7)] FAIL= 0.00% 
GENERATION=  523 FITNESS=    -1.235% TEST_ERROR=     11.76%
PROGRAMS=
if(!(x7<(x1+sin((exp(((x13+sin((-5.49)))+(-44.81)))/(-9.94))))|x7<x9|x8<=cos((cos((-1.25))+x2)))) CLASS=0.00
else 
if(x6>=x10-x12|x7+x11>x3) CLASS=1.00
else 
CLASS=2.00
** CONFUSION MATRIX ** Number of classes: 3
   5    1    0 
   0    3    1 
   0    0    7 
TEST REPORT=>
CLASS[  0 (  6)] FAIL=16.67% 
CLASS[  1 (  4)] FAIL=25.00% 
CLASS[  2 (  7)] FAIL= 0.00% 
CLASS_ERROR:   11.7647058824 PRECISION:    0.8750000000 RECALL:    0.8611111111 F1SCORE:    0.8680000000
 50:1.2346  100:1.2346  150:1.2346  200:1.2346  250:1.2346  300:1.2346  350:1.2346  400:1.2346  450:1.2346  500:1.2346 TEST REPORT=>
CLASS[  0 (  6)] FAIL=16.67% 
CLASS[  1 (  4)] FAIL=25.00% 
CLASS[  2 (  7)] FAIL= 0.00% 
GENERATION=  524 FITNESS=    -1.235% TEST_ERROR=     11.76%
PROGRAMS=
if(!(x7<(x1+sin((exp(((x13+sin((-5.49)))+(-44.81)))/(-9.94))))|x7<x9|x8<=cos((cos((-1.25))+x2)))) CLASS=0.00
else 
if(x6>=x10-x12|x7+x11>x3) CLASS=1.00
else 
CLASS=2.00
** CONFUSION MATRIX ** Number of classes: 3
   5    1    0 
   0    3    1 
   0    0    7 
TEST REPORT=>
CLASS[  0 (  6)] FAIL=16.67% 
CLASS[  1 (  4)] FAIL=25.00% 
CLASS[  2 (  7)] FAIL= 0.00% 
CLASS_ERROR:   11.7647058824 PRECISION:    0.8750000000 RECALL:    0.8611111111 F1SCORE:    0.8680000000
 50:1.2346  100:1.2346  150:1.2346  200:1.2346  250:1.2346  300:1.2346  350:1.2346  400:1.2346  450:1.2346  500:1.2346 TEST REPORT=>
CLASS[  0 (  6)] FAIL=16.67% 
CLASS[  1 (  4)] FAIL=25.00% 
CLASS[  2 (  7)] FAIL= 0.00% 
GENERATION=  525 FITNESS=    -1.235% TEST_ERROR=     11.76%
PROGRAMS=
if(!(x7<(x1+sin((exp(((x13+sin((-5.49)))+(-44.81)))/(-9.94))))|x7<x9|x8<=cos((cos((-1.25))+x2)))) CLASS=0.00
else 
if(x6>=x10-x12|x7+x11>x3) CLASS=1.00
else 
CLASS=2.00
** CONFUSION MATRIX ** Number of classes: 3
   5    1    0 
   0    3    1 
   0    0    7 
TEST REPORT=>
CLASS[  0 (  6)] FAIL=16.67% 
CLASS[  1 (  4)] FAIL=25.00% 
CLASS[  2 (  7)] FAIL= 0.00% 
CLASS_ERROR:   11.7647058824 PRECISION:    0.8750000000 RECALL:    0.8611111111 F1SCORE:    0.8680000000
 50:1.2346  100:1.2346  150:1.2346  200:1.2346  250:1.2346  300:1.2346  350:1.2346  400:1.2346  450:1.2346  500:1.2346 TEST REPORT=>
CLASS[  0 (  6)] FAIL=16.67% 
CLASS[  1 (  4)] FAIL=25.00% 
CLASS[  2 (  7)] FAIL= 0.00% 
GENERATION=  526 FITNESS=    -1.235% TEST_ERROR=     11.76%
PROGRAMS=
if(!(x7<(x1+sin((exp(((x13+sin((-5.49)))+(-44.81)))/(-9.94))))|x7<x9|x8<=cos((cos((-1.25))+x2)))) CLASS=0.00
else 
if(x6>=x10-x12|x7+x11>x3) CLASS=1.00
else 
CLASS=2.00
** CONFUSION MATRIX ** Number of classes: 3
   5    1    0 
   0    3    1 
   0    0    7 
TEST REPORT=>
CLASS[  0 (  6)] FAIL=16.67% 
CLASS[  1 (  4)] FAIL=25.00% 
CLASS[  2 (  7)] FAIL= 0.00% 
CLASS_ERROR:   11.7647058824 PRECISION:    0.8750000000 RECALL:    0.8611111111 F1SCORE:    0.8680000000
 50:1.2346  100:1.2346  150:1.2346  200:1.2346  250:1.2346  300:1.2346  350:1.2346  400:1.2346  450:1.2346  500:1.2346 TEST REPORT=>
CLASS[  0 (  6)] FAIL=16.67% 
CLASS[  1 (  4)] FAIL=25.00% 
CLASS[  2 (  7)] FAIL= 0.00% 
GENERATION=  527 FITNESS=    -1.235% TEST_ERROR=     11.76%
PROGRAMS=
if(!(x7<(x1+sin((exp(((x13+sin((-5.49)))+(-44.81)))/(-9.94))))|x7<x9|x8<=cos((cos((-1.25))+x2)))) CLASS=0.00
else 
if(x6>=x10-x12|x7+x11>x3) CLASS=1.00
else 
CLASS=2.00
** CONFUSION MATRIX ** Number of classes: 3
   5    1    0 
   0    3    1 
   0    0    7 
TEST REPORT=>
CLASS[  0 (  6)] FAIL=16.67% 
CLASS[  1 (  4)] FAIL=25.00% 
CLASS[  2 (  7)] FAIL= 0.00% 
CLASS_ERROR:   11.7647058824 PRECISION:    0.8750000000 RECALL:    0.8611111111 F1SCORE:    0.8680000000
 50:1.2346  100:1.2346  150:1.2346  200:1.2346  250:1.2346  300:1.2346  350:1.2346  400:1.2346  450:1.2346  500:1.2346 TEST REPORT=>
CLASS[  0 (  6)] FAIL=16.67% 
CLASS[  1 (  4)] FAIL=25.00% 
CLASS[  2 (  7)] FAIL= 0.00% 
GENERATION=  528 FITNESS=    -1.235% TEST_ERROR=     11.76%
PROGRAMS=
if(!(x7<(x1+sin((exp(((x13+sin((-5.49)))+(-44.81)))/(-9.94))))|x7<x9|x8<=cos((cos((-1.25))+x2)))) CLASS=0.00
else 
if(x6>=x10-x12|x7+x11>x3) CLASS=1.00
else 
CLASS=2.00
** CONFUSION MATRIX ** Number of classes: 3
   5    1    0 
   0    3    1 
   0    0    7 
TEST REPORT=>
CLASS[  0 (  6)] FAIL=16.67% 
CLASS[  1 (  4)] FAIL=25.00% 
CLASS[  2 (  7)] FAIL= 0.00% 
CLASS_ERROR:   11.7647058824 PRECISION:    0.8750000000 RECALL:    0.8611111111 F1SCORE:    0.8680000000
 50:1.2346  100:1.2346  150:1.2346  200:1.2346  250:1.2346  300:1.2346  350:1.2346  400:1.2346  450:1.2346  500:1.2346 TEST REPORT=>
CLASS[  0 (  6)] FAIL=16.67% 
CLASS[  1 (  4)] FAIL=25.00% 
CLASS[  2 (  7)] FAIL= 0.00% 
GENERATION=  529 FITNESS=    -1.235% TEST_ERROR=     11.76%
PROGRAMS=
if(!(x7<(x1+sin((exp(((x13+sin((-5.49)))+(-44.81)))/(-9.94))))|x7<x9|x8<=cos((cos((-1.25))+x2)))) CLASS=0.00
else 
if(x6>=x10-x12|x7+x11>x3) CLASS=1.00
else 
CLASS=2.00
** CONFUSION MATRIX ** Number of classes: 3
   5    1    0 
   0    3    1 
   0    0    7 
TEST REPORT=>
CLASS[  0 (  6)] FAIL=16.67% 
CLASS[  1 (  4)] FAIL=25.00% 
CLASS[  2 (  7)] FAIL= 0.00% 
CLASS_ERROR:   11.7647058824 PRECISION:    0.8750000000 RECALL:    0.8611111111 F1SCORE:    0.8680000000
 50:1.2346  100:1.2346  150:1.2346  200:1.2346  250:1.2346  300:1.2346  350:1.2346  400:1.2346  450:1.2346  500:1.2346 TEST REPORT=>
CLASS[  0 (  6)] FAIL=16.67% 
CLASS[  1 (  4)] FAIL=25.00% 
CLASS[  2 (  7)] FAIL= 0.00% 
GENERATION=  530 FITNESS=    -1.235% TEST_ERROR=     11.76%
PROGRAMS=
if(!(x7<(x1+sin((exp(((x13+sin((-5.49)))+(-44.81)))/(-9.94))))|x7<x9|x8<=cos((cos((-1.25))+x2)))) CLASS=0.00
else 
if(x6>=x10-x12|x7+x11>x3) CLASS=1.00
else 
CLASS=2.00
** CONFUSION MATRIX ** Number of classes: 3
   5    1    0 
   0    3    1 
   0    0    7 
TEST REPORT=>
CLASS[  0 (  6)] FAIL=16.67% 
CLASS[  1 (  4)] FAIL=25.00% 
CLASS[  2 (  7)] FAIL= 0.00% 
CLASS_ERROR:   11.7647058824 PRECISION:    0.8750000000 RECALL:    0.8611111111 F1SCORE:    0.8680000000
 50:1.2346  100:1.2346  150:1.2346  200:1.2346  250:1.2346  300:1.2346  350:1.2346  400:1.2346  450:1.2346  500:1.2346 TEST REPORT=>
CLASS[  0 (  6)] FAIL=16.67% 
CLASS[  1 (  4)] FAIL=25.00% 
CLASS[  2 (  7)] FAIL= 0.00% 
GENERATION=  531 FITNESS=    -1.235% TEST_ERROR=     11.76%
PROGRAMS=
if(!(x7<(x1+sin((exp(((x13+sin((-5.49)))+(-44.81)))/(-9.94))))|x7<x9|x8<=cos((cos((-1.25))+x2)))) CLASS=0.00
else 
if(x6>=x10-x12|x7+x11>x3) CLASS=1.00
else 
CLASS=2.00
** CONFUSION MATRIX ** Number of classes: 3
   5    1    0 
   0    3    1 
   0    0    7 
TEST REPORT=>
CLASS[  0 (  6)] FAIL=16.67% 
CLASS[  1 (  4)] FAIL=25.00% 
CLASS[  2 (  7)] FAIL= 0.00% 
CLASS_ERROR:   11.7647058824 PRECISION:    0.8750000000 RECALL:    0.8611111111 F1SCORE:    0.8680000000
 50:1.2346  100:1.2346  150:1.2346  200:1.2346  250:1.2346  300:1.2346  350:1.2346  400:1.2346  450:1.2346  500:1.2346 
TARGETED STAGNATION BURST generation=532 stagnation=20
TARGETED_BEST[0] START fitness=-1.2345679012
TARGETED_BEST[0] END fitness=-1.2345679012 accepted=0
TARGETED_BEST[1] START fitness=-1.2345679012
TARGETED_BEST[1] END fitness=-1.2345679012 accepted=0
TARGETED_BEST[2] START fitness=-1.2345679012
TARGETED_BEST[2] END fitness=-1.2345679012 accepted=0
TARGETED_BEST[3] START fitness=-1.2345679012
TARGETED_BEST[3] END fitness=-1.2345679012 accepted=0
TARGETED_BEST[4] START fitness=-1.2345679012
TARGETED_BEST[4] END fitness=-1.2345679012 accepted=0
TARGETED_BEST[5] START fitness=-1.2345679012
TARGETED_BEST[5] END fitness=-1.2345679012 accepted=0
TARGETED_BEST[6] START fitness=-1.2345679012
TARGETED_BEST[6] END fitness=-1.2345679012 accepted=0
TARGETED_BEST[7] START fitness=-1.2345679012
TARGETED_BEST[7] END fitness=-1.2345679012 accepted=0
TARGETED_BEST[8] START fitness=-1.2345679012
TARGETED_BEST[8] END fitness=-1.2345679012 accepted=0
TARGETED_BEST[9] START fitness=-1.2345679012
TARGETED_BEST[9] END fitness=-1.2345679012 accepted=0
TARGETED_BEST[10] START fitness=-1.2345679012
TARGETED_BEST[10] END fitness=-1.2345679012 accepted=0
TARGETED_BEST[11] START fitness=-1.2345679012
TARGETED_BEST[11] END fitness=-1.2345679012 accepted=0
TARGETED_BEST[12] START fitness=-1.2345679012
TARGETED_BEST[12] END fitness=-1.2345679012 accepted=0
TARGETED_BEST[13] START fitness=-1.2345679012
TARGETED_BEST[13] END fitness=-1.2345679012 accepted=0
TARGETED_BEST[14] START fitness=-1.2345679012
TARGETED_BEST[14] END fitness=-1.2345679012 accepted=0
TARGETED_BEST[15] START fitness=-1.2345679012
TARGETED_BEST[15] END fitness=-1.2345679012 accepted=0
TARGETED_BEST[16] START fitness=-1.2345679012
TARGETED_BEST[16] END fitness=-1.2345679012 accepted=0
TARGETED_BEST[17] START fitness=-1.2345679012
TARGETED_BEST[17] END fitness=-1.2345679012 accepted=0
TARGETED_BEST[18] START fitness=-1.2345679012
TARGETED_BEST[18] END fitness=-1.2345679012 accepted=0
TARGETED_BEST[19] START fitness=-1.2345679012
TARGETED_BEST[19] END fitness=-1.2345679012 accepted=0
TEST REPORT=>
CLASS[  0 (  6)] FAIL=16.67% 
CLASS[  1 (  4)] FAIL=25.00% 
CLASS[  2 (  7)] FAIL= 0.00% 
GENERATION=  532 FITNESS=    -1.235% TEST_ERROR=     11.76%
PROGRAMS=
if(!(x7<(x1+sin((exp(((x13+sin((-5.49)))+(-44.81)))/(-9.94))))|x7<x9|x8<=cos((cos((-1.25))+x2)))) CLASS=0.00
else 
if(x6>=x10-x12|x7+x11>x3) CLASS=1.00
else 
CLASS=2.00
** CONFUSION MATRIX ** Number of classes: 3
   5    1    0 
   0    3    1 
   0    0    7 
TEST REPORT=>
CLASS[  0 (  6)] FAIL=16.67% 
CLASS[  1 (  4)] FAIL=25.00% 
CLASS[  2 (  7)] FAIL= 0.00% 
CLASS_ERROR:   11.7647058824 PRECISION:    0.8750000000 RECALL:    0.8611111111 F1SCORE:    0.8680000000
 50:1.2346  100:1.2346  150:1.2346  200:1.2346  250:1.2346  300:1.2346  350:1.2346  400:1.2346  450:1.2346  500:1.2346 TEST REPORT=>
CLASS[  0 (  6)] FAIL=16.67% 
CLASS[  1 (  4)] FAIL=25.00% 
CLASS[  2 (  7)] FAIL= 0.00% 
GENERATION=  533 FITNESS=    -1.235% TEST_ERROR=     11.76%
PROGRAMS=
if(!(x7<(x1+sin((exp(((x13+sin((-5.49)))+(-44.81)))/(-9.94))))|x7<x9|x8<=cos((cos((-1.25))+x2)))) CLASS=0.00
else 
if(x6>=x10-x12|x7+x11>x3) CLASS=1.00
else 
CLASS=2.00
** CONFUSION MATRIX ** Number of classes: 3
   5    1    0 
   0    3    1 
   0    0    7 
TEST REPORT=>
CLASS[  0 (  6)] FAIL=16.67% 
CLASS[  1 (  4)] FAIL=25.00% 
CLASS[  2 (  7)] FAIL= 0.00% 
CLASS_ERROR:   11.7647058824 PRECISION:    0.8750000000 RECALL:    0.8611111111 F1SCORE:    0.8680000000
 50:1.2346  100:1.2346  150:1.2346  200:1.2346  250:1.2346  300:1.2346  350:1.2346  400:1.2346  450:1.2346  500:1.2346 TEST REPORT=>
CLASS[  0 (  6)] FAIL=16.67% 
CLASS[  1 (  4)] FAIL=25.00% 
CLASS[  2 (  7)] FAIL= 0.00% 
GENERATION=  534 FITNESS=    -1.235% TEST_ERROR=     11.76%
PROGRAMS=
if(!(x7<(x1+sin((exp(((x13+sin((-5.49)))+(-44.81)))/(-9.94))))|x7<x9|x8<=cos((cos((-1.25))+x2)))) CLASS=0.00
else 
if(x6>=x10-x12|x7+x11>x3) CLASS=1.00
else 
CLASS=2.00
** CONFUSION MATRIX ** Number of classes: 3
   5    1    0 
   0    3    1 
   0    0    7 
TEST REPORT=>
CLASS[  0 (  6)] FAIL=16.67% 
CLASS[  1 (  4)] FAIL=25.00% 
CLASS[  2 (  7)] FAIL= 0.00% 
CLASS_ERROR:   11.7647058824 PRECISION:    0.8750000000 RECALL:    0.8611111111 F1SCORE:    0.8680000000
 50:1.2346  100:1.2346  150:1.2346  200:1.2346  250:1.2346  300:1.2346  350:1.2346  400:1.2346  450:1.2346  500:1.2346 TEST REPORT=>
CLASS[  0 (  6)] FAIL=16.67% 
CLASS[  1 (  4)] FAIL=25.00% 
CLASS[  2 (  7)] FAIL= 0.00% 
GENERATION=  535 FITNESS=    -1.235% TEST_ERROR=     11.76%
PROGRAMS=
if(!(x7<(x1+sin((exp(((x13+sin((-5.49)))+(-44.81)))/(-9.94))))|x7<x9|x8<=cos((cos((-1.25))+x2)))) CLASS=0.00
else 
if(x6>=x10-x12|x7+x11>x3) CLASS=1.00
else 
CLASS=2.00
** CONFUSION MATRIX ** Number of classes: 3
   5    1    0 
   0    3    1 
   0    0    7 
TEST REPORT=>
CLASS[  0 (  6)] FAIL=16.67% 
CLASS[  1 (  4)] FAIL=25.00% 
CLASS[  2 (  7)] FAIL= 0.00% 
CLASS_ERROR:   11.7647058824 PRECISION:    0.8750000000 RECALL:    0.8611111111 F1SCORE:    0.8680000000
 50:1.2346  100:1.2346  150:1.2346  200:1.2346  250:1.2346  300:1.2346  350:1.2346  400:1.2346  450:1.2346  500:1.2346 TEST REPORT=>
CLASS[  0 (  6)] FAIL=16.67% 
CLASS[  1 (  4)] FAIL=25.00% 
CLASS[  2 (  7)] FAIL= 0.00% 
GENERATION=  536 FITNESS=    -1.235% TEST_ERROR=     11.76%
PROGRAMS=
if(!(x7<(x1+sin((exp(((x13+sin((-5.49)))+(-44.81)))/(-9.94))))|x7<x9|x8<=cos((cos((-1.25))+x2)))) CLASS=0.00
else 
if(x6>=x10-x12|x7+x11>x3) CLASS=1.00
else 
CLASS=2.00
** CONFUSION MATRIX ** Number of classes: 3
   5    1    0 
   0    3    1 
   0    0    7 
TEST REPORT=>
CLASS[  0 (  6)] FAIL=16.67% 
CLASS[  1 (  4)] FAIL=25.00% 
CLASS[  2 (  7)] FAIL= 0.00% 
CLASS_ERROR:   11.7647058824 PRECISION:    0.8750000000 RECALL:    0.8611111111 F1SCORE:    0.8680000000
 50:1.2346  100:1.2346  150:1.2346  200:1.2346  250:1.2346  300:1.2346  350:1.2346  400:1.2346  450:1.2346  500:1.2346 TEST REPORT=>
CLASS[  0 (  6)] FAIL=16.67% 
CLASS[  1 (  4)] FAIL=25.00% 
CLASS[  2 (  7)] FAIL= 0.00% 
GENERATION=  537 FITNESS=    -1.235% TEST_ERROR=     11.76%
PROGRAMS=
if(!(x7<(x1+sin((exp(((x13+sin((-5.49)))+(-44.81)))/(-9.94))))|x7<x9|x8<=cos((cos((-1.25))+x2)))) CLASS=0.00
else 
if(x6>=x10-x12|x7+x11>x3) CLASS=1.00
else 
CLASS=2.00
** CONFUSION MATRIX ** Number of classes: 3
   5    1    0 
   0    3    1 
   0    0    7 
TEST REPORT=>
CLASS[  0 (  6)] FAIL=16.67% 
CLASS[  1 (  4)] FAIL=25.00% 
CLASS[  2 (  7)] FAIL= 0.00% 
CLASS_ERROR:   11.7647058824 PRECISION:    0.8750000000 RECALL:    0.8611111111 F1SCORE:    0.8680000000
 50:1.2346  100:1.2346  150:1.2346  200:1.2346  250:1.2346  300:1.2346  350:1.2346  400:1.2346  450:1.2346  500:1.2346 TEST REPORT=>
CLASS[  0 (  6)] FAIL=16.67% 
CLASS[  1 (  4)] FAIL=25.00% 
CLASS[  2 (  7)] FAIL= 0.00% 
GENERATION=  538 FITNESS=    -1.235% TEST_ERROR=     11.76%
PROGRAMS=
if(!(x7<(x1+sin((exp(((x13+sin((-5.49)))+(-44.81)))/(-9.94))))|x7<x9|x8<=cos((cos((-1.25))+x2)))) CLASS=0.00
else 
if(x6>=x10-x12|x7+x11>x3) CLASS=1.00
else 
CLASS=2.00
** CONFUSION MATRIX ** Number of classes: 3
   5    1    0 
   0    3    1 
   0    0    7 
TEST REPORT=>
CLASS[  0 (  6)] FAIL=16.67% 
CLASS[  1 (  4)] FAIL=25.00% 
CLASS[  2 (  7)] FAIL= 0.00% 
CLASS_ERROR:   11.7647058824 PRECISION:    0.8750000000 RECALL:    0.8611111111 F1SCORE:    0.8680000000
 50:1.2346  100:1.2346  150:1.2346  200:1.2346  250:1.2346  300:1.2346  350:1.2346  400:1.2346  450:1.2346  500:1.2346 TEST REPORT=>
CLASS[  0 (  6)] FAIL=16.67% 
CLASS[  1 (  4)] FAIL=25.00% 
CLASS[  2 (  7)] FAIL= 0.00% 
GENERATION=  539 FITNESS=    -1.235% TEST_ERROR=     11.76%
PROGRAMS=
if(!(x7<(x1+sin((exp(((x13+sin((-5.49)))+(-44.81)))/(-9.94))))|x7<x9|x8<=cos((cos((-1.25))+x2)))) CLASS=0.00
else 
if(x6>=x10-x12|x7+x11>x3) CLASS=1.00
else 
CLASS=2.00
** CONFUSION MATRIX ** Number of classes: 3
   5    1    0 
   0    3    1 
   0    0    7 
TEST REPORT=>
CLASS[  0 (  6)] FAIL=16.67% 
CLASS[  1 (  4)] FAIL=25.00% 
CLASS[  2 (  7)] FAIL= 0.00% 
CLASS_ERROR:   11.7647058824 PRECISION:    0.8750000000 RECALL:    0.8611111111 F1SCORE:    0.8680000000
 50:1.2346  100:1.2346  150:1.2346  200:1.2346  250:1.2346  300:1.2346  350:1.2346  400:1.2346  450:1.2346  500:1.2346 TEST REPORT=>
CLASS[  0 (  6)] FAIL=16.67% 
CLASS[  1 (  4)] FAIL=25.00% 
CLASS[  2 (  7)] FAIL= 0.00% 
GENERATION=  540 FITNESS=    -1.235% TEST_ERROR=     11.76%
PROGRAMS=
if(!(x7<(x1+sin((exp(((x13+sin((-5.49)))+(-44.81)))/(-9.94))))|x7<x9|x8<=cos((cos((-1.25))+x2)))) CLASS=0.00
else 
if(x6>=x10-x12|x7+x11>x3) CLASS=1.00
else 
CLASS=2.00
** CONFUSION MATRIX ** Number of classes: 3
   5    1    0 
   0    3    1 
   0    0    7 
TEST REPORT=>
CLASS[  0 (  6)] FAIL=16.67% 
CLASS[  1 (  4)] FAIL=25.00% 
CLASS[  2 (  7)] FAIL= 0.00% 
CLASS_ERROR:   11.7647058824 PRECISION:    0.8750000000 RECALL:    0.8611111111 F1SCORE:    0.8680000000
 50:1.2346  100:1.2346  150:1.2346  200:1.2346  250:1.2346  300:1.2346  350:1.2346  400:1.2346  450:1.2346  500:1.2346 TEST REPORT=>
CLASS[  0 (  6)] FAIL=16.67% 
CLASS[  1 (  4)] FAIL=25.00% 
CLASS[  2 (  7)] FAIL= 0.00% 
GENERATION=  541 FITNESS=    -1.235% TEST_ERROR=     11.76%
PROGRAMS=
if(!(x7<(x1+sin((exp(((x13+sin((-5.49)))+(-44.81)))/(-9.94))))|x7<x9|x8<=cos((cos((-1.25))+x2)))) CLASS=0.00
else 
if(x6>=x10-x12|x7+x11>x3) CLASS=1.00
else 
CLASS=2.00
** CONFUSION MATRIX ** Number of classes: 3
   5    1    0 
   0    3    1 
   0    0    7 
TEST REPORT=>
CLASS[  0 (  6)] FAIL=16.67% 
CLASS[  1 (  4)] FAIL=25.00% 
CLASS[  2 (  7)] FAIL= 0.00% 
CLASS_ERROR:   11.7647058824 PRECISION:    0.8750000000 RECALL:    0.8611111111 F1SCORE:    0.8680000000
 50:1.2346  100:1.2346  150:1.2346  200:1.2346  250:1.2346  300:1.2346  350:1.2346  400:1.2346  450:1.2346  500:1.2346 TEST REPORT=>
CLASS[  0 (  6)] FAIL=16.67% 
CLASS[  1 (  4)] FAIL=25.00% 
CLASS[  2 (  7)] FAIL= 0.00% 
GENERATION=  542 FITNESS=    -1.235% TEST_ERROR=     11.76%
PROGRAMS=
if(!(x7<(x1+sin((exp(((x13+sin((-5.49)))+(-44.81)))/(-9.94))))|x7<x9|x8<=cos((cos((-1.25))+x2)))) CLASS=0.00
else 
if(x6>=x10-x12|x7+x11>x3) CLASS=1.00
else 
CLASS=2.00
** CONFUSION MATRIX ** Number of classes: 3
   5    1    0 
   0    3    1 
   0    0    7 
TEST REPORT=>
CLASS[  0 (  6)] FAIL=16.67% 
CLASS[  1 (  4)] FAIL=25.00% 
CLASS[  2 (  7)] FAIL= 0.00% 
CLASS_ERROR:   11.7647058824 PRECISION:    0.8750000000 RECALL:    0.8611111111 F1SCORE:    0.8680000000
 50:1.2346  100:1.2346  150:1.2346  200:1.2346  250:1.2346  300:1.2346  350:1.2346  400:1.2346  450:1.2346  500:1.2346 TEST REPORT=>
CLASS[  0 (  6)] FAIL=16.67% 
CLASS[  1 (  4)] FAIL=25.00% 
CLASS[  2 (  7)] FAIL= 0.00% 
GENERATION=  543 FITNESS=    -1.235% TEST_ERROR=     11.76%
PROGRAMS=
if(!(x7<(x1+sin((exp(((x13+sin((-5.49)))+(-44.81)))/(-9.94))))|x7<x9|x8<=cos((cos((-1.25))+x2)))) CLASS=0.00
else 
if(x6>=x10-x12|x7+x11>x3) CLASS=1.00
else 
CLASS=2.00
** CONFUSION MATRIX ** Number of classes: 3
   5    1    0 
   0    3    1 
   0    0    7 
TEST REPORT=>
CLASS[  0 (  6)] FAIL=16.67% 
CLASS[  1 (  4)] FAIL=25.00% 
CLASS[  2 (  7)] FAIL= 0.00% 
CLASS_ERROR:   11.7647058824 PRECISION:    0.8750000000 RECALL:    0.8611111111 F1SCORE:    0.8680000000
 50:1.2346  100:1.2346  150:1.2346  200:1.2346  250:1.2346  300:1.2346  350:1.2346  400:1.2346  450:1.2346  500:1.2346 TEST REPORT=>
CLASS[  0 (  6)] FAIL=16.67% 
CLASS[  1 (  4)] FAIL=25.00% 
CLASS[  2 (  7)] FAIL= 0.00% 
GENERATION=  544 FITNESS=    -1.235% TEST_ERROR=     11.76%
PROGRAMS=
if(!(x7<(x1+sin((exp(((x13+sin((-5.49)))+(-44.81)))/(-9.94))))|x7<x9|x8<=cos((cos((-1.25))+x2)))) CLASS=0.00
else 
if(x6>=x10-x12|x7+x11>x3) CLASS=1.00
else 
CLASS=2.00
** CONFUSION MATRIX ** Number of classes: 3
   5    1    0 
   0    3    1 
   0    0    7 
TEST REPORT=>
CLASS[  0 (  6)] FAIL=16.67% 
CLASS[  1 (  4)] FAIL=25.00% 
CLASS[  2 (  7)] FAIL= 0.00% 
CLASS_ERROR:   11.7647058824 PRECISION:    0.8750000000 RECALL:    0.8611111111 F1SCORE:    0.8680000000
 50:1.2346  100:1.2346  150:1.2346  200:1.2346  250:1.2346  300:1.2346  350:1.2346  400:1.2346  450:1.2346  500:1.2346 TEST REPORT=>
CLASS[  0 (  6)] FAIL=16.67% 
CLASS[  1 (  4)] FAIL=25.00% 
CLASS[  2 (  7)] FAIL= 0.00% 
GENERATION=  545 FITNESS=    -1.235% TEST_ERROR=     11.76%
PROGRAMS=
if(!(x7<(x1+sin((exp(((x13+sin((-5.49)))+(-44.81)))/(-9.94))))|x7<x9|x8<=cos((cos((-1.25))+x2)))) CLASS=0.00
else 
if(x6>=x10-x12|x7+x11>x3) CLASS=1.00
else 
CLASS=2.00
** CONFUSION MATRIX ** Number of classes: 3
   5    1    0 
   0    3    1 
   0    0    7 
TEST REPORT=>
CLASS[  0 (  6)] FAIL=16.67% 
CLASS[  1 (  4)] FAIL=25.00% 
CLASS[  2 (  7)] FAIL= 0.00% 
CLASS_ERROR:   11.7647058824 PRECISION:    0.8750000000 RECALL:    0.8611111111 F1SCORE:    0.8680000000
 50:1.2346  100:1.2346  150:1.2346  200:1.2346  250:1.2346  300:1.2346  350:1.2346  400:1.2346  450:1.2346  500:1.2346 TEST REPORT=>
CLASS[  0 (  6)] FAIL=16.67% 
CLASS[  1 (  4)] FAIL=25.00% 
CLASS[  2 (  7)] FAIL= 0.00% 
GENERATION=  546 FITNESS=    -1.235% TEST_ERROR=     11.76%
PROGRAMS=
if(!(x7<(x1+sin((exp(((x13+sin((-5.49)))+(-44.81)))/(-9.94))))|x7<x9|x8<=cos((cos((-1.25))+x2)))) CLASS=0.00
else 
if(x6>=x10-x12|x7+x11>x3) CLASS=1.00
else 
CLASS=2.00
** CONFUSION MATRIX ** Number of classes: 3
   5    1    0 
   0    3    1 
   0    0    7 
TEST REPORT=>
CLASS[  0 (  6)] FAIL=16.67% 
CLASS[  1 (  4)] FAIL=25.00% 
CLASS[  2 (  7)] FAIL= 0.00% 
CLASS_ERROR:   11.7647058824 PRECISION:    0.8750000000 RECALL:    0.8611111111 F1SCORE:    0.8680000000
 50:1.2346  100:1.2346  150:1.2346  200:1.2346  250:1.2346  300:1.2346  350:1.2346  400:1.2346  450:1.2346  500:1.2346 TEST REPORT=>
CLASS[  0 (  6)] FAIL=16.67% 
CLASS[  1 (  4)] FAIL=25.00% 
CLASS[  2 (  7)] FAIL= 0.00% 
GENERATION=  547 FITNESS=    -1.235% TEST_ERROR=     11.76%
PROGRAMS=
if(!(x7<(x1+sin((exp(((x13+sin((-5.49)))+(-44.81)))/(-9.94))))|x7<x9|x8<=cos((cos((-1.25))+x2)))) CLASS=0.00
else 
if(x6>=x10-x12|x7+x11>x3) CLASS=1.00
else 
CLASS=2.00
** CONFUSION MATRIX ** Number of classes: 3
   5    1    0 
   0    3    1 
   0    0    7 
TEST REPORT=>
CLASS[  0 (  6)] FAIL=16.67% 
CLASS[  1 (  4)] FAIL=25.00% 
CLASS[  2 (  7)] FAIL= 0.00% 
CLASS_ERROR:   11.7647058824 PRECISION:    0.8750000000 RECALL:    0.8611111111 F1SCORE:    0.8680000000
 50:1.2346  100:1.2346  150:1.2346  200:1.2346  250:1.2346  300:1.2346  350:1.2346  400:1.2346  450:1.2346  500:1.2346 TEST REPORT=>
CLASS[  0 (  6)] FAIL=16.67% 
CLASS[  1 (  4)] FAIL=25.00% 
CLASS[  2 (  7)] FAIL= 0.00% 
GENERATION=  548 FITNESS=    -1.235% TEST_ERROR=     11.76%
PROGRAMS=
if(!(x7<(x1+sin((exp(((x13+sin((-5.49)))+(-44.81)))/(-9.94))))|x7<x9|x8<=cos((cos((-1.25))+x2)))) CLASS=0.00
else 
if(x6>=x10-x12|x7+x11>x3) CLASS=1.00
else 
CLASS=2.00
** CONFUSION MATRIX ** Number of classes: 3
   5    1    0 
   0    3    1 
   0    0    7 
TEST REPORT=>
CLASS[  0 (  6)] FAIL=16.67% 
CLASS[  1 (  4)] FAIL=25.00% 
CLASS[  2 (  7)] FAIL= 0.00% 
CLASS_ERROR:   11.7647058824 PRECISION:    0.8750000000 RECALL:    0.8611111111 F1SCORE:    0.8680000000
 50:1.2346  100:1.2346  150:1.2346  200:1.2346  250:1.2346  300:1.2346  350:1.2346  400:1.2346  450:1.2346  500:1.2346 TEST REPORT=>
CLASS[  0 (  6)] FAIL=16.67% 
CLASS[  1 (  4)] FAIL=25.00% 
CLASS[  2 (  7)] FAIL= 0.00% 
GENERATION=  549 FITNESS=    -1.235% TEST_ERROR=     11.76%
PROGRAMS=
if(!(x7<(x1+sin((exp(((x13+sin((-5.49)))+(-44.81)))/(-9.94))))|x7<x9|x8<=cos((cos((-1.25))+x2)))) CLASS=0.00
else 
if(x6>=x10-x12|x7+x11>x3) CLASS=1.00
else 
CLASS=2.00
** CONFUSION MATRIX ** Number of classes: 3
   5    1    0 
   0    3    1 
   0    0    7 
TEST REPORT=>
CLASS[  0 (  6)] FAIL=16.67% 
CLASS[  1 (  4)] FAIL=25.00% 
CLASS[  2 (  7)] FAIL= 0.00% 
CLASS_ERROR:   11.7647058824 PRECISION:    0.8750000000 RECALL:    0.8611111111 F1SCORE:    0.8680000000
 50:1.2346  100:1.2346  150:1.2346  200:1.2346  250:1.2346  300:1.2346  350:1.2346  400:1.2346  450:1.2346  500:1.2346 TARGETED[0] START fitness=       -1.2345679012
TARGETED[0] END fitness=       -1.2345679012 accepted=0
TARGETED[494] START fitness=-100000000.0000000000
TARGETED[494] END fitness=-100000000.0000000000 accepted=0
TARGETED[260] START fitness=      -33.9506172840
TARGETED[260] iter=20 type=BINARY_OPERATOR codonPos=111 codon=230->228 rule=2->0 fitness=      -33.9506172840->      -32.7160493827
TARGETED[260] END fitness=      -32.7160493827 accepted=1
TARGETED[225] START fitness=      -32.7160493827
TARGETED[225] iter=1 type=VARIABLE codonPos=47 codon=217->218 rule=7->8 fitness=      -32.7160493827->       -1.8518518519
TARGETED[225] END fitness=       -1.8518518519 accepted=1
TARGETED[490] START fitness=-100000000.0000000000
TARGETED[490] END fitness=-100000000.0000000000 accepted=0
TARGETED[339] START fitness=      -58.6419753086
TARGETED[339] iter=30 type=VARIABLE codonPos=105 codon=148->144 rule=13->9 fitness=      -58.6419753086->      -33.9506172840
TARGETED[339] iter=46 type=VARIABLE codonPos=115 codon=152->151 rule=2->1 fitness=      -33.9506172840->      -33.3333333333
TARGETED[339] END fitness=      -33.3333333333 accepted=2
TARGETED[433] START fitness=-100000000.0000000000
TARGETED[433] iter=22 type=VARIABLE codonPos=16 codon=222->223 rule=12->13 fitness=-100000000.0000000000->      -58.6419753086
TARGETED[433] iter=46 type=BOOLEAN_OPERATOR codonPos=113 codon=151->152 rule=3->0 fitness=      -58.6419753086->      -54.3209876543
TARGETED[433] END fitness=      -54.3209876543 accepted=2
TARGETED[284] START fitness=      -37.6543209877
TARGETED[284] iter=7 type=VARIABLE codonPos=110 codon=231->232 rule=6->7 fitness=      -37.6543209877->      -35.8024691358
TARGETED[284] iter=16 type=UNKNOWN codonPos=28 codon=234->235 rule=0->1 fitness=      -35.8024691358->       -4.3209876543
TARGETED[284] iter=21 type=BINARY_OPERATOR codonPos=111 codon=164->165 rule=0->1 fitness=       -4.3209876543->       -3.7037037037
TARGETED[284] END fitness=       -3.7037037037 accepted=3
TARGETED[422] START fitness=-100000000.0000000000
TARGETED[422] iter=9 type=UNKNOWN codonPos=59 codon=61->60 rule=1->0 fitness=-100000000.0000000000->      -32.7160493827
TARGETED[422] iter=19 type=BOOLEAN_OPERATOR codonPos=3 codon=166->164 rule=2->0 fitness=      -32.7160493827->      -20.9876543210
TARGETED[422] iter=20 type=VARIABLE codonPos=65 codon=95->96 rule=5->6 fitness=      -20.9876543210->      -15.4320987654
TARGETED[422] END fitness=      -15.4320987654 accepted=3
TARGETED[4] START fitness=       -1.2345679012
TARGETED[4] END fitness=       -1.2345679012 accepted=0
TARGETED[281] START fitness=      -37.0370370370
TARGETED[281] iter=2 type=BOOLEAN_OPERATOR codonPos=43 codon=111->112 rule=3->0 fitness=      -37.0370370370->      -36.4197530864
TARGETED[281] iter=8 type=BINARY_OPERATOR codonPos=111 codon=143->144 rule=3->0 fitness=      -36.4197530864->      -32.7160493827
TARGETED[281] iter=33 type=UNKNOWN codonPos=28 codon=135->134 rule=1->0 fitness=      -32.7160493827->      -10.4938271605
TARGETED[281] END fitness=      -10.4938271605 accepted=3
TARGETED[54] START fitness=       -1.8518518519
TARGETED[54] iter=9 type=VARIABLE codonPos=47 codon=177->172 rule=12->7 fitness=       -1.8518518519->       -1.2345679012
TARGETED[54] END fitness=       -1.2345679012 accepted=1
TARGETED[83] START fitness=       -4.3209876543
TARGETED[83] iter=5 type=VARIABLE codonPos=105 codon=117->114 rule=12->9 fitness=       -4.3209876543->       -2.4691358025
TARGETED[83] iter=15 type=UNKNOWN codonPos=37 codon=126->130 rule=6->0 fitness=       -2.4691358025->       -1.8518518519
TARGETED[83] iter=27 type=VARIABLE codonPos=47 codon=175->172 rule=10->7 fitness=       -1.8518518519->       -1.2345679012
TARGETED[83] END fitness=       -1.2345679012 accepted=3
TARGETED[255] START fitness=      -33.3333333333
TARGETED[255] iter=2 type=BINARY_OPERATOR codonPos=7 codon=168->170 rule=0->2 fitness=      -33.3333333333->      -32.7160493827
TARGETED[255] iter=3 type=UNKNOWN codonPos=57 codon=187->188 rule=7->8 fitness=      -32.7160493827->      -32.0987654321
TARGETED[255] iter=20 type=VARIABLE codonPos=65 codon=48->45 rule=3->0 fitness=      -32.0987654321->      -18.5185185185
TARGETED[255] iter=23 type=BINARY_OPERATOR codonPos=106 codon=187->185 rule=3->1 fitness=      -18.5185185185->      -17.9012345679
TARGETED[255] iter=32 type=UNKNOWN codonPos=55 codon=214->215 rule=4->5 fitness=      -17.9012345679->      -16.0493827160
TARGETED[255] iter=37 type=UNKNOWN codonPos=58 codon=42->40 rule=2->0 fitness=      -16.0493827160->      -15.4320987654
TARGETED[255] iter=42 type=UNKNOWN codonPos=29 codon=34->30 rule=4->0 fitness=      -15.4320987654->      -12.9629629630
TARGETED[255] iter=46 type=VARIABLE codonPos=16 codon=16->12 rule=1->12 fitness=      -12.9629629630->       -6.7901234568
TARGETED[255] END fitness=       -6.7901234568 accepted=8
TARGETED[314] START fitness=      -53.7037037037
TARGETED[314] iter=1 type=BINARY_OPERATOR codonPos=17 codon=133->134 rule=1->2 fitness=      -53.7037037037->      -53.0864197531
TARGETED[314] iter=7 type=VARIABLE codonPos=112 codon=235->238 rule=10->13 fitness=      -53.0864197531->      -31.4814814815
TARGETED[314] iter=38 type=VARIABLE codonPos=52 codon=211->210 rule=1->0 fitness=      -31.4814814815->      -22.2222222222
TARGETED[314] END fitness=      -22.2222222222 accepted=3
TARGETED[489] START fitness=-100000000.0000000000
TARGETED[489] iter=10 type=UNKNOWN codonPos=23 codon=173->172 rule=1->0 fitness=-100000000.0000000000->      -67.2839506173
TARGETED[489] iter=13 type=VARIABLE codonPos=2 codon=170->177 rule=5->12 fitness=      -67.2839506173->      -32.7160493827
TARGETED[489] END fitness=      -32.7160493827 accepted=2
TARGETED[352] START fitness=      -60.4938271605
TARGETED[352] iter=2 type=VARIABLE codonPos=6 codon=199->193 rule=4->13 fitness=      -60.4938271605->      -58.6419753086
TARGETED[352] iter=4 type=UNKNOWN codonPos=23 codon=173->172 rule=1->0 fitness=      -58.6419753086->      -47.5308641975
TARGETED[352] iter=5 type=UNKNOWN codonPos=51 codon=211->213 rule=1->3 fitness=      -47.5308641975->      -41.3580246914
TARGETED[352] iter=6 type=UNKNOWN codonPos=29 codon=24->23 rule=4->3 fitness=      -41.3580246914->      -34.5679012346
TARGETED[352] iter=11 type=VARIABLE codonPos=101 codon=80->82 rule=5->7 fitness=      -34.5679012346->      -22.2222222222
TARGETED[352] iter=14 type=VARIABLE codonPos=2 codon=84->82 rule=9->7 fitness=      -22.2222222222->      -18.5185185185
TARGETED[352] iter=18 type=VARIABLE codonPos=55 codon=108->102 rule=3->12 fitness=      -18.5185185185->      -12.9629629630
TARGETED[352] iter=34 type=VARIABLE codonPos=115 codon=152->151 rule=2->1 fitness=      -12.9629629630->      -11.7283950617
TARGETED[352] END fitness=      -11.7283950617 accepted=8
TARGETED[216] START fitness=      -32.7160493827
TARGETED[216] iter=9 type=FUNCTION codonPos=13 codon=64->65 rule=0->1 fitness=      -32.7160493827->      -11.7283950617
TARGETED[216] iter=12 type=BINARY_OPERATOR codonPos=17 codon=153->154 rule=1->2 fitness=      -11.7283950617->       -9.2592592593
TARGETED[216] iter=19 type=UNKNOWN codonPos=22 codon=84->85 rule=4->5 fitness=       -9.2592592593->       -8.0246913580
TARGETED[216] iter=26 type=UNKNOWN codonPos=23 codon=173->172 rule=1->0 fitness=       -8.0246913580->       -6.7901234568
TARGETED[216] iter=36 type=VARIABLE codonPos=25 codon=69->63 rule=9->3 fitness=       -6.7901234568->       -6.1728395062
TARGETED[216] iter=41 type=VARIABLE codonPos=27 codon=146->149 rule=11->14 fitness=       -6.1728395062->       -5.5555555556
TARGETED[216] END fitness=       -5.5555555556 accepted=6
TARGETED[44] START fitness=       -1.2345679012
TARGETED[44] END fitness=       -1.2345679012 accepted=0
TARGETED[138] START fitness=      -27.1604938272
TARGETED[138] END fitness=      -27.1604938272 accepted=0
TEST REPORT=>
CLASS[  0 (  6)] FAIL=16.67% 
CLASS[  1 (  4)] FAIL=25.00% 
CLASS[  2 (  7)] FAIL= 0.00% 
GENERATION=  550 FITNESS=    -1.235% TEST_ERROR=     11.76%
PROGRAMS=
if(!(x7<(x1+sin((exp(((x13+sin((-5.49)))+(-44.81)))/(-9.94))))|x7<x9|x8<=cos((cos((-1.25))+x2)))) CLASS=0.00
else 
if(x6>=x10-x12|x7+x11>x3) CLASS=1.00
else 
CLASS=2.00
** CONFUSION MATRIX ** Number of classes: 3
   5    1    0 
   0    3    1 
   0    0    7 
TEST REPORT=>
CLASS[  0 (  6)] FAIL=16.67% 
CLASS[  1 (  4)] FAIL=25.00% 
CLASS[  2 (  7)] FAIL= 0.00% 
CLASS_ERROR:   11.7647058824 PRECISION:    0.8750000000 RECALL:    0.8611111111 F1SCORE:    0.8680000000
 50:1.2346  100:1.2346  150:1.2346  200:1.2346  250:1.2346  300:1.2346  350:1.2346  400:1.2346  450:1.2346  500:1.2346 TEST REPORT=>
CLASS[  0 (  6)] FAIL=16.67% 
CLASS[  1 (  4)] FAIL=25.00% 
CLASS[  2 (  7)] FAIL= 0.00% 
GENERATION=  551 FITNESS=    -1.235% TEST_ERROR=     11.76%
PROGRAMS=
if(!(x7<(x1+sin((exp(((x13+sin((-5.49)))+(-44.81)))/(-9.94))))|x7<x9|x8<=cos((cos((-1.25))+x2)))) CLASS=0.00
else 
if(x6>=x10-x12|x7+x11>x3) CLASS=1.00
else 
CLASS=2.00
** CONFUSION MATRIX ** Number of classes: 3
   5    1    0 
   0    3    1 
   0    0    7 
TEST REPORT=>
CLASS[  0 (  6)] FAIL=16.67% 
CLASS[  1 (  4)] FAIL=25.00% 
CLASS[  2 (  7)] FAIL= 0.00% 
CLASS_ERROR:   11.7647058824 PRECISION:    0.8750000000 RECALL:    0.8611111111 F1SCORE:    0.8680000000
 50:1.2346  100:1.2346  150:1.2346  200:1.2346  250:1.2346  300:1.2346  350:1.2346  400:1.2346  450:1.2346  500:1.2346 
TARGETED STAGNATION BURST generation=552 stagnation=20
TARGETED_BEST[0] START fitness=-1.2345679012
TARGETED_BEST[0] END fitness=-1.2345679012 accepted=0
TARGETED_BEST[1] START fitness=-1.2345679012
TARGETED_BEST[1] END fitness=-1.2345679012 accepted=0
TARGETED_BEST[2] START fitness=-1.2345679012
TARGETED_BEST[2] END fitness=-1.2345679012 accepted=0
TARGETED_BEST[3] START fitness=-1.2345679012
TARGETED_BEST[3] END fitness=-1.2345679012 accepted=0
TARGETED_BEST[4] START fitness=-1.2345679012
TARGETED_BEST[4] END fitness=-1.2345679012 accepted=0
TARGETED_BEST[5] START fitness=-1.2345679012
TARGETED_BEST[5] END fitness=-1.2345679012 accepted=0
TARGETED_BEST[6] START fitness=-1.2345679012
TARGETED_BEST[6] END fitness=-1.2345679012 accepted=0
TARGETED_BEST[7] START fitness=-1.2345679012
TARGETED_BEST[7] END fitness=-1.2345679012 accepted=0
TARGETED_BEST[8] START fitness=-1.2345679012
TARGETED_BEST[8] END fitness=-1.2345679012 accepted=0
TARGETED_BEST[9] START fitness=-1.2345679012
TARGETED_BEST[9] END fitness=-1.2345679012 accepted=0
TARGETED_BEST[10] START fitness=-1.2345679012
TARGETED_BEST[10] END fitness=-1.2345679012 accepted=0
TARGETED_BEST[11] START fitness=-1.2345679012
TARGETED_BEST[11] END fitness=-1.2345679012 accepted=0
TARGETED_BEST[12] START fitness=-1.2345679012
TARGETED_BEST[12] END fitness=-1.2345679012 accepted=0
TARGETED_BEST[13] START fitness=-1.2345679012
TARGETED_BEST[13] END fitness=-1.2345679012 accepted=0
TARGETED_BEST[14] START fitness=-1.2345679012
TARGETED_BEST[14] END fitness=-1.2345679012 accepted=0
TARGETED_BEST[15] START fitness=-1.2345679012
TARGETED_BEST[15] END fitness=-1.2345679012 accepted=0
TARGETED_BEST[16] START fitness=-1.2345679012
TARGETED_BEST[16] END fitness=-1.2345679012 accepted=0
TARGETED_BEST[17] START fitness=-1.2345679012
TARGETED_BEST[17] END fitness=-1.2345679012 accepted=0
TARGETED_BEST[18] START fitness=-1.2345679012
TARGETED_BEST[18] END fitness=-1.2345679012 accepted=0
TARGETED_BEST[19] START fitness=-1.2345679012
TARGETED_BEST[19] END fitness=-1.2345679012 accepted=0
TEST REPORT=>
CLASS[  0 (  6)] FAIL=16.67% 
CLASS[  1 (  4)] FAIL=25.00% 
CLASS[  2 (  7)] FAIL= 0.00% 
GENERATION=  552 FITNESS=    -1.235% TEST_ERROR=     11.76%
PROGRAMS=
if(!(x7<(x1+sin((exp(((x13+sin((-5.49)))+(-44.81)))/(-9.94))))|x7<x9|x8<=cos((cos((-1.25))+x2)))) CLASS=0.00
else 
if(x6>=x10-x12|x7+x11>x3) CLASS=1.00
else 
CLASS=2.00
** CONFUSION MATRIX ** Number of classes: 3
   5    1    0 
   0    3    1 
   0    0    7 
TEST REPORT=>
CLASS[  0 (  6)] FAIL=16.67% 
CLASS[  1 (  4)] FAIL=25.00% 
CLASS[  2 (  7)] FAIL= 0.00% 
CLASS_ERROR:   11.7647058824 PRECISION:    0.8750000000 RECALL:    0.8611111111 F1SCORE:    0.8680000000
 50:1.2346  100:1.2346  150:1.2346  200:1.2346  250:1.2346  300:1.2346  350:1.2346  400:1.2346  450:1.2346  500:1.2346 TEST REPORT=>
CLASS[  0 (  6)] FAIL=16.67% 
CLASS[  1 (  4)] FAIL=25.00% 
CLASS[  2 (  7)] FAIL= 0.00% 
GENERATION=  553 FITNESS=    -1.235% TEST_ERROR=     11.76%
PROGRAMS=
if(!(x7<(x1+sin((exp(((x13+sin((-5.49)))+(-44.81)))/(-9.94))))|x7<x9|x8<=cos((cos((-1.25))+x2)))) CLASS=0.00
else 
if(x6>=x10-x12|x7+x11>x3) CLASS=1.00
else 
CLASS=2.00
** CONFUSION MATRIX ** Number of classes: 3
   5    1    0 
   0    3    1 
   0    0    7 
TEST REPORT=>
CLASS[  0 (  6)] FAIL=16.67% 
CLASS[  1 (  4)] FAIL=25.00% 
CLASS[  2 (  7)] FAIL= 0.00% 
CLASS_ERROR:   11.7647058824 PRECISION:    0.8750000000 RECALL:    0.8611111111 F1SCORE:    0.8680000000
 50:1.2346  100:1.2346  150:1.2346  200:1.2346  250:1.2346  300:1.2346  350:1.2346  400:1.2346  450:1.2346  500:1.2346 TEST REPORT=>
CLASS[  0 (  6)] FAIL=16.67% 
CLASS[  1 (  4)] FAIL=25.00% 
CLASS[  2 (  7)] FAIL= 0.00% 
GENERATION=  554 FITNESS=    -1.235% TEST_ERROR=     11.76%
PROGRAMS=
if(!(x7<(x1+sin((exp(((x13+sin((-5.49)))+(-44.81)))/(-9.94))))|x7<x9|x8<=cos((cos((-1.25))+x2)))) CLASS=0.00
else 
if(x6>=x10-x12|x7+x11>x3) CLASS=1.00
else 
CLASS=2.00
** CONFUSION MATRIX ** Number of classes: 3
   5    1    0 
   0    3    1 
   0    0    7 
TEST REPORT=>
CLASS[  0 (  6)] FAIL=16.67% 
CLASS[  1 (  4)] FAIL=25.00% 
CLASS[  2 (  7)] FAIL= 0.00% 
CLASS_ERROR:   11.7647058824 PRECISION:    0.8750000000 RECALL:    0.8611111111 F1SCORE:    0.8680000000
 50:1.2346  100:1.2346  150:1.2346  200:1.2346  250:1.2346  300:1.2346  350:1.2346  400:1.2346  450:1.2346  500:1.2346 TEST REPORT=>
CLASS[  0 (  6)] FAIL=16.67% 
CLASS[  1 (  4)] FAIL=25.00% 
CLASS[  2 (  7)] FAIL= 0.00% 
GENERATION=  555 FITNESS=    -1.235% TEST_ERROR=     11.76%
PROGRAMS=
if(!(x7<(x1+sin((exp(((x13+sin((-5.49)))+(-44.81)))/(-9.94))))|x7<x9|x8<=cos((cos((-1.25))+x2)))) CLASS=0.00
else 
if(x6>=x10-x12|x7+x11>x3) CLASS=1.00
else 
CLASS=2.00
** CONFUSION MATRIX ** Number of classes: 3
   5    1    0 
   0    3    1 
   0    0    7 
TEST REPORT=>
CLASS[  0 (  6)] FAIL=16.67% 
CLASS[  1 (  4)] FAIL=25.00% 
CLASS[  2 (  7)] FAIL= 0.00% 
CLASS_ERROR:   11.7647058824 PRECISION:    0.8750000000 RECALL:    0.8611111111 F1SCORE:    0.8680000000
 50:1.2346  100:1.2346  150:1.2346  200:1.2346  250:1.2346  300:1.2346  350:1.2346  400:1.2346  450:1.2346  500:1.2346 TEST REPORT=>
CLASS[  0 (  6)] FAIL=16.67% 
CLASS[  1 (  4)] FAIL=25.00% 
CLASS[  2 (  7)] FAIL= 0.00% 
GENERATION=  556 FITNESS=    -1.235% TEST_ERROR=     11.76%
PROGRAMS=
if(!(x7<(x1+sin((exp(((x13+sin((-5.49)))+(-44.81)))/(-9.94))))|x7<x9|x8<=cos((cos((-1.25))+x2)))) CLASS=0.00
else 
if(x6>=x10-x12|x7+x11>x3) CLASS=1.00
else 
CLASS=2.00
** CONFUSION MATRIX ** Number of classes: 3
   5    1    0 
   0    3    1 
   0    0    7 
TEST REPORT=>
CLASS[  0 (  6)] FAIL=16.67% 
CLASS[  1 (  4)] FAIL=25.00% 
CLASS[  2 (  7)] FAIL= 0.00% 
CLASS_ERROR:   11.7647058824 PRECISION:    0.8750000000 RECALL:    0.8611111111 F1SCORE:    0.8680000000
 50:1.2346  100:1.2346  150:1.2346  200:1.2346  250:1.2346  300:1.2346  350:1.2346  400:1.2346  450:1.2346  500:1.2346 TEST REPORT=>
CLASS[  0 (  6)] FAIL=16.67% 
CLASS[  1 (  4)] FAIL=25.00% 
CLASS[  2 (  7)] FAIL= 0.00% 
GENERATION=  557 FITNESS=    -1.235% TEST_ERROR=     11.76%
PROGRAMS=
if(!(x7<(x1+sin((exp(((x13+sin((-5.49)))+(-44.81)))/(-9.94))))|x7<x9|x8<=cos((cos((-1.25))+x2)))) CLASS=0.00
else 
if(x6>=x10-x12|x7+x11>x3) CLASS=1.00
else 
CLASS=2.00
** CONFUSION MATRIX ** Number of classes: 3
   5    1    0 
   0    3    1 
   0    0    7 
TEST REPORT=>
CLASS[  0 (  6)] FAIL=16.67% 
CLASS[  1 (  4)] FAIL=25.00% 
CLASS[  2 (  7)] FAIL= 0.00% 
CLASS_ERROR:   11.7647058824 PRECISION:    0.8750000000 RECALL:    0.8611111111 F1SCORE:    0.8680000000
 50:1.2346  100:1.2346  150:1.2346  200:1.2346  250:1.2346  300:1.2346  350:1.2346  400:1.2346  450:1.2346  500:1.2346 TEST REPORT=>
CLASS[  0 (  6)] FAIL=16.67% 
CLASS[  1 (  4)] FAIL=25.00% 
CLASS[  2 (  7)] FAIL= 0.00% 
GENERATION=  558 FITNESS=    -1.235% TEST_ERROR=     11.76%
PROGRAMS=
if(!(x7<(x1+sin((exp(((x13+sin((-5.49)))+(-44.81)))/(-9.94))))|x7<x9|x8<=cos((cos((-1.25))+x2)))) CLASS=0.00
else 
if(x6>=x10-x12|x7+x11>x3) CLASS=1.00
else 
CLASS=2.00
** CONFUSION MATRIX ** Number of classes: 3
   5    1    0 
   0    3    1 
   0    0    7 
TEST REPORT=>
CLASS[  0 (  6)] FAIL=16.67% 
CLASS[  1 (  4)] FAIL=25.00% 
CLASS[  2 (  7)] FAIL= 0.00% 
CLASS_ERROR:   11.7647058824 PRECISION:    0.8750000000 RECALL:    0.8611111111 F1SCORE:    0.8680000000
 50:1.2346  100:1.2346  150:1.2346  200:1.2346  250:1.2346  300:1.2346  350:1.2346  400:1.2346  450:1.2346  500:1.2346 TEST REPORT=>
CLASS[  0 (  6)] FAIL=16.67% 
CLASS[  1 (  4)] FAIL=25.00% 
CLASS[  2 (  7)] FAIL= 0.00% 
GENERATION=  559 FITNESS=    -1.235% TEST_ERROR=     11.76%
PROGRAMS=
if(!(x7<(x1+sin((exp(((x13+sin((-5.49)))+(-44.81)))/(-9.94))))|x7<x9|x8<=cos((cos((-1.25))+x2)))) CLASS=0.00
else 
if(x6>=x10-x12|x7+x11>x3) CLASS=1.00
else 
CLASS=2.00
** CONFUSION MATRIX ** Number of classes: 3
   5    1    0 
   0    3    1 
   0    0    7 
TEST REPORT=>
CLASS[  0 (  6)] FAIL=16.67% 
CLASS[  1 (  4)] FAIL=25.00% 
CLASS[  2 (  7)] FAIL= 0.00% 
CLASS_ERROR:   11.7647058824 PRECISION:    0.8750000000 RECALL:    0.8611111111 F1SCORE:    0.8680000000
 50:1.2346  100:1.2346  150:1.2346  200:1.2346  250:1.2346  300:1.2346  350:1.2346  400:1.2346  450:1.2346  500:1.2346 TEST REPORT=>
CLASS[  0 (  6)] FAIL=16.67% 
CLASS[  1 (  4)] FAIL=25.00% 
CLASS[  2 (  7)] FAIL= 0.00% 
GENERATION=  560 FITNESS=    -1.235% TEST_ERROR=     11.76%
PROGRAMS=
if(!(x7<(x1+sin((exp(((x13+sin((-5.49)))+(-44.81)))/(-9.94))))|x7<x9|x8<=cos((cos((-1.25))+x2)))) CLASS=0.00
else 
if(x6>=x10-x12|x7+x11>x3) CLASS=1.00
else 
CLASS=2.00
** CONFUSION MATRIX ** Number of classes: 3
   5    1    0 
   0    3    1 
   0    0    7 
TEST REPORT=>
CLASS[  0 (  6)] FAIL=16.67% 
CLASS[  1 (  4)] FAIL=25.00% 
CLASS[  2 (  7)] FAIL= 0.00% 
CLASS_ERROR:   11.7647058824 PRECISION:    0.8750000000 RECALL:    0.8611111111 F1SCORE:    0.8680000000
 50:1.2346  100:1.2346  150:1.2346  200:1.2346  250:1.2346  300:1.2346  350:1.2346  400:1.2346  450:1.2346  500:1.2346 TEST REPORT=>
CLASS[  0 (  6)] FAIL=16.67% 
CLASS[  1 (  4)] FAIL=25.00% 
CLASS[  2 (  7)] FAIL= 0.00% 
GENERATION=  561 FITNESS=    -1.235% TEST_ERROR=     11.76%
PROGRAMS=
if(!(x7<(x1+sin((exp(((x13+sin((-5.49)))+(-44.81)))/(-9.94))))|x7<x9|x8<=cos((cos((-1.25))+x2)))) CLASS=0.00
else 
if(x6>=x10-x12|x7+x11>x3) CLASS=1.00
else 
CLASS=2.00
** CONFUSION MATRIX ** Number of classes: 3
   5    1    0 
   0    3    1 
   0    0    7 
TEST REPORT=>
CLASS[  0 (  6)] FAIL=16.67% 
CLASS[  1 (  4)] FAIL=25.00% 
CLASS[  2 (  7)] FAIL= 0.00% 
CLASS_ERROR:   11.7647058824 PRECISION:    0.8750000000 RECALL:    0.8611111111 F1SCORE:    0.8680000000
 50:1.2346  100:1.2346  150:1.2346  200:1.2346  250:1.2346  300:1.2346  350:1.2346  400:1.2346  450:1.2346  500:1.2346 TEST REPORT=>
CLASS[  0 (  6)] FAIL=16.67% 
CLASS[  1 (  4)] FAIL=25.00% 
CLASS[  2 (  7)] FAIL= 0.00% 
GENERATION=  562 FITNESS=    -1.235% TEST_ERROR=     11.76%
PROGRAMS=
if(!(x7<(x1+sin((exp(((x13+sin((-5.49)))+(-44.81)))/(-9.94))))|x7<x9|x8<=cos((cos((-1.25))+x2)))) CLASS=0.00
else 
if(x6>=x10-x12|x7+x11>x3) CLASS=1.00
else 
CLASS=2.00
** CONFUSION MATRIX ** Number of classes: 3
   5    1    0 
   0    3    1 
   0    0    7 
TEST REPORT=>
CLASS[  0 (  6)] FAIL=16.67% 
CLASS[  1 (  4)] FAIL=25.00% 
CLASS[  2 (  7)] FAIL= 0.00% 
CLASS_ERROR:   11.7647058824 PRECISION:    0.8750000000 RECALL:    0.8611111111 F1SCORE:    0.8680000000
 50:1.2346  100:1.2346  150:1.2346  200:1.2346  250:1.2346  300:1.2346  350:1.2346  400:1.2346  450:1.2346  500:1.2346 TEST REPORT=>
CLASS[  0 (  6)] FAIL=16.67% 
CLASS[  1 (  4)] FAIL=25.00% 
CLASS[  2 (  7)] FAIL= 0.00% 
GENERATION=  563 FITNESS=    -1.235% TEST_ERROR=     11.76%
PROGRAMS=
if(!(x7<(x1+sin((exp(((x13+sin((-5.49)))+(-44.81)))/(-9.94))))|x7<x9|x8<=cos((cos((-1.25))+x2)))) CLASS=0.00
else 
if(x6>=x10-x12|x7+x11>x3) CLASS=1.00
else 
CLASS=2.00
** CONFUSION MATRIX ** Number of classes: 3
   5    1    0 
   0    3    1 
   0    0    7 
TEST REPORT=>
CLASS[  0 (  6)] FAIL=16.67% 
CLASS[  1 (  4)] FAIL=25.00% 
CLASS[  2 (  7)] FAIL= 0.00% 
CLASS_ERROR:   11.7647058824 PRECISION:    0.8750000000 RECALL:    0.8611111111 F1SCORE:    0.8680000000
 50:1.2346  100:1.2346  150:1.2346  200:1.2346  250:1.2346  300:1.2346  350:1.2346  400:1.2346  450:1.2346  500:1.2346 TEST REPORT=>
CLASS[  0 (  6)] FAIL=16.67% 
CLASS[  1 (  4)] FAIL=25.00% 
CLASS[  2 (  7)] FAIL= 0.00% 
GENERATION=  564 FITNESS=    -1.235% TEST_ERROR=     11.76%
PROGRAMS=
if(!(x7<(x1+sin((exp(((x13+sin((-5.49)))+(-44.81)))/(-9.94))))|x7<x9|x8<=cos((cos((-1.25))+x2)))) CLASS=0.00
else 
if(x6>=x10-x12|x7+x11>x3) CLASS=1.00
else 
CLASS=2.00
** CONFUSION MATRIX ** Number of classes: 3
   5    1    0 
   0    3    1 
   0    0    7 
TEST REPORT=>
CLASS[  0 (  6)] FAIL=16.67% 
CLASS[  1 (  4)] FAIL=25.00% 
CLASS[  2 (  7)] FAIL= 0.00% 
CLASS_ERROR:   11.7647058824 PRECISION:    0.8750000000 RECALL:    0.8611111111 F1SCORE:    0.8680000000
 50:1.2346  100:1.2346  150:1.2346  200:1.2346  250:1.2346  300:1.2346  350:1.2346  400:1.2346  450:1.2346  500:1.2346 TEST REPORT=>
CLASS[  0 (  6)] FAIL=16.67% 
CLASS[  1 (  4)] FAIL=25.00% 
CLASS[  2 (  7)] FAIL= 0.00% 
GENERATION=  565 FITNESS=    -1.235% TEST_ERROR=     11.76%
PROGRAMS=
if(!(x7<(x1+sin((exp(((x13+sin((-5.49)))+(-44.81)))/(-9.94))))|x7<x9|x8<=cos((cos((-1.25))+x2)))) CLASS=0.00
else 
if(x6>=x10-x12|x7+x11>x3) CLASS=1.00
else 
CLASS=2.00
** CONFUSION MATRIX ** Number of classes: 3
   5    1    0 
   0    3    1 
   0    0    7 
TEST REPORT=>
CLASS[  0 (  6)] FAIL=16.67% 
CLASS[  1 (  4)] FAIL=25.00% 
CLASS[  2 (  7)] FAIL= 0.00% 
CLASS_ERROR:   11.7647058824 PRECISION:    0.8750000000 RECALL:    0.8611111111 F1SCORE:    0.8680000000
 50:1.2346  100:1.2346  150:1.2346  200:1.2346  250:1.2346  300:1.2346  350:1.2346  400:1.2346  450:1.2346  500:1.2346 TEST REPORT=>
CLASS[  0 (  6)] FAIL=16.67% 
CLASS[  1 (  4)] FAIL=25.00% 
CLASS[  2 (  7)] FAIL= 0.00% 
GENERATION=  566 FITNESS=    -1.235% TEST_ERROR=     11.76%
PROGRAMS=
if(!(x7<(x1+sin((exp(((x13+sin((-5.49)))+(-44.81)))/(-9.94))))|x7<x9|x8<=cos((cos((-1.25))+x2)))) CLASS=0.00
else 
if(x6>=x10-x12|x7+x11>x3) CLASS=1.00
else 
CLASS=2.00
** CONFUSION MATRIX ** Number of classes: 3
   5    1    0 
   0    3    1 
   0    0    7 
TEST REPORT=>
CLASS[  0 (  6)] FAIL=16.67% 
CLASS[  1 (  4)] FAIL=25.00% 
CLASS[  2 (  7)] FAIL= 0.00% 
CLASS_ERROR:   11.7647058824 PRECISION:    0.8750000000 RECALL:    0.8611111111 F1SCORE:    0.8680000000
 50:1.2346  100:1.2346  150:1.2346  200:1.2346  250:1.2346  300:1.2346  350:1.2346  400:1.2346  450:1.2346  500:1.2346 TEST REPORT=>
CLASS[  0 (  6)] FAIL=16.67% 
CLASS[  1 (  4)] FAIL=25.00% 
CLASS[  2 (  7)] FAIL= 0.00% 
GENERATION=  567 FITNESS=    -1.235% TEST_ERROR=     11.76%
PROGRAMS=
if(!(x7<(x1+sin((exp(((x13+sin((-5.49)))+(-44.81)))/(-9.94))))|x7<x9|x8<=cos((cos((-1.25))+x2)))) CLASS=0.00
else 
if(x6>=x10-x12|x7+x11>x3) CLASS=1.00
else 
CLASS=2.00
** CONFUSION MATRIX ** Number of classes: 3
   5    1    0 
   0    3    1 
   0    0    7 
TEST REPORT=>
CLASS[  0 (  6)] FAIL=16.67% 
CLASS[  1 (  4)] FAIL=25.00% 
CLASS[  2 (  7)] FAIL= 0.00% 
CLASS_ERROR:   11.7647058824 PRECISION:    0.8750000000 RECALL:    0.8611111111 F1SCORE:    0.8680000000
 50:1.2346  100:1.2346  150:1.2346  200:1.2346  250:1.2346  300:1.2346  350:1.2346  400:1.2346  450:1.2346  500:1.2346 TEST REPORT=>
CLASS[  0 (  6)] FAIL=16.67% 
CLASS[  1 (  4)] FAIL=25.00% 
CLASS[  2 (  7)] FAIL= 0.00% 
GENERATION=  568 FITNESS=    -1.235% TEST_ERROR=     11.76%
PROGRAMS=
if(!(x7<(x1+sin((exp(((x13+sin((-5.49)))+(-44.81)))/(-9.94))))|x7<x9|x8<=cos((cos((-1.25))+x2)))) CLASS=0.00
else 
if(x6>=x10-x12|x7+x11>x3) CLASS=1.00
else 
CLASS=2.00
** CONFUSION MATRIX ** Number of classes: 3
   5    1    0 
   0    3    1 
   0    0    7 
TEST REPORT=>
CLASS[  0 (  6)] FAIL=16.67% 
CLASS[  1 (  4)] FAIL=25.00% 
CLASS[  2 (  7)] FAIL= 0.00% 
CLASS_ERROR:   11.7647058824 PRECISION:    0.8750000000 RECALL:    0.8611111111 F1SCORE:    0.8680000000
 50:1.2346  100:1.2346  150:1.2346  200:1.2346  250:1.2346  300:1.2346  350:1.2346  400:1.2346  450:1.2346  500:1.2346 TEST REPORT=>
CLASS[  0 (  6)] FAIL=16.67% 
CLASS[  1 (  4)] FAIL=25.00% 
CLASS[  2 (  7)] FAIL= 0.00% 
GENERATION=  569 FITNESS=    -1.235% TEST_ERROR=     11.76%
PROGRAMS=
if(!(x7<(x1+sin((exp(((x13+sin((-5.49)))+(-44.81)))/(-9.94))))|x7<x9|x8<=cos((cos((-1.25))+x2)))) CLASS=0.00
else 
if(x6>=x10-x12|x7+x11>x3) CLASS=1.00
else 
CLASS=2.00
** CONFUSION MATRIX ** Number of classes: 3
   5    1    0 
   0    3    1 
   0    0    7 
TEST REPORT=>
CLASS[  0 (  6)] FAIL=16.67% 
CLASS[  1 (  4)] FAIL=25.00% 
CLASS[  2 (  7)] FAIL= 0.00% 
CLASS_ERROR:   11.7647058824 PRECISION:    0.8750000000 RECALL:    0.8611111111 F1SCORE:    0.8680000000
 50:1.2346  100:1.2346  150:1.2346  200:1.2346  250:1.2346  300:1.2346  350:1.2346  400:1.2346  450:1.2346  500:1.2346 TEST REPORT=>
CLASS[  0 (  6)] FAIL=16.67% 
CLASS[  1 (  4)] FAIL=25.00% 
CLASS[  2 (  7)] FAIL= 0.00% 
GENERATION=  570 FITNESS=    -1.235% TEST_ERROR=     11.76%
PROGRAMS=
if(!(x7<(x1+sin((exp(((x13+sin((-5.49)))+(-44.81)))/(-9.94))))|x7<x9|x8<=cos((cos((-1.25))+x2)))) CLASS=0.00
else 
if(x6>=x10-x12|x7+x11>x3) CLASS=1.00
else 
CLASS=2.00
** CONFUSION MATRIX ** Number of classes: 3
   5    1    0 
   0    3    1 
   0    0    7 
TEST REPORT=>
CLASS[  0 (  6)] FAIL=16.67% 
CLASS[  1 (  4)] FAIL=25.00% 
CLASS[  2 (  7)] FAIL= 0.00% 
CLASS_ERROR:   11.7647058824 PRECISION:    0.8750000000 RECALL:    0.8611111111 F1SCORE:    0.8680000000
 50:1.2346  100:1.2346  150:1.2346  200:1.2346  250:1.2346  300:1.2346  350:1.2346  400:1.2346  450:1.2346  500:1.2346 TEST REPORT=>
CLASS[  0 (  6)] FAIL=16.67% 
CLASS[  1 (  4)] FAIL=25.00% 
CLASS[  2 (  7)] FAIL= 0.00% 
GENERATION=  571 FITNESS=    -1.235% TEST_ERROR=     11.76%
PROGRAMS=
if(!(x7<(x1+sin((exp(((x13+sin((-5.49)))+(-44.81)))/(-9.94))))|x7<x9|x8<=cos((cos((-1.25))+x2)))) CLASS=0.00
else 
if(x6>=x10-x12|x7+x11>x3) CLASS=1.00
else 
CLASS=2.00
** CONFUSION MATRIX ** Number of classes: 3
   5    1    0 
   0    3    1 
   0    0    7 
TEST REPORT=>
CLASS[  0 (  6)] FAIL=16.67% 
CLASS[  1 (  4)] FAIL=25.00% 
CLASS[  2 (  7)] FAIL= 0.00% 
CLASS_ERROR:   11.7647058824 PRECISION:    0.8750000000 RECALL:    0.8611111111 F1SCORE:    0.8680000000
 50:1.2346  100:1.2346  150:1.2346  200:1.2346  250:1.2346  300:1.2346  350:1.2346  400:1.2346  450:1.2346  500:1.2346 
TARGETED STAGNATION BURST generation=572 stagnation=20
TARGETED_BEST[0] START fitness=-1.2345679012
TARGETED_BEST[0] END fitness=-1.2345679012 accepted=0
TARGETED_BEST[1] START fitness=-1.2345679012
TARGETED_BEST[1] END fitness=-1.2345679012 accepted=0
TARGETED_BEST[2] START fitness=-1.2345679012
TARGETED_BEST[2] END fitness=-1.2345679012 accepted=0
TARGETED_BEST[3] START fitness=-1.2345679012
TARGETED_BEST[3] END fitness=-1.2345679012 accepted=0
TARGETED_BEST[4] START fitness=-1.2345679012
TARGETED_BEST[4] END fitness=-1.2345679012 accepted=0
TARGETED_BEST[5] START fitness=-1.2345679012
TARGETED_BEST[5] END fitness=-1.2345679012 accepted=0
TARGETED_BEST[6] START fitness=-1.2345679012
TARGETED_BEST[6] END fitness=-1.2345679012 accepted=0
TARGETED_BEST[7] START fitness=-1.2345679012
TARGETED_BEST[7] END fitness=-1.2345679012 accepted=0
TARGETED_BEST[8] START fitness=-1.2345679012
TARGETED_BEST[8] END fitness=-1.2345679012 accepted=0
TARGETED_BEST[9] START fitness=-1.2345679012
TARGETED_BEST[9] END fitness=-1.2345679012 accepted=0
TARGETED_BEST[10] START fitness=-1.2345679012
TARGETED_BEST[10] END fitness=-1.2345679012 accepted=0
TARGETED_BEST[11] START fitness=-1.2345679012
TARGETED_BEST[11] END fitness=-1.2345679012 accepted=0
TARGETED_BEST[12] START fitness=-1.2345679012
TARGETED_BEST[12] END fitness=-1.2345679012 accepted=0
TARGETED_BEST[13] START fitness=-1.2345679012
TARGETED_BEST[13] END fitness=-1.2345679012 accepted=0
TARGETED_BEST[14] START fitness=-1.2345679012
TARGETED_BEST[14] END fitness=-1.2345679012 accepted=0
TARGETED_BEST[15] START fitness=-1.2345679012
TARGETED_BEST[15] END fitness=-1.2345679012 accepted=0
TARGETED_BEST[16] START fitness=-1.2345679012
TARGETED_BEST[16] END fitness=-1.2345679012 accepted=0
TARGETED_BEST[17] START fitness=-1.2345679012
TARGETED_BEST[17] END fitness=-1.2345679012 accepted=0
TARGETED_BEST[18] START fitness=-1.2345679012
TARGETED_BEST[18] END fitness=-1.2345679012 accepted=0
TARGETED_BEST[19] START fitness=-1.2345679012
TARGETED_BEST[19] END fitness=-1.2345679012 accepted=0
TEST REPORT=>
CLASS[  0 (  6)] FAIL=16.67% 
CLASS[  1 (  4)] FAIL=25.00% 
CLASS[  2 (  7)] FAIL= 0.00% 
GENERATION=  572 FITNESS=    -1.235% TEST_ERROR=     11.76%
PROGRAMS=
if(!(x7<(x1+sin((exp(((x13+sin((-5.49)))+(-44.81)))/(-9.94))))|x7<x9|x8<=cos((cos((-1.25))+x2)))) CLASS=0.00
else 
if(x6>=x10-x12|x7+x11>x3) CLASS=1.00
else 
CLASS=2.00
** CONFUSION MATRIX ** Number of classes: 3
   5    1    0 
   0    3    1 
   0    0    7 
TEST REPORT=>
CLASS[  0 (  6)] FAIL=16.67% 
CLASS[  1 (  4)] FAIL=25.00% 
CLASS[  2 (  7)] FAIL= 0.00% 
CLASS_ERROR:   11.7647058824 PRECISION:    0.8750000000 RECALL:    0.8611111111 F1SCORE:    0.8680000000
 50:1.2346  100:1.2346  150:1.2346  200:1.2346  250:1.2346  300:1.2346  350:1.2346  400:1.2346  450:1.2346  500:1.2346 TEST REPORT=>
CLASS[  0 (  6)] FAIL=16.67% 
CLASS[  1 (  4)] FAIL=25.00% 
CLASS[  2 (  7)] FAIL= 0.00% 
GENERATION=  573 FITNESS=    -1.235% TEST_ERROR=     11.76%
PROGRAMS=
if(!(x7<(x1+sin((exp(((x13+sin((-5.49)))+(-44.81)))/(-9.94))))|x7<x9|x8<=cos((cos((-1.25))+x2)))) CLASS=0.00
else 
if(x6>=x10-x12|x7+x11>x3) CLASS=1.00
else 
CLASS=2.00
** CONFUSION MATRIX ** Number of classes: 3
   5    1    0 
   0    3    1 
   0    0    7 
TEST REPORT=>
CLASS[  0 (  6)] FAIL=16.67% 
CLASS[  1 (  4)] FAIL=25.00% 
CLASS[  2 (  7)] FAIL= 0.00% 
CLASS_ERROR:   11.7647058824 PRECISION:    0.8750000000 RECALL:    0.8611111111 F1SCORE:    0.8680000000
 50:1.2346  100:1.2346  150:1.2346  200:1.2346  250:1.2346  300:1.2346  350:1.2346  400:1.2346  450:1.2346  500:1.2346 TEST REPORT=>
CLASS[  0 (  6)] FAIL=16.67% 
CLASS[  1 (  4)] FAIL=25.00% 
CLASS[  2 (  7)] FAIL= 0.00% 
GENERATION=  574 FITNESS=    -1.235% TEST_ERROR=     11.76%
PROGRAMS=
if(!(x7<(x1+sin((exp(((x13+sin((-5.49)))+(-44.81)))/(-9.94))))|x7<x9|x8<=cos((cos((-1.25))+x2)))) CLASS=0.00
else 
if(x6>=x10-x12|x7+x11>x3) CLASS=1.00
else 
CLASS=2.00
** CONFUSION MATRIX ** Number of classes: 3
   5    1    0 
   0    3    1 
   0    0    7 
TEST REPORT=>
CLASS[  0 (  6)] FAIL=16.67% 
CLASS[  1 (  4)] FAIL=25.00% 
CLASS[  2 (  7)] FAIL= 0.00% 
CLASS_ERROR:   11.7647058824 PRECISION:    0.8750000000 RECALL:    0.8611111111 F1SCORE:    0.8680000000
 50:1.2346  100:1.2346  150:1.2346  200:1.2346  250:1.2346  300:1.2346  350:1.2346  400:1.2346  450:1.2346  500:1.2346 TEST REPORT=>
CLASS[  0 (  6)] FAIL=16.67% 
CLASS[  1 (  4)] FAIL=25.00% 
CLASS[  2 (  7)] FAIL= 0.00% 
GENERATION=  575 FITNESS=    -1.235% TEST_ERROR=     11.76%
PROGRAMS=
if(!(x7<(x1+sin((exp(((x13+sin((-5.49)))+(-44.81)))/(-9.94))))|x7<x9|x8<=cos((cos((-1.25))+x2)))) CLASS=0.00
else 
if(x6>=x10-x12|x7+x11>x3) CLASS=1.00
else 
CLASS=2.00
** CONFUSION MATRIX ** Number of classes: 3
   5    1    0 
   0    3    1 
   0    0    7 
TEST REPORT=>
CLASS[  0 (  6)] FAIL=16.67% 
CLASS[  1 (  4)] FAIL=25.00% 
CLASS[  2 (  7)] FAIL= 0.00% 
CLASS_ERROR:   11.7647058824 PRECISION:    0.8750000000 RECALL:    0.8611111111 F1SCORE:    0.8680000000
 50:1.2346  100:1.2346  150:1.2346  200:1.2346  250:1.2346  300:1.2346  350:1.2346  400:1.2346  450:1.2346  500:1.2346 TEST REPORT=>
CLASS[  0 (  6)] FAIL=16.67% 
CLASS[  1 (  4)] FAIL=25.00% 
CLASS[  2 (  7)] FAIL= 0.00% 
GENERATION=  576 FITNESS=    -1.235% TEST_ERROR=     11.76%
PROGRAMS=
if(!(x7<(x1+sin((exp(((x13+sin((-5.49)))+(-44.81)))/(-9.94))))|x7<x9|x8<=cos((cos((-1.25))+x2)))) CLASS=0.00
else 
if(x6>=x10-x12|x7+x11>x3) CLASS=1.00
else 
CLASS=2.00
** CONFUSION MATRIX ** Number of classes: 3
   5    1    0 
   0    3    1 
   0    0    7 
TEST REPORT=>
CLASS[  0 (  6)] FAIL=16.67% 
CLASS[  1 (  4)] FAIL=25.00% 
CLASS[  2 (  7)] FAIL= 0.00% 
CLASS_ERROR:   11.7647058824 PRECISION:    0.8750000000 RECALL:    0.8611111111 F1SCORE:    0.8680000000
 50:1.2346  100:1.2346  150:1.2346  200:1.2346  250:1.2346  300:1.2346  350:1.2346  400:1.2346  450:1.2346  500:1.2346 TEST REPORT=>
CLASS[  0 (  6)] FAIL=16.67% 
CLASS[  1 (  4)] FAIL=25.00% 
CLASS[  2 (  7)] FAIL= 0.00% 
GENERATION=  577 FITNESS=    -1.235% TEST_ERROR=     11.76%
PROGRAMS=
if(!(x7<(x1+sin((exp(((x13+sin((-5.49)))+(-44.81)))/(-9.94))))|x7<x9|x8<=cos((cos((-1.25))+x2)))) CLASS=0.00
else 
if(x6>=x10-x12|x7+x11>x3) CLASS=1.00
else 
CLASS=2.00
** CONFUSION MATRIX ** Number of classes: 3
   5    1    0 
   0    3    1 
   0    0    7 
TEST REPORT=>
CLASS[  0 (  6)] FAIL=16.67% 
CLASS[  1 (  4)] FAIL=25.00% 
CLASS[  2 (  7)] FAIL= 0.00% 
CLASS_ERROR:   11.7647058824 PRECISION:    0.8750000000 RECALL:    0.8611111111 F1SCORE:    0.8680000000
 50:1.2346  100:1.2346  150:1.2346  200:1.2346  250:1.2346  300:1.2346  350:1.2346  400:1.2346  450:1.2346  500:1.2346 TEST REPORT=>
CLASS[  0 (  6)] FAIL=16.67% 
CLASS[  1 (  4)] FAIL=25.00% 
CLASS[  2 (  7)] FAIL= 0.00% 
GENERATION=  578 FITNESS=    -1.235% TEST_ERROR=     11.76%
PROGRAMS=
if(!(x7<(x1+sin((exp(((x13+sin((-5.49)))+(-44.81)))/(-9.94))))|x7<x9|x8<=cos((cos((-1.25))+x2)))) CLASS=0.00
else 
if(x6>=x10-x12|x7+x11>x3) CLASS=1.00
else 
CLASS=2.00
** CONFUSION MATRIX ** Number of classes: 3
   5    1    0 
   0    3    1 
   0    0    7 
TEST REPORT=>
CLASS[  0 (  6)] FAIL=16.67% 
CLASS[  1 (  4)] FAIL=25.00% 
CLASS[  2 (  7)] FAIL= 0.00% 
CLASS_ERROR:   11.7647058824 PRECISION:    0.8750000000 RECALL:    0.8611111111 F1SCORE:    0.8680000000
 50:1.2346  100:1.2346  150:1.2346  200:1.2346  250:1.2346  300:1.2346  350:1.2346  400:1.2346  450:1.2346  500:1.2346 TEST REPORT=>
CLASS[  0 (  6)] FAIL=16.67% 
CLASS[  1 (  4)] FAIL=25.00% 
CLASS[  2 (  7)] FAIL= 0.00% 
GENERATION=  579 FITNESS=    -1.235% TEST_ERROR=     11.76%
PROGRAMS=
if(!(x7<(x1+sin((exp(((x13+sin((-5.49)))+(-44.81)))/(-9.94))))|x7<x9|x8<=cos((cos((-1.25))+x2)))) CLASS=0.00
else 
if(x6>=x10-x12|x7+x11>x3) CLASS=1.00
else 
CLASS=2.00
** CONFUSION MATRIX ** Number of classes: 3
   5    1    0 
   0    3    1 
   0    0    7 
TEST REPORT=>
CLASS[  0 (  6)] FAIL=16.67% 
CLASS[  1 (  4)] FAIL=25.00% 
CLASS[  2 (  7)] FAIL= 0.00% 
CLASS_ERROR:   11.7647058824 PRECISION:    0.8750000000 RECALL:    0.8611111111 F1SCORE:    0.8680000000
 50:1.2346  100:1.2346  150:1.2346  200:1.2346  250:1.2346  300:1.2346  350:1.2346  400:1.2346  450:1.2346  500:1.2346 TEST REPORT=>
CLASS[  0 (  6)] FAIL=16.67% 
CLASS[  1 (  4)] FAIL=25.00% 
CLASS[  2 (  7)] FAIL= 0.00% 
GENERATION=  580 FITNESS=    -1.235% TEST_ERROR=     11.76%
PROGRAMS=
if(!(x7<(x1+sin((exp(((x13+sin((-5.49)))+(-44.81)))/(-9.94))))|x7<x9|x8<=cos((cos((-1.25))+x2)))) CLASS=0.00
else 
if(x6>=x10-x12|x7+x11>x3) CLASS=1.00
else 
CLASS=2.00
** CONFUSION MATRIX ** Number of classes: 3
   5    1    0 
   0    3    1 
   0    0    7 
TEST REPORT=>
CLASS[  0 (  6)] FAIL=16.67% 
CLASS[  1 (  4)] FAIL=25.00% 
CLASS[  2 (  7)] FAIL= 0.00% 
CLASS_ERROR:   11.7647058824 PRECISION:    0.8750000000 RECALL:    0.8611111111 F1SCORE:    0.8680000000
 50:1.2346  100:1.2346  150:1.2346  200:1.2346  250:1.2346  300:1.2346  350:1.2346  400:1.2346  450:1.2346  500:1.2346 TEST REPORT=>
CLASS[  0 (  6)] FAIL=16.67% 
CLASS[  1 (  4)] FAIL=25.00% 
CLASS[  2 (  7)] FAIL= 0.00% 
GENERATION=  581 FITNESS=    -1.235% TEST_ERROR=     11.76%
PROGRAMS=
if(!(x7<(x1+sin((exp(((x13+sin((-5.49)))+(-44.81)))/(-9.94))))|x7<x9|x8<=cos((cos((-1.25))+x2)))) CLASS=0.00
else 
if(x6>=x10-x12|x7+x11>x3) CLASS=1.00
else 
CLASS=2.00
** CONFUSION MATRIX ** Number of classes: 3
   5    1    0 
   0    3    1 
   0    0    7 
TEST REPORT=>
CLASS[  0 (  6)] FAIL=16.67% 
CLASS[  1 (  4)] FAIL=25.00% 
CLASS[  2 (  7)] FAIL= 0.00% 
CLASS_ERROR:   11.7647058824 PRECISION:    0.8750000000 RECALL:    0.8611111111 F1SCORE:    0.8680000000
 50:1.2346  100:1.2346  150:1.2346  200:1.2346  250:1.2346  300:1.2346  350:1.2346  400:1.2346  450:1.2346  500:1.2346 TEST REPORT=>
CLASS[  0 (  6)] FAIL=16.67% 
CLASS[  1 (  4)] FAIL=25.00% 
CLASS[  2 (  7)] FAIL= 0.00% 
GENERATION=  582 FITNESS=    -1.235% TEST_ERROR=     11.76%
PROGRAMS=
if(!(x7<(x1+sin((exp(((x13+sin((-5.49)))+(-44.81)))/(-9.94))))|x7<x9|x8<=cos((cos((-1.25))+x2)))) CLASS=0.00
else 
if(x6>=x10-x12|x7+x11>x3) CLASS=1.00
else 
CLASS=2.00
** CONFUSION MATRIX ** Number of classes: 3
   5    1    0 
   0    3    1 
   0    0    7 
TEST REPORT=>
CLASS[  0 (  6)] FAIL=16.67% 
CLASS[  1 (  4)] FAIL=25.00% 
CLASS[  2 (  7)] FAIL= 0.00% 
CLASS_ERROR:   11.7647058824 PRECISION:    0.8750000000 RECALL:    0.8611111111 F1SCORE:    0.8680000000
 50:1.2346  100:1.2346  150:1.2346  200:1.2346  250:1.2346  300:1.2346  350:1.2346  400:1.2346  450:1.2346  500:1.2346 TEST REPORT=>
CLASS[  0 (  6)] FAIL=16.67% 
CLASS[  1 (  4)] FAIL=25.00% 
CLASS[  2 (  7)] FAIL= 0.00% 
GENERATION=  583 FITNESS=    -1.235% TEST_ERROR=     11.76%
PROGRAMS=
if(!(x7<(x1+sin((exp(((x13+sin((-5.49)))+(-44.81)))/(-9.94))))|x7<x9|x8<=cos((cos((-1.25))+x2)))) CLASS=0.00
else 
if(x6>=x10-x12|x7+x11>x3) CLASS=1.00
else 
CLASS=2.00
** CONFUSION MATRIX ** Number of classes: 3
   5    1    0 
   0    3    1 
   0    0    7 
TEST REPORT=>
CLASS[  0 (  6)] FAIL=16.67% 
CLASS[  1 (  4)] FAIL=25.00% 
CLASS[  2 (  7)] FAIL= 0.00% 
CLASS_ERROR:   11.7647058824 PRECISION:    0.8750000000 RECALL:    0.8611111111 F1SCORE:    0.8680000000
 50:1.2346  100:1.2346  150:1.2346  200:1.2346  250:1.2346  300:1.2346  350:1.2346  400:1.2346  450:1.2346  500:1.2346 TEST REPORT=>
CLASS[  0 (  6)] FAIL=16.67% 
CLASS[  1 (  4)] FAIL=25.00% 
CLASS[  2 (  7)] FAIL= 0.00% 
GENERATION=  584 FITNESS=    -1.235% TEST_ERROR=     11.76%
PROGRAMS=
if(!(x7<(x1+sin((exp(((x13+sin((-5.49)))+(-44.81)))/(-9.94))))|x7<x9|x8<=cos((cos((-1.25))+x2)))) CLASS=0.00
else 
if(x6>=x10-x12|x7+x11>x3) CLASS=1.00
else 
CLASS=2.00
** CONFUSION MATRIX ** Number of classes: 3
   5    1    0 
   0    3    1 
   0    0    7 
TEST REPORT=>
CLASS[  0 (  6)] FAIL=16.67% 
CLASS[  1 (  4)] FAIL=25.00% 
CLASS[  2 (  7)] FAIL= 0.00% 
CLASS_ERROR:   11.7647058824 PRECISION:    0.8750000000 RECALL:    0.8611111111 F1SCORE:    0.8680000000
 50:1.2346  100:1.2346  150:1.2346  200:1.2346  250:1.2346  300:1.2346  350:1.2346  400:1.2346  450:1.2346  500:1.2346 TEST REPORT=>
CLASS[  0 (  6)] FAIL=16.67% 
CLASS[  1 (  4)] FAIL=25.00% 
CLASS[  2 (  7)] FAIL= 0.00% 
GENERATION=  585 FITNESS=    -1.235% TEST_ERROR=     11.76%
PROGRAMS=
if(!(x7<(x1+sin((exp(((x13+sin((-5.49)))+(-44.81)))/(-9.94))))|x7<x9|x8<=cos((cos((-1.25))+x2)))) CLASS=0.00
else 
if(x6>=x10-x12|x7+x11>x3) CLASS=1.00
else 
CLASS=2.00
** CONFUSION MATRIX ** Number of classes: 3
   5    1    0 
   0    3    1 
   0    0    7 
TEST REPORT=>
CLASS[  0 (  6)] FAIL=16.67% 
CLASS[  1 (  4)] FAIL=25.00% 
CLASS[  2 (  7)] FAIL= 0.00% 
CLASS_ERROR:   11.7647058824 PRECISION:    0.8750000000 RECALL:    0.8611111111 F1SCORE:    0.8680000000
 50:1.2346  100:1.2346  150:1.2346  200:1.2346  250:1.2346  300:1.2346  350:1.2346  400:1.2346  450:1.2346  500:1.2346 TEST REPORT=>
CLASS[  0 (  6)] FAIL=16.67% 
CLASS[  1 (  4)] FAIL=25.00% 
CLASS[  2 (  7)] FAIL= 0.00% 
GENERATION=  586 FITNESS=    -1.235% TEST_ERROR=     11.76%
PROGRAMS=
if(!(x7<(x1+sin((exp(((x13+sin((-5.49)))+(-44.81)))/(-9.94))))|x7<x9|x8<=cos((cos((-1.25))+x2)))) CLASS=0.00
else 
if(x6>=x10-x12|x7+x11>x3) CLASS=1.00
else 
CLASS=2.00
** CONFUSION MATRIX ** Number of classes: 3
   5    1    0 
   0    3    1 
   0    0    7 
TEST REPORT=>
CLASS[  0 (  6)] FAIL=16.67% 
CLASS[  1 (  4)] FAIL=25.00% 
CLASS[  2 (  7)] FAIL= 0.00% 
CLASS_ERROR:   11.7647058824 PRECISION:    0.8750000000 RECALL:    0.8611111111 F1SCORE:    0.8680000000
 50:1.2346  100:1.2346  150:1.2346  200:1.2346  250:1.2346  300:1.2346  350:1.2346  400:1.2346  450:1.2346  500:1.2346 TEST REPORT=>
CLASS[  0 (  6)] FAIL=16.67% 
CLASS[  1 (  4)] FAIL=25.00% 
CLASS[  2 (  7)] FAIL= 0.00% 
GENERATION=  587 FITNESS=    -1.235% TEST_ERROR=     11.76%
PROGRAMS=
if(!(x7<(x1+sin((exp(((x13+sin((-5.49)))+(-44.81)))/(-9.94))))|x7<x9|x8<=cos((cos((-1.25))+x2)))) CLASS=0.00
else 
if(x6>=x10-x12|x7+x11>x3) CLASS=1.00
else 
CLASS=2.00
** CONFUSION MATRIX ** Number of classes: 3
   5    1    0 
   0    3    1 
   0    0    7 
TEST REPORT=>
CLASS[  0 (  6)] FAIL=16.67% 
CLASS[  1 (  4)] FAIL=25.00% 
CLASS[  2 (  7)] FAIL= 0.00% 
CLASS_ERROR:   11.7647058824 PRECISION:    0.8750000000 RECALL:    0.8611111111 F1SCORE:    0.8680000000
 50:1.2346  100:1.2346  150:1.2346  200:1.2346  250:1.2346  300:1.2346  350:1.2346  400:1.2346  450:1.2346  500:1.2346 TEST REPORT=>
CLASS[  0 (  6)] FAIL=16.67% 
CLASS[  1 (  4)] FAIL=25.00% 
CLASS[  2 (  7)] FAIL= 0.00% 
GENERATION=  588 FITNESS=    -1.235% TEST_ERROR=     11.76%
PROGRAMS=
if(!(x7<(x1+sin((exp(((x13+sin((-5.49)))+(-44.81)))/(-9.94))))|x7<x9|x8<=cos((cos((-1.25))+x2)))) CLASS=0.00
else 
if(x6>=x10-x12|x7+x11>x3) CLASS=1.00
else 
CLASS=2.00
** CONFUSION MATRIX ** Number of classes: 3
   5    1    0 
   0    3    1 
   0    0    7 
TEST REPORT=>
CLASS[  0 (  6)] FAIL=16.67% 
CLASS[  1 (  4)] FAIL=25.00% 
CLASS[  2 (  7)] FAIL= 0.00% 
CLASS_ERROR:   11.7647058824 PRECISION:    0.8750000000 RECALL:    0.8611111111 F1SCORE:    0.8680000000
 50:1.2346  100:1.2346  150:1.2346  200:1.2346  250:1.2346  300:1.2346  350:1.2346  400:1.2346  450:1.2346  500:1.2346 TEST REPORT=>
CLASS[  0 (  6)] FAIL=16.67% 
CLASS[  1 (  4)] FAIL=25.00% 
CLASS[  2 (  7)] FAIL= 0.00% 
GENERATION=  589 FITNESS=    -1.235% TEST_ERROR=     11.76%
PROGRAMS=
if(!(x7<(x1+sin((exp(((x13+sin((-5.49)))+(-44.81)))/(-9.94))))|x7<x9|x8<=cos((cos((-1.25))+x2)))) CLASS=0.00
else 
if(x6>=x10-x12|x7+x11>x3) CLASS=1.00
else 
CLASS=2.00
** CONFUSION MATRIX ** Number of classes: 3
   5    1    0 
   0    3    1 
   0    0    7 
TEST REPORT=>
CLASS[  0 (  6)] FAIL=16.67% 
CLASS[  1 (  4)] FAIL=25.00% 
CLASS[  2 (  7)] FAIL= 0.00% 
CLASS_ERROR:   11.7647058824 PRECISION:    0.8750000000 RECALL:    0.8611111111 F1SCORE:    0.8680000000
 50:1.2346  100:1.2346  150:1.2346  200:1.2346  250:1.2346  300:1.2346  350:1.2346  400:1.2346  450:1.2346  500:1.2346 TEST REPORT=>
CLASS[  0 (  6)] FAIL=16.67% 
CLASS[  1 (  4)] FAIL=25.00% 
CLASS[  2 (  7)] FAIL= 0.00% 
GENERATION=  590 FITNESS=    -1.235% TEST_ERROR=     11.76%
PROGRAMS=
if(!(x7<(x1+sin((exp(((x13+sin((-5.49)))+(-44.81)))/(-9.94))))|x7<x9|x8<=cos((cos((-1.25))+x2)))) CLASS=0.00
else 
if(x6>=x10-x12|x7+x11>x3) CLASS=1.00
else 
CLASS=2.00
** CONFUSION MATRIX ** Number of classes: 3
   5    1    0 
   0    3    1 
   0    0    7 
TEST REPORT=>
CLASS[  0 (  6)] FAIL=16.67% 
CLASS[  1 (  4)] FAIL=25.00% 
CLASS[  2 (  7)] FAIL= 0.00% 
CLASS_ERROR:   11.7647058824 PRECISION:    0.8750000000 RECALL:    0.8611111111 F1SCORE:    0.8680000000
 50:1.2346  100:1.2346  150:1.2346  200:1.2346  250:1.2346  300:1.2346  350:1.2346  400:1.2346  450:1.2346  500:1.2346 TEST REPORT=>
CLASS[  0 (  6)] FAIL=16.67% 
CLASS[  1 (  4)] FAIL=25.00% 
CLASS[  2 (  7)] FAIL= 0.00% 
GENERATION=  591 FITNESS=    -1.235% TEST_ERROR=     11.76%
PROGRAMS=
if(!(x7<(x1+sin((exp(((x13+sin((-5.49)))+(-44.81)))/(-9.94))))|x7<x9|x8<=cos((cos((-1.25))+x2)))) CLASS=0.00
else 
if(x6>=x10-x12|x7+x11>x3) CLASS=1.00
else 
CLASS=2.00
** CONFUSION MATRIX ** Number of classes: 3
   5    1    0 
   0    3    1 
   0    0    7 
TEST REPORT=>
CLASS[  0 (  6)] FAIL=16.67% 
CLASS[  1 (  4)] FAIL=25.00% 
CLASS[  2 (  7)] FAIL= 0.00% 
CLASS_ERROR:   11.7647058824 PRECISION:    0.8750000000 RECALL:    0.8611111111 F1SCORE:    0.8680000000
 50:1.2346  100:1.2346  150:1.2346  200:1.2346  250:1.2346  300:1.2346  350:1.2346  400:1.2346  450:1.2346  500:1.2346 
TARGETED STAGNATION BURST generation=592 stagnation=20
TARGETED_BEST[0] START fitness=-1.2345679012
TARGETED_BEST[0] END fitness=-1.2345679012 accepted=0
TARGETED_BEST[1] START fitness=-1.2345679012
TARGETED_BEST[1] END fitness=-1.2345679012 accepted=0
TARGETED_BEST[2] START fitness=-1.2345679012
TARGETED_BEST[2] END fitness=-1.2345679012 accepted=0
TARGETED_BEST[3] START fitness=-1.2345679012
TARGETED_BEST[3] END fitness=-1.2345679012 accepted=0
TARGETED_BEST[4] START fitness=-1.2345679012
TARGETED_BEST[4] END fitness=-1.2345679012 accepted=0
TARGETED_BEST[5] START fitness=-1.2345679012
TARGETED_BEST[5] END fitness=-1.2345679012 accepted=0
TARGETED_BEST[6] START fitness=-1.2345679012
TARGETED_BEST[6] END fitness=-1.2345679012 accepted=0
TARGETED_BEST[7] START fitness=-1.2345679012
TARGETED_BEST[7] END fitness=-1.2345679012 accepted=0
TARGETED_BEST[8] START fitness=-1.2345679012
TARGETED_BEST[8] END fitness=-1.2345679012 accepted=0
TARGETED_BEST[9] START fitness=-1.2345679012
TARGETED_BEST[9] END fitness=-1.2345679012 accepted=0
TARGETED_BEST[10] START fitness=-1.2345679012
TARGETED_BEST[10] END fitness=-1.2345679012 accepted=0
TARGETED_BEST[11] START fitness=-1.2345679012
TARGETED_BEST[11] END fitness=-1.2345679012 accepted=0
TARGETED_BEST[12] START fitness=-1.2345679012
TARGETED_BEST[12] END fitness=-1.2345679012 accepted=0
TARGETED_BEST[13] START fitness=-1.2345679012
TARGETED_BEST[13] END fitness=-1.2345679012 accepted=0
TARGETED_BEST[14] START fitness=-1.2345679012
TARGETED_BEST[14] END fitness=-1.2345679012 accepted=0
TARGETED_BEST[15] START fitness=-1.2345679012
TARGETED_BEST[15] END fitness=-1.2345679012 accepted=0
TARGETED_BEST[16] START fitness=-1.2345679012
TARGETED_BEST[16] END fitness=-1.2345679012 accepted=0
TARGETED_BEST[17] START fitness=-1.2345679012
TARGETED_BEST[17] END fitness=-1.2345679012 accepted=0
TARGETED_BEST[18] START fitness=-1.2345679012
TARGETED_BEST[18] END fitness=-1.2345679012 accepted=0
TARGETED_BEST[19] START fitness=-1.2345679012
TARGETED_BEST[19] END fitness=-1.2345679012 accepted=0
TEST REPORT=>
CLASS[  0 (  6)] FAIL=16.67% 
CLASS[  1 (  4)] FAIL=25.00% 
CLASS[  2 (  7)] FAIL= 0.00% 
GENERATION=  592 FITNESS=    -1.235% TEST_ERROR=     11.76%
PROGRAMS=
if(!(x7<(x1+sin((exp(((x13+sin((-5.49)))+(-44.81)))/(-9.94))))|x7<x9|x8<=cos((cos((-1.25))+x2)))) CLASS=0.00
else 
if(x6>=x10-x12|x7+x11>x3) CLASS=1.00
else 
CLASS=2.00
** CONFUSION MATRIX ** Number of classes: 3
   5    1    0 
   0    3    1 
   0    0    7 
TEST REPORT=>
CLASS[  0 (  6)] FAIL=16.67% 
CLASS[  1 (  4)] FAIL=25.00% 
CLASS[  2 (  7)] FAIL= 0.00% 
CLASS_ERROR:   11.7647058824 PRECISION:    0.8750000000 RECALL:    0.8611111111 F1SCORE:    0.8680000000
 50:1.2346  100:1.2346  150:1.2346  200:1.2346  250:1.2346  300:1.2346  350:1.2346  400:1.2346  450:1.2346  500:1.2346 TEST REPORT=>
CLASS[  0 (  6)] FAIL=16.67% 
CLASS[  1 (  4)] FAIL=25.00% 
CLASS[  2 (  7)] FAIL= 0.00% 
GENERATION=  593 FITNESS=    -1.235% TEST_ERROR=     11.76%
PROGRAMS=
if(!(x7<(x1+sin((exp(((x13+sin((-5.49)))+(-44.81)))/(-9.94))))|x7<x9|x8<=cos((cos((-1.25))+x2)))) CLASS=0.00
else 
if(x6>=x10-x12|x7+x11>x3) CLASS=1.00
else 
CLASS=2.00
** CONFUSION MATRIX ** Number of classes: 3
   5    1    0 
   0    3    1 
   0    0    7 
TEST REPORT=>
CLASS[  0 (  6)] FAIL=16.67% 
CLASS[  1 (  4)] FAIL=25.00% 
CLASS[  2 (  7)] FAIL= 0.00% 
CLASS_ERROR:   11.7647058824 PRECISION:    0.8750000000 RECALL:    0.8611111111 F1SCORE:    0.8680000000
 50:1.2346  100:1.2346  150:1.2346  200:1.2346  250:1.2346  300:1.2346  350:1.2346  400:1.2346  450:1.2346  500:1.2346 TEST REPORT=>
CLASS[  0 (  6)] FAIL=16.67% 
CLASS[  1 (  4)] FAIL=25.00% 
CLASS[  2 (  7)] FAIL= 0.00% 
GENERATION=  594 FITNESS=    -1.235% TEST_ERROR=     11.76%
PROGRAMS=
if(!(x7<(x1+sin((exp(((x13+sin((-5.49)))+(-44.81)))/(-9.94))))|x7<x9|x8<=cos((cos((-1.25))+x2)))) CLASS=0.00
else 
if(x6>=x10-x12|x7+x11>x3) CLASS=1.00
else 
CLASS=2.00
** CONFUSION MATRIX ** Number of classes: 3
   5    1    0 
   0    3    1 
   0    0    7 
TEST REPORT=>
CLASS[  0 (  6)] FAIL=16.67% 
CLASS[  1 (  4)] FAIL=25.00% 
CLASS[  2 (  7)] FAIL= 0.00% 
CLASS_ERROR:   11.7647058824 PRECISION:    0.8750000000 RECALL:    0.8611111111 F1SCORE:    0.8680000000
 50:1.2346  100:1.2346  150:1.2346  200:1.2346  250:1.2346  300:1.2346  350:1.2346  400:1.2346  450:1.2346  500:1.2346 TEST REPORT=>
CLASS[  0 (  6)] FAIL=16.67% 
CLASS[  1 (  4)] FAIL=25.00% 
CLASS[  2 (  7)] FAIL= 0.00% 
GENERATION=  595 FITNESS=    -1.235% TEST_ERROR=     11.76%
PROGRAMS=
if(!(x7<(x1+sin((exp(((x13+sin((-5.49)))+(-44.81)))/(-9.94))))|x7<x9|x8<=cos((cos((-1.25))+x2)))) CLASS=0.00
else 
if(x6>=x10-x12|x7+x11>x3) CLASS=1.00
else 
CLASS=2.00
** CONFUSION MATRIX ** Number of classes: 3
   5    1    0 
   0    3    1 
   0    0    7 
TEST REPORT=>
CLASS[  0 (  6)] FAIL=16.67% 
CLASS[  1 (  4)] FAIL=25.00% 
CLASS[  2 (  7)] FAIL= 0.00% 
CLASS_ERROR:   11.7647058824 PRECISION:    0.8750000000 RECALL:    0.8611111111 F1SCORE:    0.8680000000
 50:1.2346  100:1.2346  150:1.2346  200:1.2346  250:1.2346  300:1.2346  350:1.2346  400:1.2346  450:1.2346  500:1.2346 TEST REPORT=>
CLASS[  0 (  6)] FAIL=16.67% 
CLASS[  1 (  4)] FAIL=25.00% 
CLASS[  2 (  7)] FAIL= 0.00% 
GENERATION=  596 FITNESS=    -1.235% TEST_ERROR=     11.76%
PROGRAMS=
if(!(x7<(x1+sin((exp(((x13+sin((-5.49)))+(-44.81)))/(-9.94))))|x7<x9|x8<=cos((cos((-1.25))+x2)))) CLASS=0.00
else 
if(x6>=x10-x12|x7+x11>x3) CLASS=1.00
else 
CLASS=2.00
** CONFUSION MATRIX ** Number of classes: 3
   5    1    0 
   0    3    1 
   0    0    7 
TEST REPORT=>
CLASS[  0 (  6)] FAIL=16.67% 
CLASS[  1 (  4)] FAIL=25.00% 
CLASS[  2 (  7)] FAIL= 0.00% 
CLASS_ERROR:   11.7647058824 PRECISION:    0.8750000000 RECALL:    0.8611111111 F1SCORE:    0.8680000000
 50:1.2346  100:1.2346  150:1.2346  200:1.2346  250:1.2346  300:1.2346  350:1.2346  400:1.2346  450:1.2346  500:1.2346 TEST REPORT=>
CLASS[  0 (  6)] FAIL=16.67% 
CLASS[  1 (  4)] FAIL=25.00% 
CLASS[  2 (  7)] FAIL= 0.00% 
GENERATION=  597 FITNESS=    -1.235% TEST_ERROR=     11.76%
PROGRAMS=
if(!(x7<(x1+sin((exp(((x13+sin((-5.49)))+(-44.81)))/(-9.94))))|x7<x9|x8<=cos((cos((-1.25))+x2)))) CLASS=0.00
else 
if(x6>=x10-x12|x7+x11>x3) CLASS=1.00
else 
CLASS=2.00
** CONFUSION MATRIX ** Number of classes: 3
   5    1    0 
   0    3    1 
   0    0    7 
TEST REPORT=>
CLASS[  0 (  6)] FAIL=16.67% 
CLASS[  1 (  4)] FAIL=25.00% 
CLASS[  2 (  7)] FAIL= 0.00% 
CLASS_ERROR:   11.7647058824 PRECISION:    0.8750000000 RECALL:    0.8611111111 F1SCORE:    0.8680000000
 50:1.2346  100:1.2346  150:1.2346  200:1.2346  250:1.2346  300:1.2346  350:1.2346  400:1.2346  450:1.2346  500:1.2346 TEST REPORT=>
CLASS[  0 (  6)] FAIL=16.67% 
CLASS[  1 (  4)] FAIL=25.00% 
CLASS[  2 (  7)] FAIL= 0.00% 
GENERATION=  598 FITNESS=    -1.235% TEST_ERROR=     11.76%
PROGRAMS=
if(!(x7<(x1+sin((exp(((x13+sin((-5.49)))+(-44.81)))/(-9.94))))|x7<x9|x8<=cos((cos((-1.25))+x2)))) CLASS=0.00
else 
if(x6>=x10-x12|x7+x11>x3) CLASS=1.00
else 
CLASS=2.00
** CONFUSION MATRIX ** Number of classes: 3
   5    1    0 
   0    3    1 
   0    0    7 
TEST REPORT=>
CLASS[  0 (  6)] FAIL=16.67% 
CLASS[  1 (  4)] FAIL=25.00% 
CLASS[  2 (  7)] FAIL= 0.00% 
CLASS_ERROR:   11.7647058824 PRECISION:    0.8750000000 RECALL:    0.8611111111 F1SCORE:    0.8680000000
 50:1.2346  100:1.2346  150:1.2346  200:1.2346  250:1.2346  300:1.2346  350:1.2346  400:1.2346  450:1.2346  500:1.2346 TEST REPORT=>
CLASS[  0 (  6)] FAIL=16.67% 
CLASS[  1 (  4)] FAIL=25.00% 
CLASS[  2 (  7)] FAIL= 0.00% 
GENERATION=  599 FITNESS=    -1.235% TEST_ERROR=     11.76%
PROGRAMS=
if(!(x7<(x1+sin((exp(((x13+sin((-5.49)))+(-44.81)))/(-9.94))))|x7<x9|x8<=cos((cos((-1.25))+x2)))) CLASS=0.00
else 
if(x6>=x10-x12|x7+x11>x3) CLASS=1.00
else 
CLASS=2.00
** CONFUSION MATRIX ** Number of classes: 3
   5    1    0 
   0    3    1 
   0    0    7 
TEST REPORT=>
CLASS[  0 (  6)] FAIL=16.67% 
CLASS[  1 (  4)] FAIL=25.00% 
CLASS[  2 (  7)] FAIL= 0.00% 
CLASS_ERROR:   11.7647058824 PRECISION:    0.8750000000 RECALL:    0.8611111111 F1SCORE:    0.8680000000
 50:1.2346  100:1.2346  150:1.2346  200:1.2346  250:1.2346  300:1.2346  350:1.2346  400:1.2346  450:1.2346  500:1.2346 TARGETED[0] START fitness=       -1.2345679012
TARGETED[0] END fitness=       -1.2345679012 accepted=0
TARGETED[195] START fitness=      -32.7160493827
TARGETED[195] END fitness=      -32.7160493827 accepted=0
TARGETED[46] START fitness=       -1.2345679012
TARGETED[46] END fitness=       -1.2345679012 accepted=0
TARGETED[425] START fitness=-100000000.0000000000
TARGETED[425] iter=24 type=VARIABLE codonPos=19 codon=22->28 rule=7->13 fitness=-100000000.0000000000->      -32.7160493827
TARGETED[425] END fitness=      -32.7160493827 accepted=1
TARGETED[135] START fitness=      -27.1604938272
TARGETED[135] iter=25 type=VARIABLE codonPos=112 codon=235->238 rule=10->13 fitness=      -27.1604938272->      -20.3703703704
TARGETED[135] iter=36 type=VARIABLE codonPos=125 codon=93->91 rule=3->1 fitness=      -20.3703703704->      -16.6666666667
TARGETED[135] END fitness=      -16.6666666667 accepted=2
TARGETED[142] START fitness=      -28.3950617284
TARGETED[142] iter=37 type=UNKNOWN codonPos=29 codon=193->194 rule=3->4 fitness=      -28.3950617284->      -27.7777777778
TARGETED[142] iter=40 type=VARIABLE codonPos=52 codon=96->91 rule=6->1 fitness=      -27.7777777778->      -27.1604938272
TARGETED[142] END fitness=      -27.1604938272 accepted=2
TARGETED[266] START fitness=      -35.1851851852
TARGETED[266] iter=3 type=VARIABLE codonPos=16 codon=182->177 rule=2->12 fitness=      -35.1851851852->       -4.3209876543
TARGETED[266] END fitness=       -4.3209876543 accepted=1
TARGETED[479] START fitness=-100000000.0000000000
TARGETED[479] iter=11 type=VARIABLE codonPos=2 codon=126->119 rule=6->14 fitness=-100000000.0000000000->      -32.7160493827
TARGETED[479] END fitness=      -32.7160493827 accepted=1
TARGETED[165] START fitness=      -32.7160493827
TARGETED[165] END fitness=      -32.7160493827 accepted=0
TARGETED[462] START fitness=-100000000.0000000000
TARGETED[462] iter=24 type=VARIABLE codonPos=6 codon=240->239 rule=0->14 fitness=-100000000.0000000000->      -33.9506172840
TARGETED[462] iter=36 type=VARIABLE codonPos=101 codon=70->65 rule=10->5 fitness=      -33.9506172840->      -32.7160493827
TARGETED[462] END fitness=      -32.7160493827 accepted=2
TARGETED[176] START fitness=      -32.7160493827
TARGETED[176] END fitness=      -32.7160493827 accepted=0
TARGETED[490] START fitness=-100000000.0000000000
TARGETED[490] iter=34 type=VARIABLE codonPos=6 codon=102->103 rule=12->13 fitness=-100000000.0000000000->      -32.7160493827
TARGETED[490] END fitness=      -32.7160493827 accepted=1
TARGETED[55] START fitness=       -1.8518518519
TARGETED[55] END fitness=       -1.8518518519 accepted=0
TARGETED[369] START fitness=      -67.2839506173
TARGETED[369] iter=2 type=FUNCTION codonPos=9 codon=177->178 rule=1->2 fitness=      -67.2839506173->       -6.1728395062
TARGETED[369] END fitness=       -6.1728395062 accepted=1
TARGETED[197] START fitness=      -32.7160493827
TARGETED[197] END fitness=      -32.7160493827 accepted=0
TARGETED[193] START fitness=      -32.7160493827
TARGETED[193] iter=43 type=VARIABLE codonPos=5 codon=147->152 rule=12->2 fitness=      -32.7160493827->      -19.7530864198
TARGETED[193] END fitness=      -19.7530864198 accepted=1
TARGETED[430] START fitness=-100000000.0000000000
TARGETED[430] iter=8 type=VARIABLE codonPos=34 codon=187->193 rule=7->13 fitness=-100000000.0000000000->      -32.7160493827
TARGETED[430] END fitness=      -32.7160493827 accepted=1
TARGETED[318] START fitness=      -58.6419753086
TARGETED[318] iter=9 type=BINARY_OPERATOR codonPos=106 codon=245->246 rule=1->2 fitness=      -58.6419753086->      -58.0246913580
TARGETED[318] iter=24 type=BINARY_OPERATOR codonPos=25 codon=232->233 rule=0->1 fitness=      -58.0246913580->      -57.4074074074
TARGETED[318] iter=27 type=VARIABLE codonPos=2 codon=241->244 rule=1->4 fitness=      -57.4074074074->      -55.5555555556
TARGETED[318] iter=32 type=VARIABLE codonPos=110 codon=231->236 rule=6->11 fitness=      -55.5555555556->      -53.7037037037
TARGETED[318] iter=33 type=VARIABLE codonPos=101 codon=80->75 rule=5->0 fitness=      -53.7037037037->      -40.1234567901
TARGETED[318] iter=38 type=VARIABLE codonPos=112 codon=235->232 rule=10->7 fitness=      -40.1234567901->      -36.4197530864
TARGETED[318] END fitness=      -36.4197530864 accepted=6
TARGETED[100] START fitness=      -11.7283950617
TARGETED[100] iter=3 type=UNKNOWN codonPos=22 codon=144->141 rule=4->1 fitness=      -11.7283950617->      -11.1111111111
TARGETED[100] iter=21 type=BINARY_OPERATOR codonPos=26 codon=236->238 rule=0->2 fitness=      -11.1111111111->      -10.4938271605
TARGETED[100] iter=22 type=UNKNOWN codonPos=31 codon=37->36 rule=7->6 fitness=      -10.4938271605->       -9.2592592593
TARGETED[100] iter=27 type=UNKNOWN codonPos=33 codon=191->189 rule=1->9 fitness=       -9.2592592593->       -6.1728395062
TARGETED[100] END fitness=       -6.1728395062 accepted=4
TARGETED[371] START fitness=      -74.0740740741
TARGETED[371] iter=6 type=BOOLEAN_OPERATOR codonPos=113 codon=232->234 rule=0->2 fitness=      -74.0740740741->      -58.6419753086
TARGETED[371] iter=9 type=VARIABLE codonPos=115 codon=152->156 rule=2->6 fitness=      -58.6419753086->      -48.1481481481
TARGETED[371] iter=10 type=VARIABLE codonPos=112 codon=85->83 rule=10->8 fitness=      -48.1481481481->      -43.2098765432
TARGETED[371] iter=23 type=FUNCTION codonPos=108 codon=64->66 rule=0->2 fitness=      -43.2098765432->      -40.7407407407
TARGETED[371] iter=39 type=VARIABLE codonPos=101 codon=50->56 rule=5->11 fitness=      -40.7407407407->      -37.6543209877
TARGETED[371] END fitness=      -37.6543209877 accepted=5
TEST REPORT=>
CLASS[  0 (  6)] FAIL=16.67% 
CLASS[  1 (  4)] FAIL=25.00% 
CLASS[  2 (  7)] FAIL= 0.00% 
GENERATION=  600 FITNESS=    -1.235% TEST_ERROR=     11.76%
PROGRAMS=
if(!(x7<(x1+sin((exp(((x13+sin((-5.49)))+(-44.81)))/(-9.94))))|x7<x9|x8<=cos((cos((-1.25))+x2)))) CLASS=0.00
else 
if(x6>=x10-x12|x7+x11>x3) CLASS=1.00
else 
CLASS=2.00
** CONFUSION MATRIX ** Number of classes: 3
   5    1    0 
   0    3    1 
   0    0    7 
TEST REPORT=>
CLASS[  0 (  6)] FAIL=16.67% 
CLASS[  1 (  4)] FAIL=25.00% 
CLASS[  2 (  7)] FAIL= 0.00% 
CLASS_ERROR:   11.7647058824 PRECISION:    0.8750000000 RECALL:    0.8611111111 F1SCORE:    0.8680000000
 50:1.2346  100:1.2346  150:1.2346  200:1.2346  250:1.2346  300:1.2346  350:1.2346  400:1.2346  450:1.2346  500:1.2346 TEST REPORT=>
CLASS[  0 (  6)] FAIL=16.67% 
CLASS[  1 (  4)] FAIL=25.00% 
CLASS[  2 (  7)] FAIL= 0.00% 
GENERATION=  601 FITNESS=    -1.235% TEST_ERROR=     11.76%
PROGRAMS=
if(!(x7<(x1+sin((exp(((x13+sin((-5.49)))+(-44.81)))/(-9.94))))|x7<x9|x8<=cos((cos((-1.25))+x2)))) CLASS=0.00
else 
if(x6>=x10-x12|x7+x11>x3) CLASS=1.00
else 
CLASS=2.00
** CONFUSION MATRIX ** Number of classes: 3
   5    1    0 
   0    3    1 
   0    0    7 
TEST REPORT=>
CLASS[  0 (  6)] FAIL=16.67% 
CLASS[  1 (  4)] FAIL=25.00% 
CLASS[  2 (  7)] FAIL= 0.00% 
CLASS_ERROR:   11.7647058824 PRECISION:    0.8750000000 RECALL:    0.8611111111 F1SCORE:    0.8680000000
 50:1.2346  100:1.2346  150:1.2346  200:1.2346  250:1.2346  300:1.2346  350:1.2346  400:1.2346  450:1.2346  500:1.2346 TEST REPORT=>
CLASS[  0 (  6)] FAIL=16.67% 
CLASS[  1 (  4)] FAIL=25.00% 
CLASS[  2 (  7)] FAIL= 0.00% 
GENERATION=  602 FITNESS=    -1.235% TEST_ERROR=     11.76%
PROGRAMS=
if(!(x7<(x1+sin((exp(((x13+sin((-5.49)))+(-44.81)))/(-9.94))))|x7<x9|x8<=cos((cos((-1.25))+x2)))) CLASS=0.00
else 
if(x6>=x10-x12|x7+x11>x3) CLASS=1.00
else 
CLASS=2.00
** CONFUSION MATRIX ** Number of classes: 3
   5    1    0 
   0    3    1 
   0    0    7 
TEST REPORT=>
CLASS[  0 (  6)] FAIL=16.67% 
CLASS[  1 (  4)] FAIL=25.00% 
CLASS[  2 (  7)] FAIL= 0.00% 
CLASS_ERROR:   11.7647058824 PRECISION:    0.8750000000 RECALL:    0.8611111111 F1SCORE:    0.8680000000
 50:1.2346  100:1.2346  150:1.2346  200:1.2346  250:1.2346  300:1.2346  350:1.2346  400:1.2346  450:1.2346  500:1.2346 TEST REPORT=>
CLASS[  0 (  6)] FAIL=16.67% 
CLASS[  1 (  4)] FAIL=25.00% 
CLASS[  2 (  7)] FAIL= 0.00% 
GENERATION=  603 FITNESS=    -1.235% TEST_ERROR=     11.76%
PROGRAMS=
if(!(x7<(x1+sin((exp(((x13+sin((-5.49)))+(-44.81)))/(-9.94))))|x7<x9|x8<=cos((cos((-1.25))+x2)))) CLASS=0.00
else 
if(x6>=x10-x12|x7+x11>x3) CLASS=1.00
else 
CLASS=2.00
** CONFUSION MATRIX ** Number of classes: 3
   5    1    0 
   0    3    1 
   0    0    7 
TEST REPORT=>
CLASS[  0 (  6)] FAIL=16.67% 
CLASS[  1 (  4)] FAIL=25.00% 
CLASS[  2 (  7)] FAIL= 0.00% 
CLASS_ERROR:   11.7647058824 PRECISION:    0.8750000000 RECALL:    0.8611111111 F1SCORE:    0.8680000000
 50:1.2346  100:1.2346  150:1.2346  200:1.2346  250:1.2346  300:1.2346  350:1.2346  400:1.2346  450:1.2346  500:1.2346 TEST REPORT=>
CLASS[  0 (  6)] FAIL=16.67% 
CLASS[  1 (  4)] FAIL=25.00% 
CLASS[  2 (  7)] FAIL= 0.00% 
GENERATION=  604 FITNESS=    -1.235% TEST_ERROR=     11.76%
PROGRAMS=
if(!(x7<(x1+sin((exp(((x13+sin((-5.49)))+(-44.81)))/(-9.94))))|x7<x9|x8<=cos((cos((-1.25))+x2)))) CLASS=0.00
else 
if(x6>=x10-x12|x7+x11>x3) CLASS=1.00
else 
CLASS=2.00
** CONFUSION MATRIX ** Number of classes: 3
   5    1    0 
   0    3    1 
   0    0    7 
TEST REPORT=>
CLASS[  0 (  6)] FAIL=16.67% 
CLASS[  1 (  4)] FAIL=25.00% 
CLASS[  2 (  7)] FAIL= 0.00% 
CLASS_ERROR:   11.7647058824 PRECISION:    0.8750000000 RECALL:    0.8611111111 F1SCORE:    0.8680000000
 50:1.2346  100:1.2346  150:1.2346  200:1.2346  250:1.2346  300:1.2346  350:1.2346  400:1.2346  450:1.2346  500:1.2346 TEST REPORT=>
CLASS[  0 (  6)] FAIL=16.67% 
CLASS[  1 (  4)] FAIL=25.00% 
CLASS[  2 (  7)] FAIL= 0.00% 
GENERATION=  605 FITNESS=    -1.235% TEST_ERROR=     11.76%
PROGRAMS=
if(!(x7<(x1+sin((exp(((x13+sin((-5.49)))+(-44.81)))/(-9.94))))|x7<x9|x8<=cos((cos((-1.25))+x2)))) CLASS=0.00
else 
if(x6>=x10-x12|x7+x11>x3) CLASS=1.00
else 
CLASS=2.00
** CONFUSION MATRIX ** Number of classes: 3
   5    1    0 
   0    3    1 
   0    0    7 
TEST REPORT=>
CLASS[  0 (  6)] FAIL=16.67% 
CLASS[  1 (  4)] FAIL=25.00% 
CLASS[  2 (  7)] FAIL= 0.00% 
CLASS_ERROR:   11.7647058824 PRECISION:    0.8750000000 RECALL:    0.8611111111 F1SCORE:    0.8680000000
 50:1.2346  100:1.2346  150:1.2346  200:1.2346  250:1.2346  300:1.2346  350:1.2346  400:1.2346  450:1.2346  500:1.2346 TEST REPORT=>
CLASS[  0 (  6)] FAIL=16.67% 
CLASS[  1 (  4)] FAIL=25.00% 
CLASS[  2 (  7)] FAIL= 0.00% 
GENERATION=  606 FITNESS=    -1.235% TEST_ERROR=     11.76%
PROGRAMS=
if(!(x7<(x1+sin((exp(((x13+sin((-5.49)))+(-44.81)))/(-9.94))))|x7<x9|x8<=cos((cos((-1.25))+x2)))) CLASS=0.00
else 
if(x6>=x10-x12|x7+x11>x3) CLASS=1.00
else 
CLASS=2.00
** CONFUSION MATRIX ** Number of classes: 3
   5    1    0 
   0    3    1 
   0    0    7 
TEST REPORT=>
CLASS[  0 (  6)] FAIL=16.67% 
CLASS[  1 (  4)] FAIL=25.00% 
CLASS[  2 (  7)] FAIL= 0.00% 
CLASS_ERROR:   11.7647058824 PRECISION:    0.8750000000 RECALL:    0.8611111111 F1SCORE:    0.8680000000
 50:1.2346  100:1.2346  150:1.2346  200:1.2346  250:1.2346  300:1.2346  350:1.2346  400:1.2346  450:1.2346  500:1.2346 TEST REPORT=>
CLASS[  0 (  6)] FAIL=16.67% 
CLASS[  1 (  4)] FAIL=25.00% 
CLASS[  2 (  7)] FAIL= 0.00% 
GENERATION=  607 FITNESS=    -1.235% TEST_ERROR=     11.76%
PROGRAMS=
if(!(x7<(x1+sin((exp(((x13+sin((-5.49)))+(-44.81)))/(-9.94))))|x7<x9|x8<=cos((cos((-1.25))+x2)))) CLASS=0.00
else 
if(x6>=x10-x12|x7+x11>x3) CLASS=1.00
else 
CLASS=2.00
** CONFUSION MATRIX ** Number of classes: 3
   5    1    0 
   0    3    1 
   0    0    7 
TEST REPORT=>
CLASS[  0 (  6)] FAIL=16.67% 
CLASS[  1 (  4)] FAIL=25.00% 
CLASS[  2 (  7)] FAIL= 0.00% 
CLASS_ERROR:   11.7647058824 PRECISION:    0.8750000000 RECALL:    0.8611111111 F1SCORE:    0.8680000000
 50:1.2346  100:1.2346  150:1.2346  200:1.2346  250:1.2346  300:1.2346  350:1.2346  400:1.2346  450:1.2346  500:1.2346 TEST REPORT=>
CLASS[  0 (  6)] FAIL=16.67% 
CLASS[  1 (  4)] FAIL=25.00% 
CLASS[  2 (  7)] FAIL= 0.00% 
GENERATION=  608 FITNESS=    -1.235% TEST_ERROR=     11.76%
PROGRAMS=
if(!(x7<(x1+sin((exp(((x13+sin((-5.49)))+(-44.81)))/(-9.94))))|x7<x9|x8<=cos((cos((-1.25))+x2)))) CLASS=0.00
else 
if(x6>=x10-x12|x7+x11>x3) CLASS=1.00
else 
CLASS=2.00
** CONFUSION MATRIX ** Number of classes: 3
   5    1    0 
   0    3    1 
   0    0    7 
TEST REPORT=>
CLASS[  0 (  6)] FAIL=16.67% 
CLASS[  1 (  4)] FAIL=25.00% 
CLASS[  2 (  7)] FAIL= 0.00% 
CLASS_ERROR:   11.7647058824 PRECISION:    0.8750000000 RECALL:    0.8611111111 F1SCORE:    0.8680000000
 50:1.2346  100:1.2346  150:1.2346  200:1.2346  250:1.2346  300:1.2346  350:1.2346  400:1.2346  450:1.2346  500:1.2346 TEST REPORT=>
CLASS[  0 (  6)] FAIL=16.67% 
CLASS[  1 (  4)] FAIL=25.00% 
CLASS[  2 (  7)] FAIL= 0.00% 
GENERATION=  609 FITNESS=    -1.235% TEST_ERROR=     11.76%
PROGRAMS=
if(!(x7<(x1+sin((exp(((x13+sin((-5.49)))+(-44.81)))/(-9.94))))|x7<x9|x8<=cos((cos((-1.25))+x2)))) CLASS=0.00
else 
if(x6>=x10-x12|x7+x11>x3) CLASS=1.00
else 
CLASS=2.00
** CONFUSION MATRIX ** Number of classes: 3
   5    1    0 
   0    3    1 
   0    0    7 
TEST REPORT=>
CLASS[  0 (  6)] FAIL=16.67% 
CLASS[  1 (  4)] FAIL=25.00% 
CLASS[  2 (  7)] FAIL= 0.00% 
CLASS_ERROR:   11.7647058824 PRECISION:    0.8750000000 RECALL:    0.8611111111 F1SCORE:    0.8680000000
 50:1.2346  100:1.2346  150:1.2346  200:1.2346  250:1.2346  300:1.2346  350:1.2346  400:1.2346  450:1.2346  500:1.2346 TEST REPORT=>
CLASS[  0 (  6)] FAIL=16.67% 
CLASS[  1 (  4)] FAIL=25.00% 
CLASS[  2 (  7)] FAIL= 0.00% 
GENERATION=  610 FITNESS=    -1.235% TEST_ERROR=     11.76%
PROGRAMS=
if(!(x7<(x1+sin((exp(((x13+sin((-5.49)))+(-44.81)))/(-9.94))))|x7<x9|x8<=cos((cos((-1.25))+x2)))) CLASS=0.00
else 
if(x6>=x10-x12|x7+x11>x3) CLASS=1.00
else 
CLASS=2.00
** CONFUSION MATRIX ** Number of classes: 3
   5    1    0 
   0    3    1 
   0    0    7 
TEST REPORT=>
CLASS[  0 (  6)] FAIL=16.67% 
CLASS[  1 (  4)] FAIL=25.00% 
CLASS[  2 (  7)] FAIL= 0.00% 
CLASS_ERROR:   11.7647058824 PRECISION:    0.8750000000 RECALL:    0.8611111111 F1SCORE:    0.8680000000
 50:1.2346  100:1.2346  150:1.2346  200:1.2346  250:1.2346  300:1.2346  350:1.2346  400:1.2346  450:1.2346  500:1.2346 TEST REPORT=>
CLASS[  0 (  6)] FAIL=16.67% 
CLASS[  1 (  4)] FAIL=25.00% 
CLASS[  2 (  7)] FAIL= 0.00% 
GENERATION=  611 FITNESS=    -1.235% TEST_ERROR=     11.76%
PROGRAMS=
if(!(x7<(x1+sin((exp(((x13+sin((-5.49)))+(-44.81)))/(-9.94))))|x7<x9|x8<=cos((cos((-1.25))+x2)))) CLASS=0.00
else 
if(x6>=x10-x12|x7+x11>x3) CLASS=1.00
else 
CLASS=2.00
** CONFUSION MATRIX ** Number of classes: 3
   5    1    0 
   0    3    1 
   0    0    7 
TEST REPORT=>
CLASS[  0 (  6)] FAIL=16.67% 
CLASS[  1 (  4)] FAIL=25.00% 
CLASS[  2 (  7)] FAIL= 0.00% 
CLASS_ERROR:   11.7647058824 PRECISION:    0.8750000000 RECALL:    0.8611111111 F1SCORE:    0.8680000000
 50:1.2346  100:1.2346  150:1.2346  200:1.2346  250:1.2346  300:1.2346  350:1.2346  400:1.2346  450:1.2346  500:1.2346 
TARGETED STAGNATION BURST generation=612 stagnation=20
TARGETED_BEST[0] START fitness=-1.2345679012
TARGETED_BEST[0] END fitness=-1.2345679012 accepted=0
TARGETED_BEST[1] START fitness=-1.2345679012
TARGETED_BEST[1] END fitness=-1.2345679012 accepted=0
TARGETED_BEST[2] START fitness=-1.2345679012
TARGETED_BEST[2] END fitness=-1.2345679012 accepted=0
TARGETED_BEST[3] START fitness=-1.2345679012
TARGETED_BEST[3] END fitness=-1.2345679012 accepted=0
TARGETED_BEST[4] START fitness=-1.2345679012
TARGETED_BEST[4] END fitness=-1.2345679012 accepted=0
TARGETED_BEST[5] START fitness=-1.2345679012
TARGETED_BEST[5] END fitness=-1.2345679012 accepted=0
TARGETED_BEST[6] START fitness=-1.2345679012
TARGETED_BEST[6] END fitness=-1.2345679012 accepted=0
TARGETED_BEST[7] START fitness=-1.2345679012
TARGETED_BEST[7] END fitness=-1.2345679012 accepted=0
TARGETED_BEST[8] START fitness=-1.2345679012
TARGETED_BEST[8] END fitness=-1.2345679012 accepted=0
TARGETED_BEST[9] START fitness=-1.2345679012
TARGETED_BEST[9] END fitness=-1.2345679012 accepted=0
TARGETED_BEST[10] START fitness=-1.2345679012
TARGETED_BEST[10] END fitness=-1.2345679012 accepted=0
TARGETED_BEST[11] START fitness=-1.2345679012
TARGETED_BEST[11] END fitness=-1.2345679012 accepted=0
TARGETED_BEST[12] START fitness=-1.2345679012
TARGETED_BEST[12] END fitness=-1.2345679012 accepted=0
TARGETED_BEST[13] START fitness=-1.2345679012
TARGETED_BEST[13] END fitness=-1.2345679012 accepted=0
TARGETED_BEST[14] START fitness=-1.2345679012
TARGETED_BEST[14] END fitness=-1.2345679012 accepted=0
TARGETED_BEST[15] START fitness=-1.2345679012
TARGETED_BEST[15] END fitness=-1.2345679012 accepted=0
TARGETED_BEST[16] START fitness=-1.2345679012
TARGETED_BEST[16] END fitness=-1.2345679012 accepted=0
TARGETED_BEST[17] START fitness=-1.2345679012
TARGETED_BEST[17] END fitness=-1.2345679012 accepted=0
TARGETED_BEST[18] START fitness=-1.2345679012
TARGETED_BEST[18] END fitness=-1.2345679012 accepted=0
TARGETED_BEST[19] START fitness=-1.2345679012
TARGETED_BEST[19] END fitness=-1.2345679012 accepted=0
TEST REPORT=>
CLASS[  0 (  6)] FAIL=16.67% 
CLASS[  1 (  4)] FAIL=25.00% 
CLASS[  2 (  7)] FAIL= 0.00% 
GENERATION=  612 FITNESS=    -1.235% TEST_ERROR=     11.76%
PROGRAMS=
if(!(x7<(x1+sin((exp(((x13+sin((-5.49)))+(-44.81)))/(-9.94))))|x7<x9|x8<=cos((cos((-1.25))+x2)))) CLASS=0.00
else 
if(x6>=x10-x12|x7+x11>x3) CLASS=1.00
else 
CLASS=2.00
** CONFUSION MATRIX ** Number of classes: 3
   5    1    0 
   0    3    1 
   0    0    7 
TEST REPORT=>
CLASS[  0 (  6)] FAIL=16.67% 
CLASS[  1 (  4)] FAIL=25.00% 
CLASS[  2 (  7)] FAIL= 0.00% 
CLASS_ERROR:   11.7647058824 PRECISION:    0.8750000000 RECALL:    0.8611111111 F1SCORE:    0.8680000000
 50:1.2346  100:1.2346  150:1.2346  200:1.2346  250:1.2346  300:1.2346  350:1.2346  400:1.2346  450:1.2346  500:1.2346 TEST REPORT=>
CLASS[  0 (  6)] FAIL=16.67% 
CLASS[  1 (  4)] FAIL=25.00% 
CLASS[  2 (  7)] FAIL= 0.00% 
GENERATION=  613 FITNESS=    -1.235% TEST_ERROR=     11.76%
PROGRAMS=
if(!(x7<(x1+sin((exp(((x13+sin((-5.49)))+(-44.81)))/(-9.94))))|x7<x9|x8<=cos((cos((-1.25))+x2)))) CLASS=0.00
else 
if(x6>=x10-x12|x7+x11>x3) CLASS=1.00
else 
CLASS=2.00
** CONFUSION MATRIX ** Number of classes: 3
   5    1    0 
   0    3    1 
   0    0    7 
TEST REPORT=>
CLASS[  0 (  6)] FAIL=16.67% 
CLASS[  1 (  4)] FAIL=25.00% 
CLASS[  2 (  7)] FAIL= 0.00% 
CLASS_ERROR:   11.7647058824 PRECISION:    0.8750000000 RECALL:    0.8611111111 F1SCORE:    0.8680000000
 50:1.2346  100:1.2346  150:1.2346  200:1.2346  250:1.2346  300:1.2346  350:1.2346  400:1.2346  450:1.2346  500:1.2346 TEST REPORT=>
CLASS[  0 (  6)] FAIL=16.67% 
CLASS[  1 (  4)] FAIL=25.00% 
CLASS[  2 (  7)] FAIL= 0.00% 
GENERATION=  614 FITNESS=    -1.235% TEST_ERROR=     11.76%
PROGRAMS=
if(!(x7<(x1+sin((exp(((x13+sin((-5.49)))+(-44.81)))/(-9.94))))|x7<x9|x8<=cos((cos((-1.25))+x2)))) CLASS=0.00
else 
if(x6>=x10-x12|x7+x11>x3) CLASS=1.00
else 
CLASS=2.00
** CONFUSION MATRIX ** Number of classes: 3
   5    1    0 
   0    3    1 
   0    0    7 
TEST REPORT=>
CLASS[  0 (  6)] FAIL=16.67% 
CLASS[  1 (  4)] FAIL=25.00% 
CLASS[  2 (  7)] FAIL= 0.00% 
CLASS_ERROR:   11.7647058824 PRECISION:    0.8750000000 RECALL:    0.8611111111 F1SCORE:    0.8680000000
 50:1.2346  100:1.2346  150:1.2346  200:1.2346  250:1.2346  300:1.2346  350:1.2346  400:1.2346  450:1.2346  500:1.2346 TEST REPORT=>
CLASS[  0 (  6)] FAIL=16.67% 
CLASS[  1 (  4)] FAIL=25.00% 
CLASS[  2 (  7)] FAIL= 0.00% 
GENERATION=  615 FITNESS=    -1.235% TEST_ERROR=     11.76%
PROGRAMS=
if(!(x7<(x1+sin((exp(((x13+sin((-5.49)))+(-44.81)))/(-9.94))))|x7<x9|x8<=cos((cos((-1.25))+x2)))) CLASS=0.00
else 
if(x6>=x10-x12|x7+x11>x3) CLASS=1.00
else 
CLASS=2.00
** CONFUSION MATRIX ** Number of classes: 3
   5    1    0 
   0    3    1 
   0    0    7 
TEST REPORT=>
CLASS[  0 (  6)] FAIL=16.67% 
CLASS[  1 (  4)] FAIL=25.00% 
CLASS[  2 (  7)] FAIL= 0.00% 
CLASS_ERROR:   11.7647058824 PRECISION:    0.8750000000 RECALL:    0.8611111111 F1SCORE:    0.8680000000
 50:1.2346  100:1.2346  150:1.2346  200:1.2346  250:1.2346  300:1.2346  350:1.2346  400:1.2346  450:1.2346  500:1.2346 TEST REPORT=>
CLASS[  0 (  6)] FAIL=16.67% 
CLASS[  1 (  4)] FAIL=25.00% 
CLASS[  2 (  7)] FAIL= 0.00% 
GENERATION=  616 FITNESS=    -1.235% TEST_ERROR=     11.76%
PROGRAMS=
if(!(x7<(x1+sin((exp(((x13+sin((-5.49)))+(-44.81)))/(-9.94))))|x7<x9|x8<=cos((cos((-1.25))+x2)))) CLASS=0.00
else 
if(x6>=x10-x12|x7+x11>x3) CLASS=1.00
else 
CLASS=2.00
** CONFUSION MATRIX ** Number of classes: 3
   5    1    0 
   0    3    1 
   0    0    7 
TEST REPORT=>
CLASS[  0 (  6)] FAIL=16.67% 
CLASS[  1 (  4)] FAIL=25.00% 
CLASS[  2 (  7)] FAIL= 0.00% 
CLASS_ERROR:   11.7647058824 PRECISION:    0.8750000000 RECALL:    0.8611111111 F1SCORE:    0.8680000000
 50:1.2346  100:1.2346  150:1.2346  200:1.2346  250:1.2346  300:1.2346  350:1.2346  400:1.2346  450:1.2346  500:1.2346 TEST REPORT=>
CLASS[  0 (  6)] FAIL=16.67% 
CLASS[  1 (  4)] FAIL=25.00% 
CLASS[  2 (  7)] FAIL= 0.00% 
GENERATION=  617 FITNESS=    -1.235% TEST_ERROR=     11.76%
PROGRAMS=
if(!(x7<(x1+sin((exp(((x13+sin((-5.49)))+(-44.81)))/(-9.94))))|x7<x9|x8<=cos((cos((-1.25))+x2)))) CLASS=0.00
else 
if(x6>=x10-x12|x7+x11>x3) CLASS=1.00
else 
CLASS=2.00
** CONFUSION MATRIX ** Number of classes: 3
   5    1    0 
   0    3    1 
   0    0    7 
TEST REPORT=>
CLASS[  0 (  6)] FAIL=16.67% 
CLASS[  1 (  4)] FAIL=25.00% 
CLASS[  2 (  7)] FAIL= 0.00% 
CLASS_ERROR:   11.7647058824 PRECISION:    0.8750000000 RECALL:    0.8611111111 F1SCORE:    0.8680000000
 50:1.2346  100:1.2346  150:1.2346  200:1.2346  250:1.2346  300:1.2346  350:1.2346  400:1.2346  450:1.2346  500:1.2346 TEST REPORT=>
CLASS[  0 (  6)] FAIL=16.67% 
CLASS[  1 (  4)] FAIL=25.00% 
CLASS[  2 (  7)] FAIL= 0.00% 
GENERATION=  618 FITNESS=    -1.235% TEST_ERROR=     11.76%
PROGRAMS=
if(!(x7<(x1+sin((exp(((x13+sin((-5.49)))+(-44.81)))/(-9.94))))|x7<x9|x8<=cos((cos((-1.25))+x2)))) CLASS=0.00
else 
if(x6>=x10-x12|x7+x11>x3) CLASS=1.00
else 
CLASS=2.00
** CONFUSION MATRIX ** Number of classes: 3
   5    1    0 
   0    3    1 
   0    0    7 
TEST REPORT=>
CLASS[  0 (  6)] FAIL=16.67% 
CLASS[  1 (  4)] FAIL=25.00% 
CLASS[  2 (  7)] FAIL= 0.00% 
CLASS_ERROR:   11.7647058824 PRECISION:    0.8750000000 RECALL:    0.8611111111 F1SCORE:    0.8680000000
 50:1.2346  100:1.2346  150:1.2346  200:1.2346  250:1.2346  300:1.2346  350:1.2346  400:1.2346  450:1.2346  500:1.2346 TEST REPORT=>
CLASS[  0 (  6)] FAIL=16.67% 
CLASS[  1 (  4)] FAIL=25.00% 
CLASS[  2 (  7)] FAIL= 0.00% 
GENERATION=  619 FITNESS=    -1.235% TEST_ERROR=     11.76%
PROGRAMS=
if(!(x7<(x1+sin((exp(((x13+sin((-5.49)))+(-44.81)))/(-9.94))))|x7<x9|x8<=cos((cos((-1.25))+x2)))) CLASS=0.00
else 
if(x6>=x10-x12|x7+x11>x3) CLASS=1.00
else 
CLASS=2.00
** CONFUSION MATRIX ** Number of classes: 3
   5    1    0 
   0    3    1 
   0    0    7 
TEST REPORT=>
CLASS[  0 (  6)] FAIL=16.67% 
CLASS[  1 (  4)] FAIL=25.00% 
CLASS[  2 (  7)] FAIL= 0.00% 
CLASS_ERROR:   11.7647058824 PRECISION:    0.8750000000 RECALL:    0.8611111111 F1SCORE:    0.8680000000
 50:1.2346  100:1.2346  150:1.2346  200:1.2346  250:1.2346  300:1.2346  350:1.2346  400:1.2346  450:1.2346  500:1.2346 TEST REPORT=>
CLASS[  0 (  6)] FAIL=16.67% 
CLASS[  1 (  4)] FAIL=25.00% 
CLASS[  2 (  7)] FAIL= 0.00% 
GENERATION=  620 FITNESS=    -1.235% TEST_ERROR=     11.76%
PROGRAMS=
if(!(x7<(x1+sin((exp(((x13+sin((-5.49)))+(-44.81)))/(-9.94))))|x7<x9|x8<=cos((cos((-1.25))+x2)))) CLASS=0.00
else 
if(x6>=x10-x12|x7+x11>x3) CLASS=1.00
else 
CLASS=2.00
** CONFUSION MATRIX ** Number of classes: 3
   5    1    0 
   0    3    1 
   0    0    7 
TEST REPORT=>
CLASS[  0 (  6)] FAIL=16.67% 
CLASS[  1 (  4)] FAIL=25.00% 
CLASS[  2 (  7)] FAIL= 0.00% 
CLASS_ERROR:   11.7647058824 PRECISION:    0.8750000000 RECALL:    0.8611111111 F1SCORE:    0.8680000000
 50:1.2346  100:1.2346  150:1.2346  200:1.2346  250:1.2346  300:1.2346  350:1.2346  400:1.2346  450:1.2346  500:1.2346 TEST REPORT=>
CLASS[  0 (  6)] FAIL=16.67% 
CLASS[  1 (  4)] FAIL=25.00% 
CLASS[  2 (  7)] FAIL= 0.00% 
GENERATION=  621 FITNESS=    -1.235% TEST_ERROR=     11.76%
PROGRAMS=
if(!(x7<(x1+sin((exp(((x13+sin((-5.49)))+(-44.81)))/(-9.94))))|x7<x9|x8<=cos((cos((-1.25))+x2)))) CLASS=0.00
else 
if(x6>=x10-x12|x7+x11>x3) CLASS=1.00
else 
CLASS=2.00
** CONFUSION MATRIX ** Number of classes: 3
   5    1    0 
   0    3    1 
   0    0    7 
TEST REPORT=>
CLASS[  0 (  6)] FAIL=16.67% 
CLASS[  1 (  4)] FAIL=25.00% 
CLASS[  2 (  7)] FAIL= 0.00% 
CLASS_ERROR:   11.7647058824 PRECISION:    0.8750000000 RECALL:    0.8611111111 F1SCORE:    0.8680000000
 50:1.2346  100:1.2346  150:1.2346  200:1.2346  250:1.2346  300:1.2346  350:1.2346  400:1.2346  450:1.2346  500:1.2346 TEST REPORT=>
CLASS[  0 (  6)] FAIL=16.67% 
CLASS[  1 (  4)] FAIL=25.00% 
CLASS[  2 (  7)] FAIL= 0.00% 
GENERATION=  622 FITNESS=    -1.235% TEST_ERROR=     11.76%
PROGRAMS=
if(!(x7<(x1+sin((exp(((x13+sin((-5.49)))+(-44.81)))/(-9.94))))|x7<x9|x8<=cos((cos((-1.25))+x2)))) CLASS=0.00
else 
if(x6>=x10-x12|x7+x11>x3) CLASS=1.00
else 
CLASS=2.00
** CONFUSION MATRIX ** Number of classes: 3
   5    1    0 
   0    3    1 
   0    0    7 
TEST REPORT=>
CLASS[  0 (  6)] FAIL=16.67% 
CLASS[  1 (  4)] FAIL=25.00% 
CLASS[  2 (  7)] FAIL= 0.00% 
CLASS_ERROR:   11.7647058824 PRECISION:    0.8750000000 RECALL:    0.8611111111 F1SCORE:    0.8680000000
 50:1.2346  100:1.2346  150:1.2346  200:1.2346  250:1.2346  300:1.2346  350:1.2346  400:1.2346  450:1.2346  500:1.2346 TEST REPORT=>
CLASS[  0 (  6)] FAIL=16.67% 
CLASS[  1 (  4)] FAIL=25.00% 
CLASS[  2 (  7)] FAIL= 0.00% 
GENERATION=  623 FITNESS=    -1.235% TEST_ERROR=     11.76%
PROGRAMS=
if(!(x7<(x1+sin((exp(((x13+sin((-5.49)))+(-44.81)))/(-9.94))))|x7<x9|x8<=cos((cos((-1.25))+x2)))) CLASS=0.00
else 
if(x6>=x10-x12|x7+x11>x3) CLASS=1.00
else 
CLASS=2.00
** CONFUSION MATRIX ** Number of classes: 3
   5    1    0 
   0    3    1 
   0    0    7 
TEST REPORT=>
CLASS[  0 (  6)] FAIL=16.67% 
CLASS[  1 (  4)] FAIL=25.00% 
CLASS[  2 (  7)] FAIL= 0.00% 
CLASS_ERROR:   11.7647058824 PRECISION:    0.8750000000 RECALL:    0.8611111111 F1SCORE:    0.8680000000
 50:1.2346  100:1.2346  150:1.2346  200:1.2346  250:1.2346  300:1.2346  350:1.2346  400:1.2346  450:1.2346  500:1.2346 TEST REPORT=>
CLASS[  0 (  6)] FAIL=16.67% 
CLASS[  1 (  4)] FAIL=25.00% 
CLASS[  2 (  7)] FAIL= 0.00% 
GENERATION=  624 FITNESS=    -1.235% TEST_ERROR=     11.76%
PROGRAMS=
if(!(x7<(x1+sin((exp(((x13+sin((-5.49)))+(-44.81)))/(-9.94))))|x7<x9|x8<=cos((cos((-1.25))+x2)))) CLASS=0.00
else 
if(x6>=x10-x12|x7+x11>x3) CLASS=1.00
else 
CLASS=2.00
** CONFUSION MATRIX ** Number of classes: 3
   5    1    0 
   0    3    1 
   0    0    7 
TEST REPORT=>
CLASS[  0 (  6)] FAIL=16.67% 
CLASS[  1 (  4)] FAIL=25.00% 
CLASS[  2 (  7)] FAIL= 0.00% 
CLASS_ERROR:   11.7647058824 PRECISION:    0.8750000000 RECALL:    0.8611111111 F1SCORE:    0.8680000000
 50:1.2346  100:1.2346  150:1.2346  200:1.2346  250:1.2346  300:1.2346  350:1.2346  400:1.2346  450:1.2346  500:1.2346 TEST REPORT=>
CLASS[  0 (  6)] FAIL=16.67% 
CLASS[  1 (  4)] FAIL=25.00% 
CLASS[  2 (  7)] FAIL= 0.00% 
GENERATION=  625 FITNESS=    -1.235% TEST_ERROR=     11.76%
PROGRAMS=
if(!(x7<(x1+sin((exp(((x13+sin((-5.49)))+(-44.81)))/(-9.94))))|x7<x9|x8<=cos((cos((-1.25))+x2)))) CLASS=0.00
else 
if(x6>=x10-x12|x7+x11>x3) CLASS=1.00
else 
CLASS=2.00
** CONFUSION MATRIX ** Number of classes: 3
   5    1    0 
   0    3    1 
   0    0    7 
TEST REPORT=>
CLASS[  0 (  6)] FAIL=16.67% 
CLASS[  1 (  4)] FAIL=25.00% 
CLASS[  2 (  7)] FAIL= 0.00% 
CLASS_ERROR:   11.7647058824 PRECISION:    0.8750000000 RECALL:    0.8611111111 F1SCORE:    0.8680000000
 50:1.2346  100:1.2346  150:1.2346  200:1.2346  250:1.2346  300:1.2346  350:1.2346  400:1.2346  450:1.2346  500:1.2346 TEST REPORT=>
CLASS[  0 (  6)] FAIL=16.67% 
CLASS[  1 (  4)] FAIL=25.00% 
CLASS[  2 (  7)] FAIL= 0.00% 
GENERATION=  626 FITNESS=    -1.235% TEST_ERROR=     11.76%
PROGRAMS=
if(!(x7<(x1+sin((exp(((x13+sin((-5.49)))+(-44.81)))/(-9.94))))|x7<x9|x8<=cos((cos((-1.25))+x2)))) CLASS=0.00
else 
if(x6>=x10-x12|x7+x11>x3) CLASS=1.00
else 
CLASS=2.00
** CONFUSION MATRIX ** Number of classes: 3
   5    1    0 
   0    3    1 
   0    0    7 
TEST REPORT=>
CLASS[  0 (  6)] FAIL=16.67% 
CLASS[  1 (  4)] FAIL=25.00% 
CLASS[  2 (  7)] FAIL= 0.00% 
CLASS_ERROR:   11.7647058824 PRECISION:    0.8750000000 RECALL:    0.8611111111 F1SCORE:    0.8680000000
 50:1.2346  100:1.2346  150:1.2346  200:1.2346  250:1.2346  300:1.2346  350:1.2346  400:1.2346  450:1.2346  500:1.2346 TEST REPORT=>
CLASS[  0 (  6)] FAIL=16.67% 
CLASS[  1 (  4)] FAIL=25.00% 
CLASS[  2 (  7)] FAIL= 0.00% 
GENERATION=  627 FITNESS=    -1.235% TEST_ERROR=     11.76%
PROGRAMS=
if(!(x7<(x1+sin((exp(((x13+sin((-5.49)))+(-44.81)))/(-9.94))))|x7<x9|x8<=cos((cos((-1.25))+x2)))) CLASS=0.00
else 
if(x6>=x10-x12|x7+x11>x3) CLASS=1.00
else 
CLASS=2.00
** CONFUSION MATRIX ** Number of classes: 3
   5    1    0 
   0    3    1 
   0    0    7 
TEST REPORT=>
CLASS[  0 (  6)] FAIL=16.67% 
CLASS[  1 (  4)] FAIL=25.00% 
CLASS[  2 (  7)] FAIL= 0.00% 
CLASS_ERROR:   11.7647058824 PRECISION:    0.8750000000 RECALL:    0.8611111111 F1SCORE:    0.8680000000
 50:1.2346  100:1.2346  150:1.2346  200:1.2346  250:1.2346  300:1.2346  350:1.2346  400:1.2346  450:1.2346  500:1.2346 TEST REPORT=>
CLASS[  0 (  6)] FAIL=16.67% 
CLASS[  1 (  4)] FAIL=25.00% 
CLASS[  2 (  7)] FAIL= 0.00% 
GENERATION=  628 FITNESS=    -1.235% TEST_ERROR=     11.76%
PROGRAMS=
if(!(x7<(x1+sin((exp(((x13+sin((-5.49)))+(-44.81)))/(-9.94))))|x7<x9|x8<=cos((cos((-1.25))+x2)))) CLASS=0.00
else 
if(x6>=x10-x12|x7+x11>x3) CLASS=1.00
else 
CLASS=2.00
** CONFUSION MATRIX ** Number of classes: 3
   5    1    0 
   0    3    1 
   0    0    7 
TEST REPORT=>
CLASS[  0 (  6)] FAIL=16.67% 
CLASS[  1 (  4)] FAIL=25.00% 
CLASS[  2 (  7)] FAIL= 0.00% 
CLASS_ERROR:   11.7647058824 PRECISION:    0.8750000000 RECALL:    0.8611111111 F1SCORE:    0.8680000000
 50:1.2346  100:1.2346  150:1.2346  200:1.2346  250:1.2346  300:1.2346  350:1.2346  400:1.2346  450:1.2346  500:1.2346 TEST REPORT=>
CLASS[  0 (  6)] FAIL=16.67% 
CLASS[  1 (  4)] FAIL=25.00% 
CLASS[  2 (  7)] FAIL= 0.00% 
GENERATION=  629 FITNESS=    -1.235% TEST_ERROR=     11.76%
PROGRAMS=
if(!(x7<(x1+sin((exp(((x13+sin((-5.49)))+(-44.81)))/(-9.94))))|x7<x9|x8<=cos((cos((-1.25))+x2)))) CLASS=0.00
else 
if(x6>=x10-x12|x7+x11>x3) CLASS=1.00
else 
CLASS=2.00
** CONFUSION MATRIX ** Number of classes: 3
   5    1    0 
   0    3    1 
   0    0    7 
TEST REPORT=>
CLASS[  0 (  6)] FAIL=16.67% 
CLASS[  1 (  4)] FAIL=25.00% 
CLASS[  2 (  7)] FAIL= 0.00% 
CLASS_ERROR:   11.7647058824 PRECISION:    0.8750000000 RECALL:    0.8611111111 F1SCORE:    0.8680000000
 50:1.2346  100:1.2346  150:1.2346  200:1.2346  250:1.2346  300:1.2346  350:1.2346  400:1.2346  450:1.2346  500:1.2346 TEST REPORT=>
CLASS[  0 (  6)] FAIL=16.67% 
CLASS[  1 (  4)] FAIL=25.00% 
CLASS[  2 (  7)] FAIL= 0.00% 
GENERATION=  630 FITNESS=    -1.235% TEST_ERROR=     11.76%
PROGRAMS=
if(!(x7<(x1+sin((exp(((x13+sin((-5.49)))+(-44.81)))/(-9.94))))|x7<x9|x8<=cos((cos((-1.25))+x2)))) CLASS=0.00
else 
if(x6>=x10-x12|x7+x11>x3) CLASS=1.00
else 
CLASS=2.00
** CONFUSION MATRIX ** Number of classes: 3
   5    1    0 
   0    3    1 
   0    0    7 
TEST REPORT=>
CLASS[  0 (  6)] FAIL=16.67% 
CLASS[  1 (  4)] FAIL=25.00% 
CLASS[  2 (  7)] FAIL= 0.00% 
CLASS_ERROR:   11.7647058824 PRECISION:    0.8750000000 RECALL:    0.8611111111 F1SCORE:    0.8680000000
 50:1.2346  100:1.2346  150:1.2346  200:1.2346  250:1.2346  300:1.2346  350:1.2346  400:1.2346  450:1.2346  500:1.2346 TEST REPORT=>
CLASS[  0 (  6)] FAIL=16.67% 
CLASS[  1 (  4)] FAIL=25.00% 
CLASS[  2 (  7)] FAIL= 0.00% 
GENERATION=  631 FITNESS=    -1.235% TEST_ERROR=     11.76%
PROGRAMS=
if(!(x7<(x1+sin((exp(((x13+sin((-5.49)))+(-44.81)))/(-9.94))))|x7<x9|x8<=cos((cos((-1.25))+x2)))) CLASS=0.00
else 
if(x6>=x10-x12|x7+x11>x3) CLASS=1.00
else 
CLASS=2.00
** CONFUSION MATRIX ** Number of classes: 3
   5    1    0 
   0    3    1 
   0    0    7 
TEST REPORT=>
CLASS[  0 (  6)] FAIL=16.67% 
CLASS[  1 (  4)] FAIL=25.00% 
CLASS[  2 (  7)] FAIL= 0.00% 
CLASS_ERROR:   11.7647058824 PRECISION:    0.8750000000 RECALL:    0.8611111111 F1SCORE:    0.8680000000
 50:1.2346  100:1.2346  150:1.2346  200:1.2346  250:1.2346  300:1.2346  350:1.2346  400:1.2346  450:1.2346  500:1.2346 
TARGETED STAGNATION BURST generation=632 stagnation=20
TARGETED_BEST[0] START fitness=-1.2345679012
TARGETED_BEST[0] END fitness=-1.2345679012 accepted=0
TARGETED_BEST[1] START fitness=-1.2345679012
TARGETED_BEST[1] END fitness=-1.2345679012 accepted=0
TARGETED_BEST[2] START fitness=-1.2345679012
TARGETED_BEST[2] END fitness=-1.2345679012 accepted=0
TARGETED_BEST[3] START fitness=-1.2345679012
TARGETED_BEST[3] END fitness=-1.2345679012 accepted=0
TARGETED_BEST[4] START fitness=-1.2345679012
TARGETED_BEST[4] END fitness=-1.2345679012 accepted=0
TARGETED_BEST[5] START fitness=-1.2345679012
TARGETED_BEST[5] END fitness=-1.2345679012 accepted=0
TARGETED_BEST[6] START fitness=-1.2345679012
TARGETED_BEST[6] END fitness=-1.2345679012 accepted=0
TARGETED_BEST[7] START fitness=-1.2345679012
TARGETED_BEST[7] END fitness=-1.2345679012 accepted=0
TARGETED_BEST[8] START fitness=-1.2345679012
TARGETED_BEST[8] END fitness=-1.2345679012 accepted=0
TARGETED_BEST[9] START fitness=-1.2345679012
TARGETED_BEST[9] END fitness=-1.2345679012 accepted=0
TARGETED_BEST[10] START fitness=-1.2345679012
TARGETED_BEST[10] END fitness=-1.2345679012 accepted=0
TARGETED_BEST[11] START fitness=-1.2345679012
TARGETED_BEST[11] END fitness=-1.2345679012 accepted=0
TARGETED_BEST[12] START fitness=-1.2345679012
TARGETED_BEST[12] END fitness=-1.2345679012 accepted=0
TARGETED_BEST[13] START fitness=-1.2345679012
TARGETED_BEST[13] END fitness=-1.2345679012 accepted=0
TARGETED_BEST[14] START fitness=-1.2345679012
TARGETED_BEST[14] END fitness=-1.2345679012 accepted=0
TARGETED_BEST[15] START fitness=-1.2345679012
TARGETED_BEST[15] END fitness=-1.2345679012 accepted=0
TARGETED_BEST[16] START fitness=-1.2345679012
TARGETED_BEST[16] END fitness=-1.2345679012 accepted=0
TARGETED_BEST[17] START fitness=-1.2345679012
TARGETED_BEST[17] END fitness=-1.2345679012 accepted=0
TARGETED_BEST[18] START fitness=-1.2345679012
TARGETED_BEST[18] END fitness=-1.2345679012 accepted=0
TARGETED_BEST[19] START fitness=-1.2345679012
TARGETED_BEST[19] END fitness=-1.2345679012 accepted=0
TEST REPORT=>
CLASS[  0 (  6)] FAIL=16.67% 
CLASS[  1 (  4)] FAIL=25.00% 
CLASS[  2 (  7)] FAIL= 0.00% 
GENERATION=  632 FITNESS=    -1.235% TEST_ERROR=     11.76%
PROGRAMS=
if(!(x7<(x1+sin((exp(((x13+sin((-5.49)))+(-44.81)))/(-9.94))))|x7<x9|x8<=cos((cos((-1.25))+x2)))) CLASS=0.00
else 
if(x6>=x10-x12|x7+x11>x3) CLASS=1.00
else 
CLASS=2.00
** CONFUSION MATRIX ** Number of classes: 3
   5    1    0 
   0    3    1 
   0    0    7 
TEST REPORT=>
CLASS[  0 (  6)] FAIL=16.67% 
CLASS[  1 (  4)] FAIL=25.00% 
CLASS[  2 (  7)] FAIL= 0.00% 
CLASS_ERROR:   11.7647058824 PRECISION:    0.8750000000 RECALL:    0.8611111111 F1SCORE:    0.8680000000
 50:1.2346  100:1.2346  150:1.2346  200:1.2346  250:1.2346  300:1.2346  350:1.2346  400:1.2346  450:1.2346  500:1.2346 TEST REPORT=>
CLASS[  0 (  6)] FAIL=16.67% 
CLASS[  1 (  4)] FAIL=25.00% 
CLASS[  2 (  7)] FAIL= 0.00% 
GENERATION=  633 FITNESS=    -1.235% TEST_ERROR=     11.76%
PROGRAMS=
if(!(x7<(x1+sin((exp(((x13+sin((-5.49)))+(-44.81)))/(-9.94))))|x7<x9|x8<=cos((cos((-1.25))+x2)))) CLASS=0.00
else 
if(x6>=x10-x12|x7+x11>x3) CLASS=1.00
else 
CLASS=2.00
** CONFUSION MATRIX ** Number of classes: 3
   5    1    0 
   0    3    1 
   0    0    7 
TEST REPORT=>
CLASS[  0 (  6)] FAIL=16.67% 
CLASS[  1 (  4)] FAIL=25.00% 
CLASS[  2 (  7)] FAIL= 0.00% 
CLASS_ERROR:   11.7647058824 PRECISION:    0.8750000000 RECALL:    0.8611111111 F1SCORE:    0.8680000000
 50:1.2346  100:1.2346  150:1.2346  200:1.2346  250:1.2346  300:1.2346  350:1.2346  400:1.2346  450:1.2346  500:1.2346 TEST REPORT=>
CLASS[  0 (  6)] FAIL=16.67% 
CLASS[  1 (  4)] FAIL=25.00% 
CLASS[  2 (  7)] FAIL= 0.00% 
GENERATION=  634 FITNESS=    -1.235% TEST_ERROR=     11.76%
PROGRAMS=
if(!(x7<(x1+sin((exp(((x13+sin((-5.49)))+(-44.81)))/(-9.94))))|x7<x9|x8<=cos((cos((-1.25))+x2)))) CLASS=0.00
else 
if(x6>=x10-x12|x7+x11>x3) CLASS=1.00
else 
CLASS=2.00
** CONFUSION MATRIX ** Number of classes: 3
   5    1    0 
   0    3    1 
   0    0    7 
TEST REPORT=>
CLASS[  0 (  6)] FAIL=16.67% 
CLASS[  1 (  4)] FAIL=25.00% 
CLASS[  2 (  7)] FAIL= 0.00% 
CLASS_ERROR:   11.7647058824 PRECISION:    0.8750000000 RECALL:    0.8611111111 F1SCORE:    0.8680000000
 50:1.2346  100:1.2346  150:1.2346  200:1.2346  250:1.2346  300:1.2346  350:1.2346  400:1.2346  450:1.2346  500:1.2346 TEST REPORT=>
CLASS[  0 (  6)] FAIL=16.67% 
CLASS[  1 (  4)] FAIL=25.00% 
CLASS[  2 (  7)] FAIL= 0.00% 
GENERATION=  635 FITNESS=    -1.235% TEST_ERROR=     11.76%
PROGRAMS=
if(!(x7<(x1+sin((exp(((x13+sin((-5.49)))+(-44.81)))/(-9.94))))|x7<x9|x8<=cos((cos((-1.25))+x2)))) CLASS=0.00
else 
if(x6>=x10-x12|x7+x11>x3) CLASS=1.00
else 
CLASS=2.00
** CONFUSION MATRIX ** Number of classes: 3
   5    1    0 
   0    3    1 
   0    0    7 
TEST REPORT=>
CLASS[  0 (  6)] FAIL=16.67% 
CLASS[  1 (  4)] FAIL=25.00% 
CLASS[  2 (  7)] FAIL= 0.00% 
CLASS_ERROR:   11.7647058824 PRECISION:    0.8750000000 RECALL:    0.8611111111 F1SCORE:    0.8680000000
 50:1.2346  100:1.2346  150:1.2346  200:1.2346  250:1.2346  300:1.2346  350:1.2346  400:1.2346  450:1.2346  500:1.2346 TEST REPORT=>
CLASS[  0 (  6)] FAIL=16.67% 
CLASS[  1 (  4)] FAIL=25.00% 
CLASS[  2 (  7)] FAIL= 0.00% 
GENERATION=  636 FITNESS=    -1.235% TEST_ERROR=     11.76%
PROGRAMS=
if(!(x7<(x1+sin((exp(((x13+sin((-5.49)))+(-44.81)))/(-9.94))))|x7<x9|x8<=cos((cos((-1.25))+x2)))) CLASS=0.00
else 
if(x6>=x10-x12|x7+x11>x3) CLASS=1.00
else 
CLASS=2.00
** CONFUSION MATRIX ** Number of classes: 3
   5    1    0 
   0    3    1 
   0    0    7 
TEST REPORT=>
CLASS[  0 (  6)] FAIL=16.67% 
CLASS[  1 (  4)] FAIL=25.00% 
CLASS[  2 (  7)] FAIL= 0.00% 
CLASS_ERROR:   11.7647058824 PRECISION:    0.8750000000 RECALL:    0.8611111111 F1SCORE:    0.8680000000
 50:1.2346  100:1.2346  150:1.2346  200:1.2346  250:1.2346  300:1.2346  350:1.2346  400:1.2346  450:1.2346  500:1.2346 TEST REPORT=>
CLASS[  0 (  6)] FAIL=16.67% 
CLASS[  1 (  4)] FAIL=25.00% 
CLASS[  2 (  7)] FAIL= 0.00% 
GENERATION=  637 FITNESS=    -1.235% TEST_ERROR=     11.76%
PROGRAMS=
if(!(x7<(x1+sin((exp(((x13+sin((-5.49)))+(-44.81)))/(-9.94))))|x7<x9|x8<=cos((cos((-1.25))+x2)))) CLASS=0.00
else 
if(x6>=x10-x12|x7+x11>x3) CLASS=1.00
else 
CLASS=2.00
** CONFUSION MATRIX ** Number of classes: 3
   5    1    0 
   0    3    1 
   0    0    7 
TEST REPORT=>
CLASS[  0 (  6)] FAIL=16.67% 
CLASS[  1 (  4)] FAIL=25.00% 
CLASS[  2 (  7)] FAIL= 0.00% 
CLASS_ERROR:   11.7647058824 PRECISION:    0.8750000000 RECALL:    0.8611111111 F1SCORE:    0.8680000000
 50:1.2346  100:1.2346  150:1.2346  200:1.2346  250:1.2346  300:1.2346  350:1.2346  400:1.2346  450:1.2346  500:1.2346 TEST REPORT=>
CLASS[  0 (  6)] FAIL=16.67% 
CLASS[  1 (  4)] FAIL=25.00% 
CLASS[  2 (  7)] FAIL= 0.00% 
GENERATION=  638 FITNESS=    -1.235% TEST_ERROR=     11.76%
PROGRAMS=
if(!(x7<(x1+sin((exp(((x13+sin((-5.49)))+(-44.81)))/(-9.94))))|x7<x9|x8<=cos((cos((-1.25))+x2)))) CLASS=0.00
else 
if(x6>=x10-x12|x7+x11>x3) CLASS=1.00
else 
CLASS=2.00
** CONFUSION MATRIX ** Number of classes: 3
   5    1    0 
   0    3    1 
   0    0    7 
TEST REPORT=>
CLASS[  0 (  6)] FAIL=16.67% 
CLASS[  1 (  4)] FAIL=25.00% 
CLASS[  2 (  7)] FAIL= 0.00% 
CLASS_ERROR:   11.7647058824 PRECISION:    0.8750000000 RECALL:    0.8611111111 F1SCORE:    0.8680000000
 50:1.2346  100:1.2346  150:1.2346  200:1.2346  250:1.2346  300:1.2346  350:1.2346  400:1.2346  450:1.2346  500:1.2346 TEST REPORT=>
CLASS[  0 (  6)] FAIL=16.67% 
CLASS[  1 (  4)] FAIL=25.00% 
CLASS[  2 (  7)] FAIL= 0.00% 
GENERATION=  639 FITNESS=    -1.235% TEST_ERROR=     11.76%
PROGRAMS=
if(!(x7<(x1+sin((exp(((x13+sin((-5.49)))+(-44.81)))/(-9.94))))|x7<x9|x8<=cos((cos((-1.25))+x2)))) CLASS=0.00
else 
if(x6>=x10-x12|x7+x11>x3) CLASS=1.00
else 
CLASS=2.00
** CONFUSION MATRIX ** Number of classes: 3
   5    1    0 
   0    3    1 
   0    0    7 
TEST REPORT=>
CLASS[  0 (  6)] FAIL=16.67% 
CLASS[  1 (  4)] FAIL=25.00% 
CLASS[  2 (  7)] FAIL= 0.00% 
CLASS_ERROR:   11.7647058824 PRECISION:    0.8750000000 RECALL:    0.8611111111 F1SCORE:    0.8680000000
 50:1.2346  100:1.2346  150:1.2346  200:1.2346  250:1.2346  300:1.2346  350:1.2346  400:1.2346  450:1.2346  500:1.2346 TEST REPORT=>
CLASS[  0 (  6)] FAIL=16.67% 
CLASS[  1 (  4)] FAIL=25.00% 
CLASS[  2 (  7)] FAIL= 0.00% 
GENERATION=  640 FITNESS=    -1.235% TEST_ERROR=     11.76%
PROGRAMS=
if(!(x7<(x1+sin((exp(((x13+sin((-5.49)))+(-44.81)))/(-9.94))))|x7<x9|x8<=cos((cos((-1.25))+x2)))) CLASS=0.00
else 
if(x6>=x10-x12|x7+x11>x3) CLASS=1.00
else 
CLASS=2.00
** CONFUSION MATRIX ** Number of classes: 3
   5    1    0 
   0    3    1 
   0    0    7 
TEST REPORT=>
CLASS[  0 (  6)] FAIL=16.67% 
CLASS[  1 (  4)] FAIL=25.00% 
CLASS[  2 (  7)] FAIL= 0.00% 
CLASS_ERROR:   11.7647058824 PRECISION:    0.8750000000 RECALL:    0.8611111111 F1SCORE:    0.8680000000
 50:1.2346  100:1.2346  150:1.2346  200:1.2346  250:1.2346  300:1.2346  350:1.2346  400:1.2346  450:1.2346  500:1.2346 TEST REPORT=>
CLASS[  0 (  6)] FAIL=16.67% 
CLASS[  1 (  4)] FAIL=25.00% 
CLASS[  2 (  7)] FAIL= 0.00% 
GENERATION=  641 FITNESS=    -1.235% TEST_ERROR=     11.76%
PROGRAMS=
if(!(x7<(x1+sin((exp(((x13+sin((-5.49)))+(-44.81)))/(-9.94))))|x7<x9|x8<=cos((cos((-1.25))+x2)))) CLASS=0.00
else 
if(x6>=x10-x12|x7+x11>x3) CLASS=1.00
else 
CLASS=2.00
** CONFUSION MATRIX ** Number of classes: 3
   5    1    0 
   0    3    1 
   0    0    7 
TEST REPORT=>
CLASS[  0 (  6)] FAIL=16.67% 
CLASS[  1 (  4)] FAIL=25.00% 
CLASS[  2 (  7)] FAIL= 0.00% 
CLASS_ERROR:   11.7647058824 PRECISION:    0.8750000000 RECALL:    0.8611111111 F1SCORE:    0.8680000000
 50:1.2346  100:1.2346  150:1.2346  200:1.2346  250:1.2346  300:1.2346  350:1.2346  400:1.2346  450:1.2346  500:1.2346 TEST REPORT=>
CLASS[  0 (  6)] FAIL=16.67% 
CLASS[  1 (  4)] FAIL=25.00% 
CLASS[  2 (  7)] FAIL= 0.00% 
GENERATION=  642 FITNESS=    -1.235% TEST_ERROR=     11.76%
PROGRAMS=
if(!(x7<(x1+sin((exp(((x13+sin((-5.49)))+(-44.81)))/(-9.94))))|x7<x9|x8<=cos((cos((-1.25))+x2)))) CLASS=0.00
else 
if(x6>=x10-x12|x7+x11>x3) CLASS=1.00
else 
CLASS=2.00
** CONFUSION MATRIX ** Number of classes: 3
   5    1    0 
   0    3    1 
   0    0    7 
TEST REPORT=>
CLASS[  0 (  6)] FAIL=16.67% 
CLASS[  1 (  4)] FAIL=25.00% 
CLASS[  2 (  7)] FAIL= 0.00% 
CLASS_ERROR:   11.7647058824 PRECISION:    0.8750000000 RECALL:    0.8611111111 F1SCORE:    0.8680000000
 50:1.2346  100:1.2346  150:1.2346  200:1.2346  250:1.2346  300:1.2346  350:1.2346  400:1.2346  450:1.2346  500:1.2346 TEST REPORT=>
CLASS[  0 (  6)] FAIL=16.67% 
CLASS[  1 (  4)] FAIL=25.00% 
CLASS[  2 (  7)] FAIL= 0.00% 
GENERATION=  643 FITNESS=    -1.235% TEST_ERROR=     11.76%
PROGRAMS=
if(!(x7<(x1+sin((exp(((x13+sin((-5.49)))+(-44.81)))/(-9.94))))|x7<x9|x8<=cos((cos((-1.25))+x2)))) CLASS=0.00
else 
if(x6>=x10-x12|x7+x11>x3) CLASS=1.00
else 
CLASS=2.00
** CONFUSION MATRIX ** Number of classes: 3
   5    1    0 
   0    3    1 
   0    0    7 
TEST REPORT=>
CLASS[  0 (  6)] FAIL=16.67% 
CLASS[  1 (  4)] FAIL=25.00% 
CLASS[  2 (  7)] FAIL= 0.00% 
CLASS_ERROR:   11.7647058824 PRECISION:    0.8750000000 RECALL:    0.8611111111 F1SCORE:    0.8680000000
 50:1.2346  100:1.2346  150:1.2346  200:1.2346  250:1.2346  300:1.2346  350:1.2346  400:1.2346  450:1.2346  500:1.2346 TEST REPORT=>
CLASS[  0 (  6)] FAIL=16.67% 
CLASS[  1 (  4)] FAIL=25.00% 
CLASS[  2 (  7)] FAIL= 0.00% 
GENERATION=  644 FITNESS=    -1.235% TEST_ERROR=     11.76%
PROGRAMS=
if(!(x7<(x1+sin((exp(((x13+sin((-5.49)))+(-44.81)))/(-9.94))))|x7<x9|x8<=cos((cos((-1.25))+x2)))) CLASS=0.00
else 
if(x6>=x10-x12|x7+x11>x3) CLASS=1.00
else 
CLASS=2.00
** CONFUSION MATRIX ** Number of classes: 3
   5    1    0 
   0    3    1 
   0    0    7 
TEST REPORT=>
CLASS[  0 (  6)] FAIL=16.67% 
CLASS[  1 (  4)] FAIL=25.00% 
CLASS[  2 (  7)] FAIL= 0.00% 
CLASS_ERROR:   11.7647058824 PRECISION:    0.8750000000 RECALL:    0.8611111111 F1SCORE:    0.8680000000
 50:1.2346  100:1.2346  150:1.2346  200:1.2346  250:1.2346  300:1.2346  350:1.2346  400:1.2346  450:1.2346  500:1.2346 TEST REPORT=>
CLASS[  0 (  6)] FAIL=16.67% 
CLASS[  1 (  4)] FAIL=25.00% 
CLASS[  2 (  7)] FAIL= 0.00% 
GENERATION=  645 FITNESS=    -1.235% TEST_ERROR=     11.76%
PROGRAMS=
if(!(x7<(x1+sin((exp(((x13+sin((-5.49)))+(-44.81)))/(-9.94))))|x7<x9|x8<=cos((cos((-1.25))+x2)))) CLASS=0.00
else 
if(x6>=x10-x12|x7+x11>x3) CLASS=1.00
else 
CLASS=2.00
** CONFUSION MATRIX ** Number of classes: 3
   5    1    0 
   0    3    1 
   0    0    7 
TEST REPORT=>
CLASS[  0 (  6)] FAIL=16.67% 
CLASS[  1 (  4)] FAIL=25.00% 
CLASS[  2 (  7)] FAIL= 0.00% 
CLASS_ERROR:   11.7647058824 PRECISION:    0.8750000000 RECALL:    0.8611111111 F1SCORE:    0.8680000000
 50:1.2346  100:1.2346  150:1.2346  200:1.2346  250:1.2346  300:1.2346  350:1.2346  400:1.2346  450:1.2346  500:1.2346 TEST REPORT=>
CLASS[  0 (  6)] FAIL=16.67% 
CLASS[  1 (  4)] FAIL=25.00% 
CLASS[  2 (  7)] FAIL= 0.00% 
GENERATION=  646 FITNESS=    -1.235% TEST_ERROR=     11.76%
PROGRAMS=
if(!(x7<(x1+sin((exp(((x13+sin((-5.49)))+(-44.81)))/(-9.94))))|x7<x9|x8<=cos((cos((-1.25))+x2)))) CLASS=0.00
else 
if(x6>=x10-x12|x7+x11>x3) CLASS=1.00
else 
CLASS=2.00
** CONFUSION MATRIX ** Number of classes: 3
   5    1    0 
   0    3    1 
   0    0    7 
TEST REPORT=>
CLASS[  0 (  6)] FAIL=16.67% 
CLASS[  1 (  4)] FAIL=25.00% 
CLASS[  2 (  7)] FAIL= 0.00% 
CLASS_ERROR:   11.7647058824 PRECISION:    0.8750000000 RECALL:    0.8611111111 F1SCORE:    0.8680000000
 50:1.2346  100:1.2346  150:1.2346  200:1.2346  250:1.2346  300:1.2346  350:1.2346  400:1.2346  450:1.2346  500:1.2346 TEST REPORT=>
CLASS[  0 (  6)] FAIL=16.67% 
CLASS[  1 (  4)] FAIL=25.00% 
CLASS[  2 (  7)] FAIL= 0.00% 
GENERATION=  647 FITNESS=    -1.235% TEST_ERROR=     11.76%
PROGRAMS=
if(!(x7<(x1+sin((exp(((x13+sin((-5.49)))+(-44.81)))/(-9.94))))|x7<x9|x8<=cos((cos((-1.25))+x2)))) CLASS=0.00
else 
if(x6>=x10-x12|x7+x11>x3) CLASS=1.00
else 
CLASS=2.00
** CONFUSION MATRIX ** Number of classes: 3
   5    1    0 
   0    3    1 
   0    0    7 
TEST REPORT=>
CLASS[  0 (  6)] FAIL=16.67% 
CLASS[  1 (  4)] FAIL=25.00% 
CLASS[  2 (  7)] FAIL= 0.00% 
CLASS_ERROR:   11.7647058824 PRECISION:    0.8750000000 RECALL:    0.8611111111 F1SCORE:    0.8680000000
 50:1.2346  100:1.2346  150:1.2346  200:1.2346  250:1.2346  300:1.2346  350:1.2346  400:1.2346  450:1.2346  500:1.2346 TEST REPORT=>
CLASS[  0 (  6)] FAIL=16.67% 
CLASS[  1 (  4)] FAIL=25.00% 
CLASS[  2 (  7)] FAIL= 0.00% 
GENERATION=  648 FITNESS=    -1.235% TEST_ERROR=     11.76%
PROGRAMS=
if(!(x7<(x1+sin((exp(((x13+sin((-5.49)))+(-44.81)))/(-9.94))))|x7<x9|x8<=cos((cos((-1.25))+x2)))) CLASS=0.00
else 
if(x6>=x10-x12|x7+x11>x3) CLASS=1.00
else 
CLASS=2.00
** CONFUSION MATRIX ** Number of classes: 3
   5    1    0 
   0    3    1 
   0    0    7 
TEST REPORT=>
CLASS[  0 (  6)] FAIL=16.67% 
CLASS[  1 (  4)] FAIL=25.00% 
CLASS[  2 (  7)] FAIL= 0.00% 
CLASS_ERROR:   11.7647058824 PRECISION:    0.8750000000 RECALL:    0.8611111111 F1SCORE:    0.8680000000
 50:1.2346  100:1.2346  150:1.2346  200:1.2346  250:1.2346  300:1.2346  350:1.2346  400:1.2346  450:1.2346  500:1.2346 TEST REPORT=>
CLASS[  0 (  6)] FAIL=16.67% 
CLASS[  1 (  4)] FAIL=25.00% 
CLASS[  2 (  7)] FAIL= 0.00% 
GENERATION=  649 FITNESS=    -1.235% TEST_ERROR=     11.76%
PROGRAMS=
if(!(x7<(x1+sin((exp(((x13+sin((-5.49)))+(-44.81)))/(-9.94))))|x7<x9|x8<=cos((cos((-1.25))+x2)))) CLASS=0.00
else 
if(x6>=x10-x12|x7+x11>x3) CLASS=1.00
else 
CLASS=2.00
** CONFUSION MATRIX ** Number of classes: 3
   5    1    0 
   0    3    1 
   0    0    7 
TEST REPORT=>
CLASS[  0 (  6)] FAIL=16.67% 
CLASS[  1 (  4)] FAIL=25.00% 
CLASS[  2 (  7)] FAIL= 0.00% 
CLASS_ERROR:   11.7647058824 PRECISION:    0.8750000000 RECALL:    0.8611111111 F1SCORE:    0.8680000000
 50:1.2346  100:1.2346  150:1.2346  200:1.2346  250:1.2346  300:1.2346  350:1.2346  400:1.2346  450:1.2346  500:1.2346 TARGETED[0] START fitness=       -1.2345679012
TARGETED[0] END fitness=       -1.2345679012 accepted=0
TARGETED[63] START fitness=       -1.8518518519
TARGETED[63] END fitness=       -1.8518518519 accepted=0
TARGETED[250] START fitness=      -35.1851851852
TARGETED[250] iter=6 type=VARIABLE codonPos=109 codon=119->121 rule=14->1 fitness=      -35.1851851852->      -34.5679012346
TARGETED[250] END fitness=      -34.5679012346 accepted=1
TARGETED[138] START fitness=      -28.3950617284
TARGETED[138] iter=1 type=VARIABLE codonPos=105 codon=60->62 rule=0->2 fitness=      -28.3950617284->       -9.8765432099
TARGETED[138] iter=50 type=VARIABLE codonPos=110 codon=125->131 rule=5->11 fitness=       -9.8765432099->       -7.4074074074
TARGETED[138] END fitness=       -7.4074074074 accepted=2
TARGETED[393] START fitness=-100000000.0000000000
TARGETED[393] iter=23 type=UNKNOWN codonPos=36 codon=36->37 rule=0->1 fitness=-100000000.0000000000->       -1.2345679012
TARGETED[393] END fitness=       -1.2345679012 accepted=1
TARGETED[173] START fitness=      -32.7160493827
TARGETED[173] END fitness=      -32.7160493827 accepted=0
TARGETED[2] START fitness=       -1.2345679012
TARGETED[2] END fitness=       -1.2345679012 accepted=0
TARGETED[253] START fitness=      -35.1851851852
TARGETED[253] iter=1 type=VARIABLE codonPos=6 codon=67->74 rule=7->14 fitness=      -35.1851851852->      -31.4814814815
TARGETED[253] iter=10 type=VARIABLE codonPos=109 codon=216->209 rule=6->14 fitness=      -31.4814814815->      -30.2469135802
TARGETED[253] iter=12 type=VARIABLE codonPos=52 codon=121->120 rule=1->0 fitness=      -30.2469135802->      -19.7530864198
TARGETED[253] iter=18 type=VARIABLE codonPos=45 codon=68->62 rule=8->2 fitness=      -19.7530864198->      -19.1358024691
TARGETED[253] END fitness=      -19.1358024691 accepted=4
TARGETED[365] START fitness=      -97.5308641975
TARGETED[365] iter=1 type=UNKNOWN codonPos=23 codon=237->236 rule=1->0 fitness=      -97.5308641975->      -91.9753086420
TARGETED[365] iter=5 type=BINARY_OPERATOR codonPos=25 codon=164->166 rule=0->2 fitness=      -91.9753086420->      -67.2839506173
TARGETED[365] iter=22 type=BINARY_OPERATOR codonPos=34 codon=140->141 rule=0->1 fitness=      -67.2839506173->      -32.7160493827
TARGETED[365] END fitness=      -32.7160493827 accepted=3
TARGETED[418] START fitness=-100000000.0000000000
TARGETED[418] iter=3 type=UNKNOWN codonPos=23 codon=173->172 rule=1->0 fitness=-100000000.0000000000->      -13.5802469136
TARGETED[418] iter=8 type=VARIABLE codonPos=115 codon=152->150 rule=2->0 fitness=      -13.5802469136->      -12.3456790123
TARGETED[418] iter=11 type=VARIABLE codonPos=101 codon=80->86 rule=5->11 fitness=      -12.3456790123->      -11.7283950617
TARGETED[418] iter=13 type=UNKNOWN codonPos=29 codon=34->38 rule=4->8 fitness=      -11.7283950617->      -10.4938271605
TARGETED[418] iter=15 type=UNKNOWN codonPos=37 codon=169->171 rule=9->1 fitness=      -10.4938271605->       -7.4074074074
TARGETED[418] iter=48 type=VARIABLE codonPos=62 codon=31->36 rule=1->6 fitness=       -7.4074074074->       -4.9382716049
TARGETED[418] END fitness=       -4.9382716049 accepted=6
TARGETED[167] START fitness=      -32.7160493827
TARGETED[167] END fitness=      -32.7160493827 accepted=0
TARGETED[388] START fitness=-100000000.0000000000
TARGETED[388] iter=42 type=VARIABLE codonPos=16 codon=42->44 rule=12->14 fitness=-100000000.0000000000->      -32.7160493827
TARGETED[388] END fitness=      -32.7160493827 accepted=1
TARGETED[246] START fitness=      -35.1851851852
TARGETED[246] iter=3 type=BOOLEAN_OPERATOR codonPos=3 codon=166->164 rule=2->0 fitness=      -35.1851851852->      -31.4814814815
TARGETED[246] iter=12 type=VARIABLE codonPos=116 codon=153->151 rule=3->1 fitness=      -31.4814814815->      -30.8641975309
TARGETED[246] iter=15 type=VARIABLE codonPos=52 codon=181->180 rule=1->0 fitness=      -30.8641975309->      -21.6049382716
TARGETED[246] iter=43 type=VARIABLE codonPos=45 codon=68->62 rule=8->2 fitness=      -21.6049382716->      -20.9876543210
TARGETED[246] END fitness=      -20.9876543210 accepted=4
TARGETED[174] START fitness=      -32.7160493827
TARGETED[174] iter=3 type=FUNCTION codonPos=53 codon=15->14 rule=3->2 fitness=      -32.7160493827->      -12.3456790123
TARGETED[174] iter=6 type=BINARY_OPERATOR codonPos=34 codon=191->190 rule=3->2 fitness=      -12.3456790123->      -11.7283950617
TARGETED[174] iter=18 type=VARIABLE codonPos=2 codon=126->119 rule=6->14 fitness=      -11.7283950617->       -7.4074074074
TARGETED[174] iter=22 type=BINARY_OPERATOR codonPos=26 codon=236->237 rule=0->1 fitness=       -7.4074074074->       -6.1728395062
TARGETED[174] END fitness=       -6.1728395062 accepted=4
TARGETED[462] START fitness=-100000000.0000000000
TARGETED[462] iter=6 type=FUNCTION codonPos=81 codon=84->85 rule=0->1 fitness=-100000000.0000000000->      -34.5679012346
TARGETED[462] iter=30 type=VARIABLE codonPos=115 codon=152->158 rule=2->8 fitness=      -34.5679012346->      -33.9506172840
TARGETED[462] iter=45 type=UNKNOWN codonPos=47 codon=217->216 rule=1->0 fitness=      -33.9506172840->      -10.4938271605
TARGETED[462] END fitness=      -10.4938271605 accepted=3
TARGETED[212] START fitness=      -32.7160493827
TARGETED[212] iter=18 type=UNKNOWN codonPos=47 codon=217->216 rule=1->0 fitness=      -32.7160493827->       -9.2592592593
TARGETED[212] END fitness=       -9.2592592593 accepted=1
TARGETED[108] START fitness=      -11.7283950617
TARGETED[108] iter=10 type=VARIABLE codonPos=112 codon=235->240 rule=10->0 fitness=      -11.7283950617->       -9.2592592593
TARGETED[108] iter=18 type=VARIABLE codonPos=101 codon=50->56 rule=5->11 fitness=       -9.2592592593->       -8.6419753086
TARGETED[108] iter=22 type=VARIABLE codonPos=46 codon=72->76 rule=12->1 fitness=       -8.6419753086->       -8.0246913580
TARGETED[108] iter=35 type=BOOLEAN_OPERATOR codonPos=42 codon=141->142 rule=1->2 fitness=       -8.0246913580->       -7.4074074074
TARGETED[108] iter=49 type=VARIABLE codonPos=41 codon=23->21 rule=8->6 fitness=       -7.4074074074->       -5.5555555556
TARGETED[108] END fitness=       -5.5555555556 accepted=5
TARGETED[115] START fitness=      -16.6666666667
TARGETED[115] iter=3 type=UNKNOWN codonPos=30 codon=86->90 rule=6->0 fitness=      -16.6666666667->      -16.0493827160
TARGETED[115] iter=9 type=UNKNOWN codonPos=36 codon=123->122 rule=1->0 fitness=      -16.0493827160->      -12.9629629630
TARGETED[115] iter=11 type=BINARY_OPERATOR codonPos=17 codon=76->78 rule=0->2 fitness=      -12.9629629630->       -5.5555555556
TARGETED[115] END fitness=       -5.5555555556 accepted=3
TARGETED[166] START fitness=      -32.7160493827
TARGETED[166] END fitness=      -32.7160493827 accepted=0
TARGETED[198] START fitness=      -32.7160493827
TARGETED[198] iter=24 type=VARIABLE codonPos=14 codon=100->102 rule=10->12 fitness=      -32.7160493827->      -11.7283950617
TARGETED[198] END fitness=      -11.7283950617 accepted=1
TEST REPORT=>
CLASS[  0 (  6)] FAIL=16.67% 
CLASS[  1 (  4)] FAIL=25.00% 
CLASS[  2 (  7)] FAIL= 0.00% 
GENERATION=  650 FITNESS=    -1.235% TEST_ERROR=     11.76%
PROGRAMS=
if(!(x7<(x1+sin((exp(((x13+sin((-5.49)))+(-44.81)))/(-9.94))))|x7<x9|x8<=cos((cos((-1.25))+x2)))) CLASS=0.00
else 
if(x6>=x10-x12|x7+x11>x3) CLASS=1.00
else 
CLASS=2.00
** CONFUSION MATRIX ** Number of classes: 3
   5    1    0 
   0    3    1 
   0    0    7 
TEST REPORT=>
CLASS[  0 (  6)] FAIL=16.67% 
CLASS[  1 (  4)] FAIL=25.00% 
CLASS[  2 (  7)] FAIL= 0.00% 
CLASS_ERROR:   11.7647058824 PRECISION:    0.8750000000 RECALL:    0.8611111111 F1SCORE:    0.8680000000
 50:1.2346  100:1.2346  150:1.2346  200:1.2346  250:1.2346  300:1.2346  350:1.2346  400:1.2346  450:1.2346  500:1.2346 TEST REPORT=>
CLASS[  0 (  6)] FAIL=16.67% 
CLASS[  1 (  4)] FAIL=25.00% 
CLASS[  2 (  7)] FAIL= 0.00% 
GENERATION=  651 FITNESS=    -1.235% TEST_ERROR=     11.76%
PROGRAMS=
if(!(x7<(x1+sin((exp(((x13+sin((-5.49)))+(-44.81)))/(-9.94))))|x7<x9|x8<=cos((cos((-1.25))+x2)))) CLASS=0.00
else 
if(x6>=x10-x12|x7+x11>x3) CLASS=1.00
else 
CLASS=2.00
** CONFUSION MATRIX ** Number of classes: 3
   5    1    0 
   0    3    1 
   0    0    7 
TEST REPORT=>
CLASS[  0 (  6)] FAIL=16.67% 
CLASS[  1 (  4)] FAIL=25.00% 
CLASS[  2 (  7)] FAIL= 0.00% 
CLASS_ERROR:   11.7647058824 PRECISION:    0.8750000000 RECALL:    0.8611111111 F1SCORE:    0.8680000000
 50:1.2346  100:1.2346  150:1.2346  200:1.2346  250:1.2346  300:1.2346  350:1.2346  400:1.2346  450:1.2346  500:1.2346 
TARGETED STAGNATION BURST generation=652 stagnation=20
TARGETED_BEST[0] START fitness=-1.2345679012
TARGETED_BEST[0] END fitness=-1.2345679012 accepted=0
TARGETED_BEST[1] START fitness=-1.2345679012
TARGETED_BEST[1] END fitness=-1.2345679012 accepted=0
TARGETED_BEST[2] START fitness=-1.2345679012
TARGETED_BEST[2] END fitness=-1.2345679012 accepted=0
TARGETED_BEST[3] START fitness=-1.2345679012
TARGETED_BEST[3] END fitness=-1.2345679012 accepted=0
TARGETED_BEST[4] START fitness=-1.2345679012
TARGETED_BEST[4] END fitness=-1.2345679012 accepted=0
TARGETED_BEST[5] START fitness=-1.2345679012
TARGETED_BEST[5] END fitness=-1.2345679012 accepted=0
TARGETED_BEST[6] START fitness=-1.2345679012
TARGETED_BEST[6] END fitness=-1.2345679012 accepted=0
TARGETED_BEST[7] START fitness=-1.2345679012
TARGETED_BEST[7] END fitness=-1.2345679012 accepted=0
TARGETED_BEST[8] START fitness=-1.2345679012
TARGETED_BEST[8] END fitness=-1.2345679012 accepted=0
TARGETED_BEST[9] START fitness=-1.2345679012
TARGETED_BEST[9] END fitness=-1.2345679012 accepted=0
TARGETED_BEST[10] START fitness=-1.2345679012
TARGETED_BEST[10] END fitness=-1.2345679012 accepted=0
TARGETED_BEST[11] START fitness=-1.2345679012
TARGETED_BEST[11] END fitness=-1.2345679012 accepted=0
TARGETED_BEST[12] START fitness=-1.2345679012
TARGETED_BEST[12] END fitness=-1.2345679012 accepted=0
TARGETED_BEST[13] START fitness=-1.2345679012
TARGETED_BEST[13] END fitness=-1.2345679012 accepted=0
TARGETED_BEST[14] START fitness=-1.2345679012
TARGETED_BEST[14] END fitness=-1.2345679012 accepted=0
TARGETED_BEST[15] START fitness=-1.2345679012
TARGETED_BEST[15] END fitness=-1.2345679012 accepted=0
TARGETED_BEST[16] START fitness=-1.2345679012
TARGETED_BEST[16] END fitness=-1.2345679012 accepted=0
TARGETED_BEST[17] START fitness=-1.2345679012
TARGETED_BEST[17] END fitness=-1.2345679012 accepted=0
TARGETED_BEST[18] START fitness=-1.2345679012
TARGETED_BEST[18] END fitness=-1.2345679012 accepted=0
TARGETED_BEST[19] START fitness=-1.2345679012
TARGETED_BEST[19] END fitness=-1.2345679012 accepted=0
TEST REPORT=>
CLASS[  0 (  6)] FAIL=16.67% 
CLASS[  1 (  4)] FAIL=25.00% 
CLASS[  2 (  7)] FAIL= 0.00% 
GENERATION=  652 FITNESS=    -1.235% TEST_ERROR=     11.76%
PROGRAMS=
if(!(x7<(x1+sin((exp(((x13+sin((-5.49)))+(-44.81)))/(-9.94))))|x7<x9|x8<=cos((cos((-1.25))+x2)))) CLASS=0.00
else 
if(x6>=x10-x12|x7+x11>x3) CLASS=1.00
else 
CLASS=2.00
** CONFUSION MATRIX ** Number of classes: 3
   5    1    0 
   0    3    1 
   0    0    7 
TEST REPORT=>
CLASS[  0 (  6)] FAIL=16.67% 
CLASS[  1 (  4)] FAIL=25.00% 
CLASS[  2 (  7)] FAIL= 0.00% 
CLASS_ERROR:   11.7647058824 PRECISION:    0.8750000000 RECALL:    0.8611111111 F1SCORE:    0.8680000000
 50:1.2346  100:1.2346  150:1.2346  200:1.2346  250:1.2346  300:1.2346  350:1.2346  400:1.2346  450:1.2346  500:1.2346 TEST REPORT=>
CLASS[  0 (  6)] FAIL=16.67% 
CLASS[  1 (  4)] FAIL=25.00% 
CLASS[  2 (  7)] FAIL= 0.00% 
GENERATION=  653 FITNESS=    -1.235% TEST_ERROR=     11.76%
PROGRAMS=
if(!(x7<(x1+sin((exp(((x13+sin((-5.49)))+(-44.81)))/(-9.94))))|x7<x9|x8<=cos((cos((-1.25))+x2)))) CLASS=0.00
else 
if(x6>=x10-x12|x7+x11>x3) CLASS=1.00
else 
CLASS=2.00
** CONFUSION MATRIX ** Number of classes: 3
   5    1    0 
   0    3    1 
   0    0    7 
TEST REPORT=>
CLASS[  0 (  6)] FAIL=16.67% 
CLASS[  1 (  4)] FAIL=25.00% 
CLASS[  2 (  7)] FAIL= 0.00% 
CLASS_ERROR:   11.7647058824 PRECISION:    0.8750000000 RECALL:    0.8611111111 F1SCORE:    0.8680000000
 50:1.2346  100:1.2346  150:1.2346  200:1.2346  250:1.2346  300:1.2346  350:1.2346  400:1.2346  450:1.2346  500:1.2346 TEST REPORT=>
CLASS[  0 (  6)] FAIL=16.67% 
CLASS[  1 (  4)] FAIL=25.00% 
CLASS[  2 (  7)] FAIL= 0.00% 
GENERATION=  654 FITNESS=    -1.235% TEST_ERROR=     11.76%
PROGRAMS=
if(!(x7<(x1+sin((exp(((x13+sin((-5.49)))+(-44.81)))/(-9.94))))|x7<x9|x8<=cos((cos((-1.25))+x2)))) CLASS=0.00
else 
if(x6>=x10-x12|x7+x11>x3) CLASS=1.00
else 
CLASS=2.00
** CONFUSION MATRIX ** Number of classes: 3
   5    1    0 
   0    3    1 
   0    0    7 
TEST REPORT=>
CLASS[  0 (  6)] FAIL=16.67% 
CLASS[  1 (  4)] FAIL=25.00% 
CLASS[  2 (  7)] FAIL= 0.00% 
CLASS_ERROR:   11.7647058824 PRECISION:    0.8750000000 RECALL:    0.8611111111 F1SCORE:    0.8680000000
 50:1.2346  100:1.2346  150:1.2346  200:1.2346  250:1.2346  300:1.2346  350:1.2346  400:1.2346  450:1.2346  500:1.2346 TEST REPORT=>
CLASS[  0 (  6)] FAIL=16.67% 
CLASS[  1 (  4)] FAIL=25.00% 
CLASS[  2 (  7)] FAIL= 0.00% 
GENERATION=  655 FITNESS=    -1.235% TEST_ERROR=     11.76%
PROGRAMS=
if(!(x7<(x1+sin((exp(((x13+sin((-5.49)))+(-44.81)))/(-9.94))))|x7<x9|x8<=cos((cos((-1.25))+x2)))) CLASS=0.00
else 
if(x6>=x10-x12|x7+x11>x3) CLASS=1.00
else 
CLASS=2.00
** CONFUSION MATRIX ** Number of classes: 3
   5    1    0 
   0    3    1 
   0    0    7 
TEST REPORT=>
CLASS[  0 (  6)] FAIL=16.67% 
CLASS[  1 (  4)] FAIL=25.00% 
CLASS[  2 (  7)] FAIL= 0.00% 
CLASS_ERROR:   11.7647058824 PRECISION:    0.8750000000 RECALL:    0.8611111111 F1SCORE:    0.8680000000
 50:1.2346  100:1.2346  150:1.2346  200:1.2346  250:1.2346  300:1.2346  350:1.2346  400:1.2346  450:1.2346  500:1.2346 TEST REPORT=>
CLASS[  0 (  6)] FAIL=16.67% 
CLASS[  1 (  4)] FAIL=25.00% 
CLASS[  2 (  7)] FAIL= 0.00% 
GENERATION=  656 FITNESS=    -1.235% TEST_ERROR=     11.76%
PROGRAMS=
if(!(x7<(x1+sin((exp(((x13+sin((-5.49)))+(-44.81)))/(-9.94))))|x7<x9|x8<=cos((cos((-1.25))+x2)))) CLASS=0.00
else 
if(x6>=x10-x12|x7+x11>x3) CLASS=1.00
else 
CLASS=2.00
** CONFUSION MATRIX ** Number of classes: 3
   5    1    0 
   0    3    1 
   0    0    7 
TEST REPORT=>
CLASS[  0 (  6)] FAIL=16.67% 
CLASS[  1 (  4)] FAIL=25.00% 
CLASS[  2 (  7)] FAIL= 0.00% 
CLASS_ERROR:   11.7647058824 PRECISION:    0.8750000000 RECALL:    0.8611111111 F1SCORE:    0.8680000000
 50:1.2346  100:1.2346  150:1.2346  200:1.2346  250:1.2346  300:1.2346  350:1.2346  400:1.2346  450:1.2346  500:1.2346 TEST REPORT=>
CLASS[  0 (  6)] FAIL=16.67% 
CLASS[  1 (  4)] FAIL=25.00% 
CLASS[  2 (  7)] FAIL= 0.00% 
GENERATION=  657 FITNESS=    -1.235% TEST_ERROR=     11.76%
PROGRAMS=
if(!(x7<(x1+sin((exp(((x13+sin((-5.49)))+(-44.81)))/(-9.94))))|x7<x9|x8<=cos((cos((-1.25))+x2)))) CLASS=0.00
else 
if(x6>=x10-x12|x7+x11>x3) CLASS=1.00
else 
CLASS=2.00
** CONFUSION MATRIX ** Number of classes: 3
   5    1    0 
   0    3    1 
   0    0    7 
TEST REPORT=>
CLASS[  0 (  6)] FAIL=16.67% 
CLASS[  1 (  4)] FAIL=25.00% 
CLASS[  2 (  7)] FAIL= 0.00% 
CLASS_ERROR:   11.7647058824 PRECISION:    0.8750000000 RECALL:    0.8611111111 F1SCORE:    0.8680000000
 50:1.2346  100:1.2346  150:1.2346  200:1.2346  250:1.2346  300:1.2346  350:1.2346  400:1.2346  450:1.2346  500:1.2346 TEST REPORT=>
CLASS[  0 (  6)] FAIL=16.67% 
CLASS[  1 (  4)] FAIL=25.00% 
CLASS[  2 (  7)] FAIL= 0.00% 
GENERATION=  658 FITNESS=    -1.235% TEST_ERROR=     11.76%
PROGRAMS=
if(!(x7<(x1+sin((exp(((x13+sin((-5.49)))+(-44.81)))/(-9.94))))|x7<x9|x8<=cos((cos((-1.25))+x2)))) CLASS=0.00
else 
if(x6>=x10-x12|x7+x11>x3) CLASS=1.00
else 
CLASS=2.00
** CONFUSION MATRIX ** Number of classes: 3
   5    1    0 
   0    3    1 
   0    0    7 
TEST REPORT=>
CLASS[  0 (  6)] FAIL=16.67% 
CLASS[  1 (  4)] FAIL=25.00% 
CLASS[  2 (  7)] FAIL= 0.00% 
CLASS_ERROR:   11.7647058824 PRECISION:    0.8750000000 RECALL:    0.8611111111 F1SCORE:    0.8680000000
 50:1.2346  100:1.2346  150:1.2346  200:1.2346  250:1.2346  300:1.2346  350:1.2346  400:1.2346  450:1.2346  500:1.2346 TEST REPORT=>
CLASS[  0 (  6)] FAIL=16.67% 
CLASS[  1 (  4)] FAIL=25.00% 
CLASS[  2 (  7)] FAIL= 0.00% 
GENERATION=  659 FITNESS=    -1.235% TEST_ERROR=     11.76%
PROGRAMS=
if(!(x7<(x1+sin((exp(((x13+sin((-5.49)))+(-44.81)))/(-9.94))))|x7<x9|x8<=cos((cos((-1.25))+x2)))) CLASS=0.00
else 
if(x6>=x10-x12|x7+x11>x3) CLASS=1.00
else 
CLASS=2.00
** CONFUSION MATRIX ** Number of classes: 3
   5    1    0 
   0    3    1 
   0    0    7 
TEST REPORT=>
CLASS[  0 (  6)] FAIL=16.67% 
CLASS[  1 (  4)] FAIL=25.00% 
CLASS[  2 (  7)] FAIL= 0.00% 
CLASS_ERROR:   11.7647058824 PRECISION:    0.8750000000 RECALL:    0.8611111111 F1SCORE:    0.8680000000
 50:1.2346  100:1.2346  150:1.2346  200:1.2346  250:1.2346  300:1.2346  350:1.2346  400:1.2346  450:1.2346  500:1.2346 TEST REPORT=>
CLASS[  0 (  6)] FAIL=16.67% 
CLASS[  1 (  4)] FAIL=25.00% 
CLASS[  2 (  7)] FAIL= 0.00% 
GENERATION=  660 FITNESS=    -1.235% TEST_ERROR=     11.76%
PROGRAMS=
if(!(x7<(x1+sin((exp(((x13+sin((-5.49)))+(-44.81)))/(-9.94))))|x7<x9|x8<=cos((cos((-1.25))+x2)))) CLASS=0.00
else 
if(x6>=x10-x12|x7+x11>x3) CLASS=1.00
else 
CLASS=2.00
** CONFUSION MATRIX ** Number of classes: 3
   5    1    0 
   0    3    1 
   0    0    7 
TEST REPORT=>
CLASS[  0 (  6)] FAIL=16.67% 
CLASS[  1 (  4)] FAIL=25.00% 
CLASS[  2 (  7)] FAIL= 0.00% 
CLASS_ERROR:   11.7647058824 PRECISION:    0.8750000000 RECALL:    0.8611111111 F1SCORE:    0.8680000000
 50:1.2346  100:1.2346  150:1.2346  200:1.2346  250:1.2346  300:1.2346  350:1.2346  400:1.2346  450:1.2346  500:1.2346 TEST REPORT=>
CLASS[  0 (  6)] FAIL=16.67% 
CLASS[  1 (  4)] FAIL=25.00% 
CLASS[  2 (  7)] FAIL= 0.00% 
GENERATION=  661 FITNESS=    -1.235% TEST_ERROR=     11.76%
PROGRAMS=
if(!(x7<(x1+sin((exp(((x13+sin((-5.49)))+(-44.81)))/(-9.94))))|x7<x9|x8<=cos((cos((-1.25))+x2)))) CLASS=0.00
else 
if(x6>=x10-x12|x7+x11>x3) CLASS=1.00
else 
CLASS=2.00
** CONFUSION MATRIX ** Number of classes: 3
   5    1    0 
   0    3    1 
   0    0    7 
TEST REPORT=>
CLASS[  0 (  6)] FAIL=16.67% 
CLASS[  1 (  4)] FAIL=25.00% 
CLASS[  2 (  7)] FAIL= 0.00% 
CLASS_ERROR:   11.7647058824 PRECISION:    0.8750000000 RECALL:    0.8611111111 F1SCORE:    0.8680000000
 50:1.2346  100:1.2346  150:1.2346  200:1.2346  250:1.2346  300:1.2346  350:1.2346  400:1.2346  450:1.2346  500:1.2346 TEST REPORT=>
CLASS[  0 (  6)] FAIL=16.67% 
CLASS[  1 (  4)] FAIL=25.00% 
CLASS[  2 (  7)] FAIL= 0.00% 
GENERATION=  662 FITNESS=    -1.235% TEST_ERROR=     11.76%
PROGRAMS=
if(!(x7<(x1+sin((exp(((x13+sin((-5.49)))+(-44.81)))/(-9.94))))|x7<x9|x8<=cos((cos((-1.25))+x2)))) CLASS=0.00
else 
if(x6>=x10-x12|x7+x11>x3) CLASS=1.00
else 
CLASS=2.00
** CONFUSION MATRIX ** Number of classes: 3
   5    1    0 
   0    3    1 
   0    0    7 
TEST REPORT=>
CLASS[  0 (  6)] FAIL=16.67% 
CLASS[  1 (  4)] FAIL=25.00% 
CLASS[  2 (  7)] FAIL= 0.00% 
CLASS_ERROR:   11.7647058824 PRECISION:    0.8750000000 RECALL:    0.8611111111 F1SCORE:    0.8680000000
 50:1.2346  100:1.2346  150:1.2346  200:1.2346  250:1.2346  300:1.2346  350:1.2346  400:1.2346  450:1.2346  500:1.2346 TEST REPORT=>
CLASS[  0 (  6)] FAIL=16.67% 
CLASS[  1 (  4)] FAIL=25.00% 
CLASS[  2 (  7)] FAIL= 0.00% 
GENERATION=  663 FITNESS=    -1.235% TEST_ERROR=     11.76%
PROGRAMS=
if(!(x7<(x1+sin((exp(((x13+sin((-5.49)))+(-44.81)))/(-9.94))))|x7<x9|x8<=cos((cos((-1.25))+x2)))) CLASS=0.00
else 
if(x6>=x10-x12|x7+x11>x3) CLASS=1.00
else 
CLASS=2.00
** CONFUSION MATRIX ** Number of classes: 3
   5    1    0 
   0    3    1 
   0    0    7 
TEST REPORT=>
CLASS[  0 (  6)] FAIL=16.67% 
CLASS[  1 (  4)] FAIL=25.00% 
CLASS[  2 (  7)] FAIL= 0.00% 
CLASS_ERROR:   11.7647058824 PRECISION:    0.8750000000 RECALL:    0.8611111111 F1SCORE:    0.8680000000
 50:1.2346  100:1.2346  150:1.2346  200:1.2346  250:1.2346  300:1.2346  350:1.2346  400:1.2346  450:1.2346  500:1.2346 TEST REPORT=>
CLASS[  0 (  6)] FAIL=16.67% 
CLASS[  1 (  4)] FAIL=25.00% 
CLASS[  2 (  7)] FAIL= 0.00% 
GENERATION=  664 FITNESS=    -1.235% TEST_ERROR=     11.76%
PROGRAMS=
if(!(x7<(x1+sin((exp(((x13+sin((-5.49)))+(-44.81)))/(-9.94))))|x7<x9|x8<=cos((cos((-1.25))+x2)))) CLASS=0.00
else 
if(x6>=x10-x12|x7+x11>x3) CLASS=1.00
else 
CLASS=2.00
** CONFUSION MATRIX ** Number of classes: 3
   5    1    0 
   0    3    1 
   0    0    7 
TEST REPORT=>
CLASS[  0 (  6)] FAIL=16.67% 
CLASS[  1 (  4)] FAIL=25.00% 
CLASS[  2 (  7)] FAIL= 0.00% 
CLASS_ERROR:   11.7647058824 PRECISION:    0.8750000000 RECALL:    0.8611111111 F1SCORE:    0.8680000000
 50:1.2346  100:1.2346  150:1.2346  200:1.2346  250:1.2346  300:1.2346  350:1.2346  400:1.2346  450:1.2346  500:1.2346 TEST REPORT=>
CLASS[  0 (  6)] FAIL=16.67% 
CLASS[  1 (  4)] FAIL=25.00% 
CLASS[  2 (  7)] FAIL= 0.00% 
GENERATION=  665 FITNESS=    -1.235% TEST_ERROR=     11.76%
PROGRAMS=
if(!(x7<(x1+sin((exp(((x13+sin((-5.49)))+(-44.81)))/(-9.94))))|x7<x9|x8<=cos((cos((-1.25))+x2)))) CLASS=0.00
else 
if(x6>=x10-x12|x7+x11>x3) CLASS=1.00
else 
CLASS=2.00
** CONFUSION MATRIX ** Number of classes: 3
   5    1    0 
   0    3    1 
   0    0    7 
TEST REPORT=>
CLASS[  0 (  6)] FAIL=16.67% 
CLASS[  1 (  4)] FAIL=25.00% 
CLASS[  2 (  7)] FAIL= 0.00% 
CLASS_ERROR:   11.7647058824 PRECISION:    0.8750000000 RECALL:    0.8611111111 F1SCORE:    0.8680000000
 50:1.2346  100:1.2346  150:1.2346  200:1.2346  250:1.2346  300:1.2346  350:1.2346  400:1.2346  450:1.2346  500:1.2346 TEST REPORT=>
CLASS[  0 (  6)] FAIL=16.67% 
CLASS[  1 (  4)] FAIL=25.00% 
CLASS[  2 (  7)] FAIL= 0.00% 
GENERATION=  666 FITNESS=    -1.235% TEST_ERROR=     11.76%
PROGRAMS=
if(!(x7<(x1+sin((exp(((x13+sin((-5.49)))+(-44.81)))/(-9.94))))|x7<x9|x8<=cos((cos((-1.25))+x2)))) CLASS=0.00
else 
if(x6>=x10-x12|x7+x11>x3) CLASS=1.00
else 
CLASS=2.00
** CONFUSION MATRIX ** Number of classes: 3
   5    1    0 
   0    3    1 
   0    0    7 
TEST REPORT=>
CLASS[  0 (  6)] FAIL=16.67% 
CLASS[  1 (  4)] FAIL=25.00% 
CLASS[  2 (  7)] FAIL= 0.00% 
CLASS_ERROR:   11.7647058824 PRECISION:    0.8750000000 RECALL:    0.8611111111 F1SCORE:    0.8680000000
 50:1.2346  100:1.2346  150:1.2346  200:1.2346  250:1.2346  300:1.2346  350:1.2346  400:1.2346  450:1.2346  500:1.2346 TEST REPORT=>
CLASS[  0 (  6)] FAIL=16.67% 
CLASS[  1 (  4)] FAIL=25.00% 
CLASS[  2 (  7)] FAIL= 0.00% 
GENERATION=  667 FITNESS=    -1.235% TEST_ERROR=     11.76%
PROGRAMS=
if(!(x7<(x1+sin((exp(((x13+sin((-5.49)))+(-44.81)))/(-9.94))))|x7<x9|x8<=cos((cos((-1.25))+x2)))) CLASS=0.00
else 
if(x6>=x10-x12|x7+x11>x3) CLASS=1.00
else 
CLASS=2.00
** CONFUSION MATRIX ** Number of classes: 3
   5    1    0 
   0    3    1 
   0    0    7 
TEST REPORT=>
CLASS[  0 (  6)] FAIL=16.67% 
CLASS[  1 (  4)] FAIL=25.00% 
CLASS[  2 (  7)] FAIL= 0.00% 
CLASS_ERROR:   11.7647058824 PRECISION:    0.8750000000 RECALL:    0.8611111111 F1SCORE:    0.8680000000
 50:1.2346  100:1.2346  150:1.2346  200:1.2346  250:1.2346  300:1.2346  350:1.2346  400:1.2346  450:1.2346  500:1.2346 TEST REPORT=>
CLASS[  0 (  6)] FAIL=16.67% 
CLASS[  1 (  4)] FAIL=25.00% 
CLASS[  2 (  7)] FAIL= 0.00% 
GENERATION=  668 FITNESS=    -1.235% TEST_ERROR=     11.76%
PROGRAMS=
if(!(x7<(x1+sin((exp(((x13+sin((-5.49)))+(-44.81)))/(-9.94))))|x7<x9|x8<=cos((cos((-1.25))+x2)))) CLASS=0.00
else 
if(x6>=x10-x12|x7+x11>x3) CLASS=1.00
else 
CLASS=2.00
** CONFUSION MATRIX ** Number of classes: 3
   5    1    0 
   0    3    1 
   0    0    7 
TEST REPORT=>
CLASS[  0 (  6)] FAIL=16.67% 
CLASS[  1 (  4)] FAIL=25.00% 
CLASS[  2 (  7)] FAIL= 0.00% 
CLASS_ERROR:   11.7647058824 PRECISION:    0.8750000000 RECALL:    0.8611111111 F1SCORE:    0.8680000000
 50:1.2346  100:1.2346  150:1.2346  200:1.2346  250:1.2346  300:1.2346  350:1.2346  400:1.2346  450:1.2346  500:1.2346 TEST REPORT=>
CLASS[  0 (  6)] FAIL=16.67% 
CLASS[  1 (  4)] FAIL=25.00% 
CLASS[  2 (  7)] FAIL= 0.00% 
GENERATION=  669 FITNESS=    -1.235% TEST_ERROR=     11.76%
PROGRAMS=
if(!(x7<(x1+sin((exp(((x13+sin((-5.49)))+(-44.81)))/(-9.94))))|x7<x9|x8<=cos((cos((-1.25))+x2)))) CLASS=0.00
else 
if(x6>=x10-x12|x7+x11>x3) CLASS=1.00
else 
CLASS=2.00
** CONFUSION MATRIX ** Number of classes: 3
   5    1    0 
   0    3    1 
   0    0    7 
TEST REPORT=>
CLASS[  0 (  6)] FAIL=16.67% 
CLASS[  1 (  4)] FAIL=25.00% 
CLASS[  2 (  7)] FAIL= 0.00% 
CLASS_ERROR:   11.7647058824 PRECISION:    0.8750000000 RECALL:    0.8611111111 F1SCORE:    0.8680000000
 50:1.2346  100:1.2346  150:1.2346  200:1.2346  250:1.2346  300:1.2346  350:1.2346  400:1.2346  450:1.2346  500:1.2346 TEST REPORT=>
CLASS[  0 (  6)] FAIL=16.67% 
CLASS[  1 (  4)] FAIL=25.00% 
CLASS[  2 (  7)] FAIL= 0.00% 
GENERATION=  670 FITNESS=    -1.235% TEST_ERROR=     11.76%
PROGRAMS=
if(!(x7<(x1+sin((exp(((x13+sin((-5.49)))+(-44.81)))/(-9.94))))|x7<x9|x8<=cos((cos((-1.25))+x2)))) CLASS=0.00
else 
if(x6>=x10-x12|x7+x11>x3) CLASS=1.00
else 
CLASS=2.00
** CONFUSION MATRIX ** Number of classes: 3
   5    1    0 
   0    3    1 
   0    0    7 
TEST REPORT=>
CLASS[  0 (  6)] FAIL=16.67% 
CLASS[  1 (  4)] FAIL=25.00% 
CLASS[  2 (  7)] FAIL= 0.00% 
CLASS_ERROR:   11.7647058824 PRECISION:    0.8750000000 RECALL:    0.8611111111 F1SCORE:    0.8680000000
 50:1.2346  100:1.2346  150:1.2346  200:1.2346  250:1.2346  300:1.2346  350:1.2346  400:1.2346  450:1.2346  500:1.2346 TEST REPORT=>
CLASS[  0 (  6)] FAIL=16.67% 
CLASS[  1 (  4)] FAIL=25.00% 
CLASS[  2 (  7)] FAIL= 0.00% 
GENERATION=  671 FITNESS=    -1.235% TEST_ERROR=     11.76%
PROGRAMS=
if(!(x7<(x1+sin((exp(((x13+sin((-5.49)))+(-44.81)))/(-9.94))))|x7<x9|x8<=cos((cos((-1.25))+x2)))) CLASS=0.00
else 
if(x6>=x10-x12|x7+x11>x3) CLASS=1.00
else 
CLASS=2.00
** CONFUSION MATRIX ** Number of classes: 3
   5    1    0 
   0    3    1 
   0    0    7 
TEST REPORT=>
CLASS[  0 (  6)] FAIL=16.67% 
CLASS[  1 (  4)] FAIL=25.00% 
CLASS[  2 (  7)] FAIL= 0.00% 
CLASS_ERROR:   11.7647058824 PRECISION:    0.8750000000 RECALL:    0.8611111111 F1SCORE:    0.8680000000
 50:1.2346  100:1.2346  150:1.2346  200:1.2346  250:1.2346  300:1.2346  350:1.2346  400:1.2346  450:1.2346  500:1.2346 
TARGETED STAGNATION BURST generation=672 stagnation=20
TARGETED_BEST[0] START fitness=-1.2345679012
TARGETED_BEST[0] END fitness=-1.2345679012 accepted=0
TARGETED_BEST[1] START fitness=-1.2345679012
TARGETED_BEST[1] END fitness=-1.2345679012 accepted=0
TARGETED_BEST[2] START fitness=-1.2345679012
TARGETED_BEST[2] END fitness=-1.2345679012 accepted=0
TARGETED_BEST[3] START fitness=-1.2345679012
TARGETED_BEST[3] END fitness=-1.2345679012 accepted=0
TARGETED_BEST[4] START fitness=-1.2345679012
TARGETED_BEST[4] END fitness=-1.2345679012 accepted=0
TARGETED_BEST[5] START fitness=-1.2345679012
TARGETED_BEST[5] END fitness=-1.2345679012 accepted=0
TARGETED_BEST[6] START fitness=-1.2345679012
TARGETED_BEST[6] END fitness=-1.2345679012 accepted=0
TARGETED_BEST[7] START fitness=-1.2345679012
TARGETED_BEST[7] END fitness=-1.2345679012 accepted=0
TARGETED_BEST[8] START fitness=-1.2345679012
TARGETED_BEST[8] END fitness=-1.2345679012 accepted=0
TARGETED_BEST[9] START fitness=-1.2345679012
TARGETED_BEST[9] END fitness=-1.2345679012 accepted=0
TARGETED_BEST[10] START fitness=-1.2345679012
TARGETED_BEST[10] END fitness=-1.2345679012 accepted=0
TARGETED_BEST[11] START fitness=-1.2345679012
TARGETED_BEST[11] END fitness=-1.2345679012 accepted=0
TARGETED_BEST[12] START fitness=-1.2345679012
TARGETED_BEST[12] END fitness=-1.2345679012 accepted=0
TARGETED_BEST[13] START fitness=-1.2345679012
TARGETED_BEST[13] END fitness=-1.2345679012 accepted=0
TARGETED_BEST[14] START fitness=-1.2345679012
TARGETED_BEST[14] END fitness=-1.2345679012 accepted=0
TARGETED_BEST[15] START fitness=-1.2345679012
TARGETED_BEST[15] END fitness=-1.2345679012 accepted=0
TARGETED_BEST[16] START fitness=-1.2345679012
TARGETED_BEST[16] END fitness=-1.2345679012 accepted=0
TARGETED_BEST[17] START fitness=-1.2345679012
TARGETED_BEST[17] END fitness=-1.2345679012 accepted=0
TARGETED_BEST[18] START fitness=-1.2345679012
TARGETED_BEST[18] END fitness=-1.2345679012 accepted=0
TARGETED_BEST[19] START fitness=-1.2345679012
TARGETED_BEST[19] END fitness=-1.2345679012 accepted=0
TEST REPORT=>
CLASS[  0 (  6)] FAIL=16.67% 
CLASS[  1 (  4)] FAIL=25.00% 
CLASS[  2 (  7)] FAIL= 0.00% 
GENERATION=  672 FITNESS=    -1.235% TEST_ERROR=     11.76%
PROGRAMS=
if(!(x7<(x1+sin((exp(((x13+sin((-5.49)))+(-44.81)))/(-9.94))))|x7<x9|x8<=cos((cos((-1.25))+x2)))) CLASS=0.00
else 
if(x6>=x10-x12|x7+x11>x3) CLASS=1.00
else 
CLASS=2.00
** CONFUSION MATRIX ** Number of classes: 3
   5    1    0 
   0    3    1 
   0    0    7 
TEST REPORT=>
CLASS[  0 (  6)] FAIL=16.67% 
CLASS[  1 (  4)] FAIL=25.00% 
CLASS[  2 (  7)] FAIL= 0.00% 
CLASS_ERROR:   11.7647058824 PRECISION:    0.8750000000 RECALL:    0.8611111111 F1SCORE:    0.8680000000
 50:1.2346  100:1.2346  150:1.2346  200:1.2346  250:1.2346  300:1.2346  350:1.2346  400:1.2346  450:1.2346  500:1.2346 TEST REPORT=>
CLASS[  0 (  6)] FAIL=16.67% 
CLASS[  1 (  4)] FAIL=25.00% 
CLASS[  2 (  7)] FAIL= 0.00% 
GENERATION=  673 FITNESS=    -1.235% TEST_ERROR=     11.76%
PROGRAMS=
if(!(x7<(x1+sin((exp(((x13+sin((-5.49)))+(-44.81)))/(-9.94))))|x7<x9|x8<=cos((cos((-1.25))+x2)))) CLASS=0.00
else 
if(x6>=x10-x12|x7+x11>x3) CLASS=1.00
else 
CLASS=2.00
** CONFUSION MATRIX ** Number of classes: 3
   5    1    0 
   0    3    1 
   0    0    7 
TEST REPORT=>
CLASS[  0 (  6)] FAIL=16.67% 
CLASS[  1 (  4)] FAIL=25.00% 
CLASS[  2 (  7)] FAIL= 0.00% 
CLASS_ERROR:   11.7647058824 PRECISION:    0.8750000000 RECALL:    0.8611111111 F1SCORE:    0.8680000000
 50:1.2346  100:1.2346  150:1.2346  200:1.2346  250:1.2346  300:1.2346  350:1.2346  400:1.2346  450:1.2346  500:1.2346 TEST REPORT=>
CLASS[  0 (  6)] FAIL=16.67% 
CLASS[  1 (  4)] FAIL=25.00% 
CLASS[  2 (  7)] FAIL= 0.00% 
GENERATION=  674 FITNESS=    -1.235% TEST_ERROR=     11.76%
PROGRAMS=
if(!(x7<(x1+sin((exp(((x13+sin((-5.49)))+(-44.81)))/(-9.94))))|x7<x9|x8<=cos((cos((-1.25))+x2)))) CLASS=0.00
else 
if(x6>=x10-x12|x7+x11>x3) CLASS=1.00
else 
CLASS=2.00
** CONFUSION MATRIX ** Number of classes: 3
   5    1    0 
   0    3    1 
   0    0    7 
TEST REPORT=>
CLASS[  0 (  6)] FAIL=16.67% 
CLASS[  1 (  4)] FAIL=25.00% 
CLASS[  2 (  7)] FAIL= 0.00% 
CLASS_ERROR:   11.7647058824 PRECISION:    0.8750000000 RECALL:    0.8611111111 F1SCORE:    0.8680000000
 50:1.2346  100:1.2346  150:1.2346  200:1.2346  250:1.2346  300:1.2346  350:1.2346  400:1.2346  450:1.2346  500:1.2346 TEST REPORT=>
CLASS[  0 (  6)] FAIL=16.67% 
CLASS[  1 (  4)] FAIL=25.00% 
CLASS[  2 (  7)] FAIL= 0.00% 
GENERATION=  675 FITNESS=    -1.235% TEST_ERROR=     11.76%
PROGRAMS=
if(!(x7<(x1+sin((exp(((x13+sin((-5.49)))+(-44.81)))/(-9.94))))|x7<x9|x8<=cos((cos((-1.25))+x2)))) CLASS=0.00
else 
if(x6>=x10-x12|x7+x11>x3) CLASS=1.00
else 
CLASS=2.00
** CONFUSION MATRIX ** Number of classes: 3
   5    1    0 
   0    3    1 
   0    0    7 
TEST REPORT=>
CLASS[  0 (  6)] FAIL=16.67% 
CLASS[  1 (  4)] FAIL=25.00% 
CLASS[  2 (  7)] FAIL= 0.00% 
CLASS_ERROR:   11.7647058824 PRECISION:    0.8750000000 RECALL:    0.8611111111 F1SCORE:    0.8680000000
 50:1.2346  100:1.2346  150:1.2346  200:1.2346  250:1.2346  300:1.2346  350:1.2346  400:1.2346  450:1.2346  500:1.2346 TEST REPORT=>
CLASS[  0 (  6)] FAIL=16.67% 
CLASS[  1 (  4)] FAIL=25.00% 
CLASS[  2 (  7)] FAIL= 0.00% 
GENERATION=  676 FITNESS=    -1.235% TEST_ERROR=     11.76%
PROGRAMS=
if(!(x7<(x1+sin((exp(((x13+sin((-5.49)))+(-44.81)))/(-9.94))))|x7<x9|x8<=cos((cos((-1.25))+x2)))) CLASS=0.00
else 
if(x6>=x10-x12|x7+x11>x3) CLASS=1.00
else 
CLASS=2.00
** CONFUSION MATRIX ** Number of classes: 3
   5    1    0 
   0    3    1 
   0    0    7 
TEST REPORT=>
CLASS[  0 (  6)] FAIL=16.67% 
CLASS[  1 (  4)] FAIL=25.00% 
CLASS[  2 (  7)] FAIL= 0.00% 
CLASS_ERROR:   11.7647058824 PRECISION:    0.8750000000 RECALL:    0.8611111111 F1SCORE:    0.8680000000
 50:1.2346  100:1.2346  150:1.2346  200:1.2346  250:1.2346  300:1.2346  350:1.2346  400:1.2346  450:1.2346  500:1.2346 TEST REPORT=>
CLASS[  0 (  6)] FAIL=16.67% 
CLASS[  1 (  4)] FAIL=25.00% 
CLASS[  2 (  7)] FAIL= 0.00% 
GENERATION=  677 FITNESS=    -1.235% TEST_ERROR=     11.76%
PROGRAMS=
if(!(x7<(x1+sin((exp(((x13+sin((-5.49)))+(-44.81)))/(-9.94))))|x7<x9|x8<=cos((cos((-1.25))+x2)))) CLASS=0.00
else 
if(x6>=x10-x12|x7+x11>x3) CLASS=1.00
else 
CLASS=2.00
** CONFUSION MATRIX ** Number of classes: 3
   5    1    0 
   0    3    1 
   0    0    7 
TEST REPORT=>
CLASS[  0 (  6)] FAIL=16.67% 
CLASS[  1 (  4)] FAIL=25.00% 
CLASS[  2 (  7)] FAIL= 0.00% 
CLASS_ERROR:   11.7647058824 PRECISION:    0.8750000000 RECALL:    0.8611111111 F1SCORE:    0.8680000000
 50:1.2346  100:1.2346  150:1.2346  200:1.2346  250:1.2346  300:1.2346  350:1.2346  400:1.2346  450:1.2346  500:1.2346 TEST REPORT=>
CLASS[  0 (  6)] FAIL=16.67% 
CLASS[  1 (  4)] FAIL=25.00% 
CLASS[  2 (  7)] FAIL= 0.00% 
GENERATION=  678 FITNESS=    -1.235% TEST_ERROR=     11.76%
PROGRAMS=
if(!(x7<(x1+sin((exp(((x13+sin((-5.49)))+(-44.81)))/(-9.94))))|x7<x9|x8<=cos((cos((-1.25))+x2)))) CLASS=0.00
else 
if(x6>=x10-x12|x7+x11>x3) CLASS=1.00
else 
CLASS=2.00
** CONFUSION MATRIX ** Number of classes: 3
   5    1    0 
   0    3    1 
   0    0    7 
TEST REPORT=>
CLASS[  0 (  6)] FAIL=16.67% 
CLASS[  1 (  4)] FAIL=25.00% 
CLASS[  2 (  7)] FAIL= 0.00% 
CLASS_ERROR:   11.7647058824 PRECISION:    0.8750000000 RECALL:    0.8611111111 F1SCORE:    0.8680000000
 50:1.2346  100:1.2346  150:1.2346  200:1.2346  250:1.2346  300:1.2346  350:1.2346  400:1.2346  450:1.2346  500:1.2346 TEST REPORT=>
CLASS[  0 (  6)] FAIL=16.67% 
CLASS[  1 (  4)] FAIL=25.00% 
CLASS[  2 (  7)] FAIL= 0.00% 
GENERATION=  679 FITNESS=    -1.235% TEST_ERROR=     11.76%
PROGRAMS=
if(!(x7<(x1+sin((exp(((x13+sin((-5.49)))+(-44.81)))/(-9.94))))|x7<x9|x8<=cos((cos((-1.25))+x2)))) CLASS=0.00
else 
if(x6>=x10-x12|x7+x11>x3) CLASS=1.00
else 
CLASS=2.00
** CONFUSION MATRIX ** Number of classes: 3
   5    1    0 
   0    3    1 
   0    0    7 
TEST REPORT=>
CLASS[  0 (  6)] FAIL=16.67% 
CLASS[  1 (  4)] FAIL=25.00% 
CLASS[  2 (  7)] FAIL= 0.00% 
CLASS_ERROR:   11.7647058824 PRECISION:    0.8750000000 RECALL:    0.8611111111 F1SCORE:    0.8680000000
 50:1.2346  100:1.2346  150:1.2346  200:1.2346  250:1.2346  300:1.2346  350:1.2346  400:1.2346  450:1.2346  500:1.2346 TEST REPORT=>
CLASS[  0 (  6)] FAIL=16.67% 
CLASS[  1 (  4)] FAIL=25.00% 
CLASS[  2 (  7)] FAIL= 0.00% 
GENERATION=  680 FITNESS=    -1.235% TEST_ERROR=     11.76%
PROGRAMS=
if(!(x7<(x1+sin((exp(((x13+sin((-5.49)))+(-44.81)))/(-9.94))))|x7<x9|x8<=cos((cos((-1.25))+x2)))) CLASS=0.00
else 
if(x6>=x10-x12|x7+x11>x3) CLASS=1.00
else 
CLASS=2.00
** CONFUSION MATRIX ** Number of classes: 3
   5    1    0 
   0    3    1 
   0    0    7 
TEST REPORT=>
CLASS[  0 (  6)] FAIL=16.67% 
CLASS[  1 (  4)] FAIL=25.00% 
CLASS[  2 (  7)] FAIL= 0.00% 
CLASS_ERROR:   11.7647058824 PRECISION:    0.8750000000 RECALL:    0.8611111111 F1SCORE:    0.8680000000
 50:1.2346  100:1.2346  150:1.2346  200:1.2346  250:1.2346  300:1.2346  350:1.2346  400:1.2346  450:1.2346  500:1.2346 TEST REPORT=>
CLASS[  0 (  6)] FAIL=16.67% 
CLASS[  1 (  4)] FAIL=25.00% 
CLASS[  2 (  7)] FAIL= 0.00% 
GENERATION=  681 FITNESS=    -1.235% TEST_ERROR=     11.76%
PROGRAMS=
if(!(x7<(x1+sin((exp(((x13+sin((-5.49)))+(-44.81)))/(-9.94))))|x7<x9|x8<=cos((cos((-1.25))+x2)))) CLASS=0.00
else 
if(x6>=x10-x12|x7+x11>x3) CLASS=1.00
else 
CLASS=2.00
** CONFUSION MATRIX ** Number of classes: 3
   5    1    0 
   0    3    1 
   0    0    7 
TEST REPORT=>
CLASS[  0 (  6)] FAIL=16.67% 
CLASS[  1 (  4)] FAIL=25.00% 
CLASS[  2 (  7)] FAIL= 0.00% 
CLASS_ERROR:   11.7647058824 PRECISION:    0.8750000000 RECALL:    0.8611111111 F1SCORE:    0.8680000000
 50:1.2346  100:1.2346  150:1.2346  200:1.2346  250:1.2346  300:1.2346  350:1.2346  400:1.2346  450:1.2346  500:1.2346 TEST REPORT=>
CLASS[  0 (  6)] FAIL=16.67% 
CLASS[  1 (  4)] FAIL=25.00% 
CLASS[  2 (  7)] FAIL= 0.00% 
GENERATION=  682 FITNESS=    -1.235% TEST_ERROR=     11.76%
PROGRAMS=
if(!(x7<(x1+sin((exp(((x13+sin((-5.49)))+(-44.81)))/(-9.94))))|x7<x9|x8<=cos((cos((-1.25))+x2)))) CLASS=0.00
else 
if(x6>=x10-x12|x7+x11>x3) CLASS=1.00
else 
CLASS=2.00
** CONFUSION MATRIX ** Number of classes: 3
   5    1    0 
   0    3    1 
   0    0    7 
TEST REPORT=>
CLASS[  0 (  6)] FAIL=16.67% 
CLASS[  1 (  4)] FAIL=25.00% 
CLASS[  2 (  7)] FAIL= 0.00% 
CLASS_ERROR:   11.7647058824 PRECISION:    0.8750000000 RECALL:    0.8611111111 F1SCORE:    0.8680000000
 50:1.2346  100:1.2346  150:1.2346  200:1.2346  250:1.2346  300:1.2346  350:1.2346  400:1.2346  450:1.2346  500:1.2346 TEST REPORT=>
CLASS[  0 (  6)] FAIL=16.67% 
CLASS[  1 (  4)] FAIL=25.00% 
CLASS[  2 (  7)] FAIL= 0.00% 
GENERATION=  683 FITNESS=    -1.235% TEST_ERROR=     11.76%
PROGRAMS=
if(!(x7<(x1+sin((exp(((x13+sin((-5.49)))+(-44.81)))/(-9.94))))|x7<x9|x8<=cos((cos((-1.25))+x2)))) CLASS=0.00
else 
if(x6>=x10-x12|x7+x11>x3) CLASS=1.00
else 
CLASS=2.00
** CONFUSION MATRIX ** Number of classes: 3
   5    1    0 
   0    3    1 
   0    0    7 
TEST REPORT=>
CLASS[  0 (  6)] FAIL=16.67% 
CLASS[  1 (  4)] FAIL=25.00% 
CLASS[  2 (  7)] FAIL= 0.00% 
CLASS_ERROR:   11.7647058824 PRECISION:    0.8750000000 RECALL:    0.8611111111 F1SCORE:    0.8680000000
 50:1.2346  100:1.2346  150:1.2346  200:1.2346  250:1.2346  300:1.2346  350:1.2346  400:1.2346  450:1.2346  500:1.2346 TEST REPORT=>
CLASS[  0 (  6)] FAIL=16.67% 
CLASS[  1 (  4)] FAIL=25.00% 
CLASS[  2 (  7)] FAIL= 0.00% 
GENERATION=  684 FITNESS=    -1.235% TEST_ERROR=     11.76%
PROGRAMS=
if(!(x7<(x1+sin((exp(((x13+sin((-5.49)))+(-44.81)))/(-9.94))))|x7<x9|x8<=cos((cos((-1.25))+x2)))) CLASS=0.00
else 
if(x6>=x10-x12|x7+x11>x3) CLASS=1.00
else 
CLASS=2.00
** CONFUSION MATRIX ** Number of classes: 3
   5    1    0 
   0    3    1 
   0    0    7 
TEST REPORT=>
CLASS[  0 (  6)] FAIL=16.67% 
CLASS[  1 (  4)] FAIL=25.00% 
CLASS[  2 (  7)] FAIL= 0.00% 
CLASS_ERROR:   11.7647058824 PRECISION:    0.8750000000 RECALL:    0.8611111111 F1SCORE:    0.8680000000
 50:1.2346  100:1.2346  150:1.2346  200:1.2346  250:1.2346  300:1.2346  350:1.2346  400:1.2346  450:1.2346  500:1.2346 TEST REPORT=>
CLASS[  0 (  6)] FAIL=16.67% 
CLASS[  1 (  4)] FAIL=25.00% 
CLASS[  2 (  7)] FAIL= 0.00% 
GENERATION=  685 FITNESS=    -1.235% TEST_ERROR=     11.76%
PROGRAMS=
if(!(x7<(x1+sin((exp(((x13+sin((-5.49)))+(-44.81)))/(-9.94))))|x7<x9|x8<=cos((cos((-1.25))+x2)))) CLASS=0.00
else 
if(x6>=x10-x12|x7+x11>x3) CLASS=1.00
else 
CLASS=2.00
** CONFUSION MATRIX ** Number of classes: 3
   5    1    0 
   0    3    1 
   0    0    7 
TEST REPORT=>
CLASS[  0 (  6)] FAIL=16.67% 
CLASS[  1 (  4)] FAIL=25.00% 
CLASS[  2 (  7)] FAIL= 0.00% 
CLASS_ERROR:   11.7647058824 PRECISION:    0.8750000000 RECALL:    0.8611111111 F1SCORE:    0.8680000000
 50:1.2346  100:1.2346  150:1.2346  200:1.2346  250:1.2346  300:1.2346  350:1.2346  400:1.2346  450:1.2346  500:1.2346 TEST REPORT=>
CLASS[  0 (  6)] FAIL=16.67% 
CLASS[  1 (  4)] FAIL=25.00% 
CLASS[  2 (  7)] FAIL= 0.00% 
GENERATION=  686 FITNESS=    -1.235% TEST_ERROR=     11.76%
PROGRAMS=
if(!(x7<(x1+sin((exp(((x13+sin((-5.49)))+(-44.81)))/(-9.94))))|x7<x9|x8<=cos((cos((-1.25))+x2)))) CLASS=0.00
else 
if(x6>=x10-x12|x7+x11>x3) CLASS=1.00
else 
CLASS=2.00
** CONFUSION MATRIX ** Number of classes: 3
   5    1    0 
   0    3    1 
   0    0    7 
TEST REPORT=>
CLASS[  0 (  6)] FAIL=16.67% 
CLASS[  1 (  4)] FAIL=25.00% 
CLASS[  2 (  7)] FAIL= 0.00% 
CLASS_ERROR:   11.7647058824 PRECISION:    0.8750000000 RECALL:    0.8611111111 F1SCORE:    0.8680000000
 50:1.2346  100:1.2346  150:1.2346  200:1.2346  250:1.2346  300:1.2346  350:1.2346  400:1.2346  450:1.2346  500:1.2346 TEST REPORT=>
CLASS[  0 (  6)] FAIL=16.67% 
CLASS[  1 (  4)] FAIL=25.00% 
CLASS[  2 (  7)] FAIL= 0.00% 
GENERATION=  687 FITNESS=    -1.235% TEST_ERROR=     11.76%
PROGRAMS=
if(!(x7<(x1+sin((exp(((x13+sin((-5.49)))+(-44.81)))/(-9.94))))|x7<x9|x8<=cos((cos((-1.25))+x2)))) CLASS=0.00
else 
if(x6>=x10-x12|x7+x11>x3) CLASS=1.00
else 
CLASS=2.00
** CONFUSION MATRIX ** Number of classes: 3
   5    1    0 
   0    3    1 
   0    0    7 
TEST REPORT=>
CLASS[  0 (  6)] FAIL=16.67% 
CLASS[  1 (  4)] FAIL=25.00% 
CLASS[  2 (  7)] FAIL= 0.00% 
CLASS_ERROR:   11.7647058824 PRECISION:    0.8750000000 RECALL:    0.8611111111 F1SCORE:    0.8680000000
 50:1.2346  100:1.2346  150:1.2346  200:1.2346  250:1.2346  300:1.2346  350:1.2346  400:1.2346  450:1.2346  500:1.2346 TEST REPORT=>
CLASS[  0 (  6)] FAIL=16.67% 
CLASS[  1 (  4)] FAIL=25.00% 
CLASS[  2 (  7)] FAIL= 0.00% 
GENERATION=  688 FITNESS=    -1.235% TEST_ERROR=     11.76%
PROGRAMS=
if(!(x7<(x1+sin((exp(((x13+sin((-5.49)))+(-44.81)))/(-9.94))))|x7<x9|x8<=cos((cos((-1.25))+x2)))) CLASS=0.00
else 
if(x6>=x10-x12|x7+x11>x3) CLASS=1.00
else 
CLASS=2.00
** CONFUSION MATRIX ** Number of classes: 3
   5    1    0 
   0    3    1 
   0    0    7 
TEST REPORT=>
CLASS[  0 (  6)] FAIL=16.67% 
CLASS[  1 (  4)] FAIL=25.00% 
CLASS[  2 (  7)] FAIL= 0.00% 
CLASS_ERROR:   11.7647058824 PRECISION:    0.8750000000 RECALL:    0.8611111111 F1SCORE:    0.8680000000
 50:1.2346  100:1.2346  150:1.2346  200:1.2346  250:1.2346  300:1.2346  350:1.2346  400:1.2346  450:1.2346  500:1.2346 TEST REPORT=>
CLASS[  0 (  6)] FAIL=16.67% 
CLASS[  1 (  4)] FAIL=25.00% 
CLASS[  2 (  7)] FAIL= 0.00% 
GENERATION=  689 FITNESS=    -1.235% TEST_ERROR=     11.76%
PROGRAMS=
if(!(x7<(x1+sin((exp(((x13+sin((-5.49)))+(-44.81)))/(-9.94))))|x7<x9|x8<=cos((cos((-1.25))+x2)))) CLASS=0.00
else 
if(x6>=x10-x12|x7+x11>x3) CLASS=1.00
else 
CLASS=2.00
** CONFUSION MATRIX ** Number of classes: 3
   5    1    0 
   0    3    1 
   0    0    7 
TEST REPORT=>
CLASS[  0 (  6)] FAIL=16.67% 
CLASS[  1 (  4)] FAIL=25.00% 
CLASS[  2 (  7)] FAIL= 0.00% 
CLASS_ERROR:   11.7647058824 PRECISION:    0.8750000000 RECALL:    0.8611111111 F1SCORE:    0.8680000000
 50:1.2346  100:1.2346  150:1.2346  200:1.2346  250:1.2346  300:1.2346  350:1.2346  400:1.2346  450:1.2346  500:1.2346 TEST REPORT=>
CLASS[  0 (  6)] FAIL=16.67% 
CLASS[  1 (  4)] FAIL=25.00% 
CLASS[  2 (  7)] FAIL= 0.00% 
GENERATION=  690 FITNESS=    -1.235% TEST_ERROR=     11.76%
PROGRAMS=
if(!(x7<(x1+sin((exp(((x13+sin((-5.49)))+(-44.81)))/(-9.94))))|x7<x9|x8<=cos((cos((-1.25))+x2)))) CLASS=0.00
else 
if(x6>=x10-x12|x7+x11>x3) CLASS=1.00
else 
CLASS=2.00
** CONFUSION MATRIX ** Number of classes: 3
   5    1    0 
   0    3    1 
   0    0    7 
TEST REPORT=>
CLASS[  0 (  6)] FAIL=16.67% 
CLASS[  1 (  4)] FAIL=25.00% 
CLASS[  2 (  7)] FAIL= 0.00% 
CLASS_ERROR:   11.7647058824 PRECISION:    0.8750000000 RECALL:    0.8611111111 F1SCORE:    0.8680000000
 50:1.2346  100:1.2346  150:1.2346  200:1.2346  250:1.2346  300:1.2346  350:1.2346  400:1.2346  450:1.2346  500:1.2346 TEST REPORT=>
CLASS[  0 (  6)] FAIL=16.67% 
CLASS[  1 (  4)] FAIL=25.00% 
CLASS[  2 (  7)] FAIL= 0.00% 
GENERATION=  691 FITNESS=    -1.235% TEST_ERROR=     11.76%
PROGRAMS=
if(!(x7<(x1+sin((exp(((x13+sin((-5.49)))+(-44.81)))/(-9.94))))|x7<x9|x8<=cos((cos((-1.25))+x2)))) CLASS=0.00
else 
if(x6>=x10-x12|x7+x11>x3) CLASS=1.00
else 
CLASS=2.00
** CONFUSION MATRIX ** Number of classes: 3
   5    1    0 
   0    3    1 
   0    0    7 
TEST REPORT=>
CLASS[  0 (  6)] FAIL=16.67% 
CLASS[  1 (  4)] FAIL=25.00% 
CLASS[  2 (  7)] FAIL= 0.00% 
CLASS_ERROR:   11.7647058824 PRECISION:    0.8750000000 RECALL:    0.8611111111 F1SCORE:    0.8680000000
 50:1.2346  100:1.2346  150:1.2346  200:1.2346  250:1.2346  300:1.2346  350:1.2346  400:1.2346  450:1.2346  500:1.2346 
TARGETED STAGNATION BURST generation=692 stagnation=20
TARGETED_BEST[0] START fitness=-1.2345679012
TARGETED_BEST[0] END fitness=-1.2345679012 accepted=0
TARGETED_BEST[1] START fitness=-1.2345679012
TARGETED_BEST[1] END fitness=-1.2345679012 accepted=0
TARGETED_BEST[2] START fitness=-1.2345679012
TARGETED_BEST[2] END fitness=-1.2345679012 accepted=0
TARGETED_BEST[3] START fitness=-1.2345679012
TARGETED_BEST[3] END fitness=-1.2345679012 accepted=0
TARGETED_BEST[4] START fitness=-1.2345679012
TARGETED_BEST[4] END fitness=-1.2345679012 accepted=0
TARGETED_BEST[5] START fitness=-1.2345679012
TARGETED_BEST[5] END fitness=-1.2345679012 accepted=0
TARGETED_BEST[6] START fitness=-1.2345679012
TARGETED_BEST[6] END fitness=-1.2345679012 accepted=0
TARGETED_BEST[7] START fitness=-1.2345679012
TARGETED_BEST[7] END fitness=-1.2345679012 accepted=0
TARGETED_BEST[8] START fitness=-1.2345679012
TARGETED_BEST[8] END fitness=-1.2345679012 accepted=0
TARGETED_BEST[9] START fitness=-1.2345679012
TARGETED_BEST[9] END fitness=-1.2345679012 accepted=0
TARGETED_BEST[10] START fitness=-1.2345679012
TARGETED_BEST[10] END fitness=-1.2345679012 accepted=0
TARGETED_BEST[11] START fitness=-1.2345679012
TARGETED_BEST[11] END fitness=-1.2345679012 accepted=0
TARGETED_BEST[12] START fitness=-1.2345679012
TARGETED_BEST[12] END fitness=-1.2345679012 accepted=0
TARGETED_BEST[13] START fitness=-1.2345679012
TARGETED_BEST[13] END fitness=-1.2345679012 accepted=0
TARGETED_BEST[14] START fitness=-1.2345679012
TARGETED_BEST[14] END fitness=-1.2345679012 accepted=0
TARGETED_BEST[15] START fitness=-1.2345679012
TARGETED_BEST[15] END fitness=-1.2345679012 accepted=0
TARGETED_BEST[16] START fitness=-1.2345679012
TARGETED_BEST[16] END fitness=-1.2345679012 accepted=0
TARGETED_BEST[17] START fitness=-1.2345679012
TARGETED_BEST[17] END fitness=-1.2345679012 accepted=0
TARGETED_BEST[18] START fitness=-1.2345679012
TARGETED_BEST[18] END fitness=-1.2345679012 accepted=0
TARGETED_BEST[19] START fitness=-1.2345679012
TARGETED_BEST[19] END fitness=-1.2345679012 accepted=0
TEST REPORT=>
CLASS[  0 (  6)] FAIL=16.67% 
CLASS[  1 (  4)] FAIL=25.00% 
CLASS[  2 (  7)] FAIL= 0.00% 
GENERATION=  692 FITNESS=    -1.235% TEST_ERROR=     11.76%
PROGRAMS=
if(!(x7<(x1+sin((exp(((x13+sin((-5.49)))+(-44.81)))/(-9.94))))|x7<x9|x8<=cos((cos((-1.25))+x2)))) CLASS=0.00
else 
if(x6>=x10-x12|x7+x11>x3) CLASS=1.00
else 
CLASS=2.00
** CONFUSION MATRIX ** Number of classes: 3
   5    1    0 
   0    3    1 
   0    0    7 
TEST REPORT=>
CLASS[  0 (  6)] FAIL=16.67% 
CLASS[  1 (  4)] FAIL=25.00% 
CLASS[  2 (  7)] FAIL= 0.00% 
CLASS_ERROR:   11.7647058824 PRECISION:    0.8750000000 RECALL:    0.8611111111 F1SCORE:    0.8680000000
 50:1.2346  100:1.2346  150:1.2346  200:1.2346  250:1.2346  300:1.2346  350:1.2346  400:1.2346  450:1.2346  500:1.2346 TEST REPORT=>
CLASS[  0 (  6)] FAIL=16.67% 
CLASS[  1 (  4)] FAIL=25.00% 
CLASS[  2 (  7)] FAIL= 0.00% 
GENERATION=  693 FITNESS=    -1.235% TEST_ERROR=     11.76%
PROGRAMS=
if(!(x7<(x1+sin((exp(((x13+sin((-5.49)))+(-44.81)))/(-9.94))))|x7<x9|x8<=cos((cos((-1.25))+x2)))) CLASS=0.00
else 
if(x6>=x10-x12|x7+x11>x3) CLASS=1.00
else 
CLASS=2.00
** CONFUSION MATRIX ** Number of classes: 3
   5    1    0 
   0    3    1 
   0    0    7 
TEST REPORT=>
CLASS[  0 (  6)] FAIL=16.67% 
CLASS[  1 (  4)] FAIL=25.00% 
CLASS[  2 (  7)] FAIL= 0.00% 
CLASS_ERROR:   11.7647058824 PRECISION:    0.8750000000 RECALL:    0.8611111111 F1SCORE:    0.8680000000
 50:1.2346  100:1.2346  150:1.2346  200:1.2346  250:1.2346  300:1.2346  350:1.2346  400:1.2346  450:1.2346  500:1.2346 TEST REPORT=>
CLASS[  0 (  6)] FAIL=16.67% 
CLASS[  1 (  4)] FAIL=25.00% 
CLASS[  2 (  7)] FAIL= 0.00% 
GENERATION=  694 FITNESS=    -1.235% TEST_ERROR=     11.76%
PROGRAMS=
if(!(x7<(x1+sin((exp(((x13+sin((-5.49)))+(-44.81)))/(-9.94))))|x7<x9|x8<=cos((cos((-1.25))+x2)))) CLASS=0.00
else 
if(x6>=x10-x12|x7+x11>x3) CLASS=1.00
else 
CLASS=2.00
** CONFUSION MATRIX ** Number of classes: 3
   5    1    0 
   0    3    1 
   0    0    7 
TEST REPORT=>
CLASS[  0 (  6)] FAIL=16.67% 
CLASS[  1 (  4)] FAIL=25.00% 
CLASS[  2 (  7)] FAIL= 0.00% 
CLASS_ERROR:   11.7647058824 PRECISION:    0.8750000000 RECALL:    0.8611111111 F1SCORE:    0.8680000000
 50:1.2346  100:1.2346  150:1.2346  200:1.2346  250:1.2346  300:1.2346  350:1.2346  400:1.2346  450:1.2346  500:1.2346 TEST REPORT=>
CLASS[  0 (  6)] FAIL=16.67% 
CLASS[  1 (  4)] FAIL=25.00% 
CLASS[  2 (  7)] FAIL= 0.00% 
GENERATION=  695 FITNESS=    -1.235% TEST_ERROR=     11.76%
PROGRAMS=
if(!(x7<(x1+sin((exp(((x13+sin((-5.49)))+(-44.81)))/(-9.94))))|x7<x9|x8<=cos((cos((-1.25))+x2)))) CLASS=0.00
else 
if(x6>=x10-x12|x7+x11>x3) CLASS=1.00
else 
CLASS=2.00
** CONFUSION MATRIX ** Number of classes: 3
   5    1    0 
   0    3    1 
   0    0    7 
TEST REPORT=>
CLASS[  0 (  6)] FAIL=16.67% 
CLASS[  1 (  4)] FAIL=25.00% 
CLASS[  2 (  7)] FAIL= 0.00% 
CLASS_ERROR:   11.7647058824 PRECISION:    0.8750000000 RECALL:    0.8611111111 F1SCORE:    0.8680000000
 50:1.2346  100:1.2346  150:1.2346  200:1.2346  250:1.2346  300:1.2346  350:1.2346  400:1.2346  450:1.2346  500:1.2346 TEST REPORT=>
CLASS[  0 (  6)] FAIL=16.67% 
CLASS[  1 (  4)] FAIL=25.00% 
CLASS[  2 (  7)] FAIL= 0.00% 
GENERATION=  696 FITNESS=    -1.235% TEST_ERROR=     11.76%
PROGRAMS=
if(!(x7<(x1+sin((exp(((x13+sin((-5.49)))+(-44.81)))/(-9.94))))|x7<x9|x8<=cos((cos((-1.25))+x2)))) CLASS=0.00
else 
if(x6>=x10-x12|x7+x11>x3) CLASS=1.00
else 
CLASS=2.00
** CONFUSION MATRIX ** Number of classes: 3
   5    1    0 
   0    3    1 
   0    0    7 
TEST REPORT=>
CLASS[  0 (  6)] FAIL=16.67% 
CLASS[  1 (  4)] FAIL=25.00% 
CLASS[  2 (  7)] FAIL= 0.00% 
CLASS_ERROR:   11.7647058824 PRECISION:    0.8750000000 RECALL:    0.8611111111 F1SCORE:    0.8680000000
 50:1.2346  100:1.2346  150:1.2346  200:1.2346  250:1.2346  300:1.2346  350:1.2346  400:1.2346  450:1.2346  500:1.2346 TEST REPORT=>
CLASS[  0 (  6)] FAIL=16.67% 
CLASS[  1 (  4)] FAIL=25.00% 
CLASS[  2 (  7)] FAIL= 0.00% 
GENERATION=  697 FITNESS=    -1.235% TEST_ERROR=     11.76%
PROGRAMS=
if(!(x7<(x1+sin((exp(((x13+sin((-5.49)))+(-44.81)))/(-9.94))))|x7<x9|x8<=cos((cos((-1.25))+x2)))) CLASS=0.00
else 
if(x6>=x10-x12|x7+x11>x3) CLASS=1.00
else 
CLASS=2.00
** CONFUSION MATRIX ** Number of classes: 3
   5    1    0 
   0    3    1 
   0    0    7 
TEST REPORT=>
CLASS[  0 (  6)] FAIL=16.67% 
CLASS[  1 (  4)] FAIL=25.00% 
CLASS[  2 (  7)] FAIL= 0.00% 
CLASS_ERROR:   11.7647058824 PRECISION:    0.8750000000 RECALL:    0.8611111111 F1SCORE:    0.8680000000
 50:1.2346  100:1.2346  150:1.2346  200:1.2346  250:1.2346  300:1.2346  350:1.2346  400:1.2346  450:1.2346  500:1.2346 TEST REPORT=>
CLASS[  0 (  6)] FAIL=16.67% 
CLASS[  1 (  4)] FAIL=25.00% 
CLASS[  2 (  7)] FAIL= 0.00% 
GENERATION=  698 FITNESS=    -1.235% TEST_ERROR=     11.76%
PROGRAMS=
if(!(x7<(x1+sin((exp(((x13+sin((-5.49)))+(-44.81)))/(-9.94))))|x7<x9|x8<=cos((cos((-1.25))+x2)))) CLASS=0.00
else 
if(x6>=x10-x12|x7+x11>x3) CLASS=1.00
else 
CLASS=2.00
** CONFUSION MATRIX ** Number of classes: 3
   5    1    0 
   0    3    1 
   0    0    7 
TEST REPORT=>
CLASS[  0 (  6)] FAIL=16.67% 
CLASS[  1 (  4)] FAIL=25.00% 
CLASS[  2 (  7)] FAIL= 0.00% 
CLASS_ERROR:   11.7647058824 PRECISION:    0.8750000000 RECALL:    0.8611111111 F1SCORE:    0.8680000000
 50:1.2346  100:1.2346  150:1.2346  200:1.2346  250:1.2346  300:1.2346  350:1.2346  400:1.2346  450:1.2346  500:1.2346 TEST REPORT=>
CLASS[  0 (  6)] FAIL=16.67% 
CLASS[  1 (  4)] FAIL=25.00% 
CLASS[  2 (  7)] FAIL= 0.00% 
GENERATION=  699 FITNESS=    -1.235% TEST_ERROR=     11.76%
PROGRAMS=
if(!(x7<(x1+sin((exp(((x13+sin((-5.49)))+(-44.81)))/(-9.94))))|x7<x9|x8<=cos((cos((-1.25))+x2)))) CLASS=0.00
else 
if(x6>=x10-x12|x7+x11>x3) CLASS=1.00
else 
CLASS=2.00
** CONFUSION MATRIX ** Number of classes: 3
   5    1    0 
   0    3    1 
   0    0    7 
TEST REPORT=>
CLASS[  0 (  6)] FAIL=16.67% 
CLASS[  1 (  4)] FAIL=25.00% 
CLASS[  2 (  7)] FAIL= 0.00% 
CLASS_ERROR:   11.7647058824 PRECISION:    0.8750000000 RECALL:    0.8611111111 F1SCORE:    0.8680000000
 50:1.2346  100:1.2346  150:1.2346  200:1.2346  250:1.2346  300:1.2346  350:1.2346  400:1.2346  450:1.2346  500:1.2346 TARGETED[0] START fitness=       -1.2345679012
TARGETED[0] END fitness=       -1.2345679012 accepted=0
TARGETED[375] START fitness=      -67.2839506173
TARGETED[375] iter=13 type=VARIABLE codonPos=9 codon=222->225 rule=12->0 fitness=      -67.2839506173->      -32.7160493827
TARGETED[375] iter=15 type=VARIABLE codonPos=2 codon=126->119 rule=6->14 fitness=      -32.7160493827->      -11.1111111111
TARGETED[375] iter=16 type=FUNCTION codonPos=48 codon=87->86 rule=3->2 fitness=      -11.1111111111->       -6.1728395062
TARGETED[375] iter=26 type=VARIABLE codonPos=45 codon=68->74 rule=8->14 fitness=       -6.1728395062->       -2.4691358025
TARGETED[375] END fitness=       -2.4691358025 accepted=4
TARGETED[411] START fitness=-100000000.0000000000
TARGETED[411] iter=3 type=VARIABLE codonPos=16 codon=222->223 rule=12->13 fitness=-100000000.0000000000->      -32.7160493827
TARGETED[411] iter=44 type=VARIABLE codonPos=45 codon=68->65 rule=8->5 fitness=      -32.7160493827->      -31.4814814815
TARGETED[411] END fitness=      -31.4814814815 accepted=2
TARGETED[263] START fitness=      -33.3333333333
TARGETED[263] iter=25 type=VARIABLE codonPos=101 codon=11->5 rule=11->5 fitness=      -33.3333333333->      -32.7160493827
TARGETED[263] END fitness=      -32.7160493827 accepted=1
TARGETED[71] START fitness=       -2.4691358025
TARGETED[71] iter=10 type=UNKNOWN codonPos=29 codon=61->64 rule=1->4 fitness=       -2.4691358025->       -1.8518518519
TARGETED[71] END fitness=       -1.8518518519 accepted=1
TARGETED[494] START fitness=-100000000.0000000000
TARGETED[494] iter=17 type=BINARY_OPERATOR codonPos=18 codon=29->30 rule=1->2 fitness=-100000000.0000000000->      -35.1851851852
TARGETED[494] END fitness=      -35.1851851852 accepted=1
TARGETED[389] START fitness=      -67.2839506173
TARGETED[389] END fitness=      -67.2839506173 accepted=0
TARGETED[143] START fitness=      -27.1604938272
TARGETED[143] iter=6 type=VARIABLE codonPos=115 codon=32->34 rule=2->4 fitness=      -27.1604938272->       -3.7037037037
TARGETED[143] iter=11 type=VARIABLE codonPos=101 codon=80->86 rule=5->11 fitness=       -3.7037037037->       -3.0864197531
TARGETED[143] END fitness=       -3.0864197531 accepted=2
TARGETED[7] START fitness=       -1.2345679012
TARGETED[7] END fitness=       -1.2345679012 accepted=0
TARGETED[492] START fitness=-100000000.0000000000
TARGETED[492] iter=1 type=VARIABLE codonPos=2 codon=146->149 rule=11->14 fitness=-100000000.0000000000->      -32.7160493827
TARGETED[492] END fitness=      -32.7160493827 accepted=1
TARGETED[309] START fitness=      -38.8888888889
TARGETED[309] iter=4 type=VARIABLE codonPos=115 codon=4->2 rule=4->2 fitness=      -38.8888888889->      -38.2716049383
TARGETED[309] iter=8 type=FUNCTION codonPos=9 codon=174->173 rule=2->1 fitness=      -38.2716049383->      -32.7160493827
TARGETED[309] END fitness=      -32.7160493827 accepted=2
TARGETED[17] START fitness=       -1.2345679012
TARGETED[17] END fitness=       -1.2345679012 accepted=0
TARGETED[353] START fitness=      -58.6419753086
TARGETED[353] iter=1 type=BOOLEAN_OPERATOR codonPos=65 codon=48->50 rule=0->2 fitness=      -58.6419753086->      -27.7777777778
TARGETED[353] iter=5 type=VARIABLE codonPos=101 codon=80->82 rule=5->7 fitness=      -27.7777777778->       -9.2592592593
TARGETED[353] iter=15 type=VARIABLE codonPos=62 codon=31->36 rule=1->6 fitness=       -9.2592592593->       -6.1728395062
TARGETED[353] iter=25 type=VARIABLE codonPos=42 codon=23->21 rule=8->6 fitness=       -6.1728395062->       -5.5555555556
TARGETED[353] iter=33 type=VARIABLE codonPos=112 codon=235->230 rule=10->5 fitness=       -5.5555555556->       -4.3209876543
TARGETED[353] END fitness=       -4.3209876543 accepted=5
TARGETED[223] START fitness=      -32.7160493827
TARGETED[223] iter=12 type=UNKNOWN codonPos=23 codon=173->172 rule=1->0 fitness=      -32.7160493827->       -6.7901234568
TARGETED[223] END fitness=       -6.7901234568 accepted=1
TARGETED[122] START fitness=      -16.6666666667
TARGETED[122] iter=5 type=UNKNOWN codonPos=155 codon=47->50 rule=7->0 fitness=      -16.6666666667->      -16.0493827160
TARGETED[122] iter=7 type=VARIABLE codonPos=101 codon=80->86 rule=5->11 fitness=      -16.0493827160->      -14.8148148148
TARGETED[122] iter=11 type=UNKNOWN codonPos=154 codon=178->180 rule=8->0 fitness=      -14.8148148148->       -8.6419753086
TARGETED[122] iter=17 type=BINARY_OPERATOR codonPos=123 codon=49->51 rule=1->3 fitness=       -8.6419753086->       -3.0864197531
TARGETED[122] END fitness=       -3.0864197531 accepted=4
TARGETED[330] START fitness=      -55.5555555556
TARGETED[330] iter=4 type=VARIABLE codonPos=6 codon=240->238 rule=0->13 fitness=      -55.5555555556->      -53.7037037037
TARGETED[330] iter=7 type=VARIABLE codonPos=105 codon=134->129 rule=14->9 fitness=      -53.7037037037->      -32.7160493827
TARGETED[330] END fitness=      -32.7160493827 accepted=2
TARGETED[452] START fitness=-100000000.0000000000
TARGETED[452] iter=3 type=VARIABLE codonPos=52 codon=166->164 rule=1->14 fitness=-100000000.0000000000->      -35.1851851852
TARGETED[452] iter=8 type=BOOLEAN_OPERATOR codonPos=58 codon=32->34 rule=0->2 fitness=      -35.1851851852->      -11.1111111111
TARGETED[452] iter=10 type=VARIABLE codonPos=101 codon=80->86 rule=5->11 fitness=      -11.1111111111->      -10.4938271605
TARGETED[452] iter=28 type=VARIABLE codonPos=53 codon=110->107 rule=5->2 fitness=      -10.4938271605->       -4.9382716049
TARGETED[452] END fitness=       -4.9382716049 accepted=4
TARGETED[240] START fitness=      -32.7160493827
TARGETED[240] iter=3 type=UNKNOWN codonPos=28 codon=71->70 rule=1->0 fitness=      -32.7160493827->      -10.4938271605
TARGETED[240] iter=14 type=UNKNOWN codonPos=29 codon=34->39 rule=4->9 fitness=      -10.4938271605->       -9.2592592593
TARGETED[240] iter=22 type=VARIABLE codonPos=42 codon=248->250 rule=8->10 fitness=       -9.2592592593->       -8.6419753086
TARGETED[240] iter=28 type=VARIABLE codonPos=47 codon=217->210 rule=7->0 fitness=       -8.6419753086->       -8.0246913580
TARGETED[240] iter=36 type=VARIABLE codonPos=45 codon=68->66 rule=8->6 fitness=       -8.0246913580->       -6.7901234568
TARGETED[240] END fitness=       -6.7901234568 accepted=5
TARGETED[284] START fitness=      -35.1851851852
TARGETED[284] iter=2 type=UNKNOWN codonPos=31 codon=5->4 rule=1->0 fitness=      -35.1851851852->       -9.2592592593
TARGETED[284] iter=12 type=VARIABLE codonPos=52 codon=181->186 rule=1->6 fitness=       -9.2592592593->       -6.1728395062
TARGETED[284] iter=13 type=UNKNOWN codonPos=29 codon=123->124 rule=3->4 fitness=       -6.1728395062->       -4.9382716049
TARGETED[284] iter=18 type=VARIABLE codonPos=115 codon=204->197 rule=9->2 fitness=       -4.9382716049->       -2.4691358025
TARGETED[284] END fitness=       -2.4691358025 accepted=4
TARGETED[381] START fitness=      -67.2839506173
TARGETED[381] iter=1 type=VARIABLE codonPos=2 codon=79->74 rule=4->14 fitness=      -67.2839506173->      -29.6296296296
TARGETED[381] iter=3 type=VARIABLE codonPos=108 codon=49->51 rule=4->6 fitness=      -29.6296296296->      -22.2222222222
TARGETED[381] iter=15 type=VARIABLE codonPos=112 codon=235->236 rule=10->11 fitness=      -22.2222222222->      -12.9629629630
TARGETED[381] iter=22 type=VARIABLE codonPos=101 codon=80->77 rule=5->2 fitness=      -12.9629629630->      -10.4938271605
TARGETED[381] iter=36 type=UNKNOWN codonPos=29 codon=123->124 rule=3->4 fitness=      -10.4938271605->       -8.0246913580
TARGETED[381] END fitness=       -8.0246913580 accepted=5
TEST REPORT=>
CLASS[  0 (  6)] FAIL=16.67% 
CLASS[  1 (  4)] FAIL=25.00% 
CLASS[  2 (  7)] FAIL= 0.00% 
GENERATION=  700 FITNESS=    -1.235% TEST_ERROR=     11.76%
PROGRAMS=
if(!(x7<(x1+sin((exp(((x13+sin((-5.49)))+(-44.81)))/(-9.94))))|x7<x9|x8<=cos((cos((-1.25))+x2)))) CLASS=0.00
else 
if(x6>=x10-x12|x7+x11>x3) CLASS=1.00
else 
CLASS=2.00
** CONFUSION MATRIX ** Number of classes: 3
   5    1    0 
   0    3    1 
   0    0    7 
TEST REPORT=>
CLASS[  0 (  6)] FAIL=16.67% 
CLASS[  1 (  4)] FAIL=25.00% 
CLASS[  2 (  7)] FAIL= 0.00% 
CLASS_ERROR:   11.7647058824 PRECISION:    0.8750000000 RECALL:    0.8611111111 F1SCORE:    0.8680000000
 50:1.2346  100:1.2346  150:1.2346  200:1.2346  250:1.2346  300:1.2346  350:1.2346  400:1.2346  450:1.2346  500:1.2346 TEST REPORT=>
CLASS[  0 (  6)] FAIL=16.67% 
CLASS[  1 (  4)] FAIL=25.00% 
CLASS[  2 (  7)] FAIL= 0.00% 
GENERATION=  701 FITNESS=    -1.235% TEST_ERROR=     11.76%
PROGRAMS=
if(!(x7<(x1+sin((exp(((x13+sin((-5.49)))+(-44.81)))/(-9.94))))|x7<x9|x8<=cos((cos((-1.25))+x2)))) CLASS=0.00
else 
if(x6>=x10-x12|x7+x11>x3) CLASS=1.00
else 
CLASS=2.00
** CONFUSION MATRIX ** Number of classes: 3
   5    1    0 
   0    3    1 
   0    0    7 
TEST REPORT=>
CLASS[  0 (  6)] FAIL=16.67% 
CLASS[  1 (  4)] FAIL=25.00% 
CLASS[  2 (  7)] FAIL= 0.00% 
CLASS_ERROR:   11.7647058824 PRECISION:    0.8750000000 RECALL:    0.8611111111 F1SCORE:    0.8680000000
 50:1.2346  100:1.2346  150:1.2346  200:1.2346  250:1.2346  300:1.2346  350:1.2346  400:1.2346  450:1.2346  500:1.2346 TEST REPORT=>
CLASS[  0 (  6)] FAIL=16.67% 
CLASS[  1 (  4)] FAIL=25.00% 
CLASS[  2 (  7)] FAIL= 0.00% 
GENERATION=  702 FITNESS=    -1.235% TEST_ERROR=     11.76%
PROGRAMS=
if(!(x7<(x1+sin((exp(((x13+sin((-5.49)))+(-44.81)))/(-9.94))))|x7<x9|x8<=cos((cos((-1.25))+x2)))) CLASS=0.00
else 
if(x6>=x10-x12|x7+x11>x3) CLASS=1.00
else 
CLASS=2.00
** CONFUSION MATRIX ** Number of classes: 3
   5    1    0 
   0    3    1 
   0    0    7 
TEST REPORT=>
CLASS[  0 (  6)] FAIL=16.67% 
CLASS[  1 (  4)] FAIL=25.00% 
CLASS[  2 (  7)] FAIL= 0.00% 
CLASS_ERROR:   11.7647058824 PRECISION:    0.8750000000 RECALL:    0.8611111111 F1SCORE:    0.8680000000
 50:1.2346  100:1.2346  150:1.2346  200:1.2346  250:1.2346  300:1.2346  350:1.2346  400:1.2346  450:1.2346  500:1.2346 TEST REPORT=>
CLASS[  0 (  6)] FAIL=16.67% 
CLASS[  1 (  4)] FAIL=25.00% 
CLASS[  2 (  7)] FAIL= 0.00% 
GENERATION=  703 FITNESS=    -1.235% TEST_ERROR=     11.76%
PROGRAMS=
if(!(x7<(x1+sin((exp(((x13+sin((-5.49)))+(-44.81)))/(-9.94))))|x7<x9|x8<=cos((cos((-1.25))+x2)))) CLASS=0.00
else 
if(x6>=x10-x12|x7+x11>x3) CLASS=1.00
else 
CLASS=2.00
** CONFUSION MATRIX ** Number of classes: 3
   5    1    0 
   0    3    1 
   0    0    7 
TEST REPORT=>
CLASS[  0 (  6)] FAIL=16.67% 
CLASS[  1 (  4)] FAIL=25.00% 
CLASS[  2 (  7)] FAIL= 0.00% 
CLASS_ERROR:   11.7647058824 PRECISION:    0.8750000000 RECALL:    0.8611111111 F1SCORE:    0.8680000000
 50:1.2346  100:1.2346  150:1.2346  200:1.2346  250:1.2346  300:1.2346  350:1.2346  400:1.2346  450:1.2346  500:1.2346 TEST REPORT=>
CLASS[  0 (  6)] FAIL=16.67% 
CLASS[  1 (  4)] FAIL=25.00% 
CLASS[  2 (  7)] FAIL= 0.00% 
GENERATION=  704 FITNESS=    -1.235% TEST_ERROR=     11.76%
PROGRAMS=
if(!(x7<(x1+sin((exp(((x13+sin((-5.49)))+(-44.81)))/(-9.94))))|x7<x9|x8<=cos((cos((-1.25))+x2)))) CLASS=0.00
else 
if(x6>=x10-x12|x7+x11>x3) CLASS=1.00
else 
CLASS=2.00
** CONFUSION MATRIX ** Number of classes: 3
   5    1    0 
   0    3    1 
   0    0    7 
TEST REPORT=>
CLASS[  0 (  6)] FAIL=16.67% 
CLASS[  1 (  4)] FAIL=25.00% 
CLASS[  2 (  7)] FAIL= 0.00% 
CLASS_ERROR:   11.7647058824 PRECISION:    0.8750000000 RECALL:    0.8611111111 F1SCORE:    0.8680000000
 50:1.2346  100:1.2346  150:1.2346  200:1.2346  250:1.2346  300:1.2346  350:1.2346  400:1.2346  450:1.2346  500:1.2346 TEST REPORT=>
CLASS[  0 (  6)] FAIL=16.67% 
CLASS[  1 (  4)] FAIL=25.00% 
CLASS[  2 (  7)] FAIL= 0.00% 
GENERATION=  705 FITNESS=    -1.235% TEST_ERROR=     11.76%
PROGRAMS=
if(!(x7<(x1+sin((exp(((x13+sin((-5.49)))+(-44.81)))/(-9.94))))|x7<x9|x8<=cos((cos((-1.25))+x2)))) CLASS=0.00
else 
if(x6>=x10-x12|x7+x11>x3) CLASS=1.00
else 
CLASS=2.00
** CONFUSION MATRIX ** Number of classes: 3
   5    1    0 
   0    3    1 
   0    0    7 
TEST REPORT=>
CLASS[  0 (  6)] FAIL=16.67% 
CLASS[  1 (  4)] FAIL=25.00% 
CLASS[  2 (  7)] FAIL= 0.00% 
CLASS_ERROR:   11.7647058824 PRECISION:    0.8750000000 RECALL:    0.8611111111 F1SCORE:    0.8680000000
 50:1.2346  100:1.2346  150:1.2346  200:1.2346  250:1.2346  300:1.2346  350:1.2346  400:1.2346  450:1.2346  500:1.2346 TEST REPORT=>
CLASS[  0 (  6)] FAIL=16.67% 
CLASS[  1 (  4)] FAIL=25.00% 
CLASS[  2 (  7)] FAIL= 0.00% 
GENERATION=  706 FITNESS=    -1.235% TEST_ERROR=     11.76%
PROGRAMS=
if(!(x7<(x1+sin((exp(((x13+sin((-5.49)))+(-44.81)))/(-9.94))))|x7<x9|x8<=cos((cos((-1.25))+x2)))) CLASS=0.00
else 
if(x6>=x10-x12|x7+x11>x3) CLASS=1.00
else 
CLASS=2.00
** CONFUSION MATRIX ** Number of classes: 3
   5    1    0 
   0    3    1 
   0    0    7 
TEST REPORT=>
CLASS[  0 (  6)] FAIL=16.67% 
CLASS[  1 (  4)] FAIL=25.00% 
CLASS[  2 (  7)] FAIL= 0.00% 
CLASS_ERROR:   11.7647058824 PRECISION:    0.8750000000 RECALL:    0.8611111111 F1SCORE:    0.8680000000
 50:1.2346  100:1.2346  150:1.2346  200:1.2346  250:1.2346  300:1.2346  350:1.2346  400:1.2346  450:1.2346  500:1.2346 TEST REPORT=>
CLASS[  0 (  6)] FAIL=16.67% 
CLASS[  1 (  4)] FAIL=25.00% 
CLASS[  2 (  7)] FAIL= 0.00% 
GENERATION=  707 FITNESS=    -1.235% TEST_ERROR=     11.76%
PROGRAMS=
if(!(x7<(x1+sin((exp(((x13+sin((-5.49)))+(-44.81)))/(-9.94))))|x7<x9|x8<=cos((cos((-1.25))+x2)))) CLASS=0.00
else 
if(x6>=x10-x12|x7+x11>x3) CLASS=1.00
else 
CLASS=2.00
** CONFUSION MATRIX ** Number of classes: 3
   5    1    0 
   0    3    1 
   0    0    7 
TEST REPORT=>
CLASS[  0 (  6)] FAIL=16.67% 
CLASS[  1 (  4)] FAIL=25.00% 
CLASS[  2 (  7)] FAIL= 0.00% 
CLASS_ERROR:   11.7647058824 PRECISION:    0.8750000000 RECALL:    0.8611111111 F1SCORE:    0.8680000000
 50:1.2346  100:1.2346  150:1.2346  200:1.2346  250:1.2346  300:1.2346  350:1.2346  400:1.2346  450:1.2346  500:1.2346 TEST REPORT=>
CLASS[  0 (  6)] FAIL=16.67% 
CLASS[  1 (  4)] FAIL=25.00% 
CLASS[  2 (  7)] FAIL= 0.00% 
GENERATION=  708 FITNESS=    -1.235% TEST_ERROR=     11.76%
PROGRAMS=
if(!(x7<(x1+sin((exp(((x13+sin((-5.49)))+(-44.81)))/(-9.94))))|x7<x9|x8<=cos((cos((-1.25))+x2)))) CLASS=0.00
else 
if(x6>=x10-x12|x7+x11>x3) CLASS=1.00
else 
CLASS=2.00
** CONFUSION MATRIX ** Number of classes: 3
   5    1    0 
   0    3    1 
   0    0    7 
TEST REPORT=>
CLASS[  0 (  6)] FAIL=16.67% 
CLASS[  1 (  4)] FAIL=25.00% 
CLASS[  2 (  7)] FAIL= 0.00% 
CLASS_ERROR:   11.7647058824 PRECISION:    0.8750000000 RECALL:    0.8611111111 F1SCORE:    0.8680000000
 50:1.2346  100:1.2346  150:1.2346  200:1.2346  250:1.2346  300:1.2346  350:1.2346  400:1.2346  450:1.2346  500:1.2346 TEST REPORT=>
CLASS[  0 (  6)] FAIL=16.67% 
CLASS[  1 (  4)] FAIL=25.00% 
CLASS[  2 (  7)] FAIL= 0.00% 
GENERATION=  709 FITNESS=    -1.235% TEST_ERROR=     11.76%
PROGRAMS=
if(!(x7<(x1+sin((exp(((x13+sin((-5.49)))+(-44.81)))/(-9.94))))|x7<x9|x8<=cos((cos((-1.25))+x2)))) CLASS=0.00
else 
if(x6>=x10-x12|x7+x11>x3) CLASS=1.00
else 
CLASS=2.00
** CONFUSION MATRIX ** Number of classes: 3
   5    1    0 
   0    3    1 
   0    0    7 
TEST REPORT=>
CLASS[  0 (  6)] FAIL=16.67% 
CLASS[  1 (  4)] FAIL=25.00% 
CLASS[  2 (  7)] FAIL= 0.00% 
CLASS_ERROR:   11.7647058824 PRECISION:    0.8750000000 RECALL:    0.8611111111 F1SCORE:    0.8680000000
 50:1.2346  100:1.2346  150:1.2346  200:1.2346  250:1.2346  300:1.2346  350:1.2346  400:1.2346  450:1.2346  500:1.2346 TEST REPORT=>
CLASS[  0 (  6)] FAIL=16.67% 
CLASS[  1 (  4)] FAIL=25.00% 
CLASS[  2 (  7)] FAIL= 0.00% 
GENERATION=  710 FITNESS=    -1.235% TEST_ERROR=     11.76%
PROGRAMS=
if(!(x7<(x1+sin((exp(((x13+sin((-5.49)))+(-44.81)))/(-9.94))))|x7<x9|x8<=cos((cos((-1.25))+x2)))) CLASS=0.00
else 
if(x6>=x10-x12|x7+x11>x3) CLASS=1.00
else 
CLASS=2.00
** CONFUSION MATRIX ** Number of classes: 3
   5    1    0 
   0    3    1 
   0    0    7 
TEST REPORT=>
CLASS[  0 (  6)] FAIL=16.67% 
CLASS[  1 (  4)] FAIL=25.00% 
CLASS[  2 (  7)] FAIL= 0.00% 
CLASS_ERROR:   11.7647058824 PRECISION:    0.8750000000 RECALL:    0.8611111111 F1SCORE:    0.8680000000
 50:1.2346  100:1.2346  150:1.2346  200:1.2346  250:1.2346  300:1.2346  350:1.2346  400:1.2346  450:1.2346  500:1.2346 TEST REPORT=>
CLASS[  0 (  6)] FAIL=16.67% 
CLASS[  1 (  4)] FAIL=25.00% 
CLASS[  2 (  7)] FAIL= 0.00% 
GENERATION=  711 FITNESS=    -1.235% TEST_ERROR=     11.76%
PROGRAMS=
if(!(x7<(x1+sin((exp(((x13+sin((-5.49)))+(-44.81)))/(-9.94))))|x7<x9|x8<=cos((cos((-1.25))+x2)))) CLASS=0.00
else 
if(x6>=x10-x12|x7+x11>x3) CLASS=1.00
else 
CLASS=2.00
** CONFUSION MATRIX ** Number of classes: 3
   5    1    0 
   0    3    1 
   0    0    7 
TEST REPORT=>
CLASS[  0 (  6)] FAIL=16.67% 
CLASS[  1 (  4)] FAIL=25.00% 
CLASS[  2 (  7)] FAIL= 0.00% 
CLASS_ERROR:   11.7647058824 PRECISION:    0.8750000000 RECALL:    0.8611111111 F1SCORE:    0.8680000000
 50:1.2346  100:1.2346  150:1.2346  200:1.2346  250:1.2346  300:1.2346  350:1.2346  400:1.2346  450:1.2346  500:1.2346 
TARGETED STAGNATION BURST generation=712 stagnation=20
TARGETED_BEST[0] START fitness=-1.2345679012
TARGETED_BEST[0] END fitness=-1.2345679012 accepted=0
TARGETED_BEST[1] START fitness=-1.2345679012
TARGETED_BEST[1] END fitness=-1.2345679012 accepted=0
TARGETED_BEST[2] START fitness=-1.2345679012
TARGETED_BEST[2] END fitness=-1.2345679012 accepted=0
TARGETED_BEST[3] START fitness=-1.2345679012
TARGETED_BEST[3] END fitness=-1.2345679012 accepted=0
TARGETED_BEST[4] START fitness=-1.2345679012
TARGETED_BEST[4] END fitness=-1.2345679012 accepted=0
TARGETED_BEST[5] START fitness=-1.2345679012
TARGETED_BEST[5] END fitness=-1.2345679012 accepted=0
TARGETED_BEST[6] START fitness=-1.2345679012
TARGETED_BEST[6] END fitness=-1.2345679012 accepted=0
TARGETED_BEST[7] START fitness=-1.2345679012
TARGETED_BEST[7] END fitness=-1.2345679012 accepted=0
TARGETED_BEST[8] START fitness=-1.2345679012
TARGETED_BEST[8] END fitness=-1.2345679012 accepted=0
TARGETED_BEST[9] START fitness=-1.2345679012
TARGETED_BEST[9] END fitness=-1.2345679012 accepted=0
TARGETED_BEST[10] START fitness=-1.2345679012
TARGETED_BEST[10] END fitness=-1.2345679012 accepted=0
TARGETED_BEST[11] START fitness=-1.2345679012
TARGETED_BEST[11] END fitness=-1.2345679012 accepted=0
TARGETED_BEST[12] START fitness=-1.2345679012
TARGETED_BEST[12] END fitness=-1.2345679012 accepted=0
TARGETED_BEST[13] START fitness=-1.2345679012
TARGETED_BEST[13] END fitness=-1.2345679012 accepted=0
TARGETED_BEST[14] START fitness=-1.2345679012
TARGETED_BEST[14] END fitness=-1.2345679012 accepted=0
TARGETED_BEST[15] START fitness=-1.2345679012
TARGETED_BEST[15] END fitness=-1.2345679012 accepted=0
TARGETED_BEST[16] START fitness=-1.2345679012
TARGETED_BEST[16] END fitness=-1.2345679012 accepted=0
TARGETED_BEST[17] START fitness=-1.2345679012
TARGETED_BEST[17] END fitness=-1.2345679012 accepted=0
TARGETED_BEST[18] START fitness=-1.2345679012
TARGETED_BEST[18] END fitness=-1.2345679012 accepted=0
TARGETED_BEST[19] START fitness=-1.2345679012
TARGETED_BEST[19] END fitness=-1.2345679012 accepted=0
TEST REPORT=>
CLASS[  0 (  6)] FAIL=16.67% 
CLASS[  1 (  4)] FAIL=25.00% 
CLASS[  2 (  7)] FAIL= 0.00% 
GENERATION=  712 FITNESS=    -1.235% TEST_ERROR=     11.76%
PROGRAMS=
if(!(x7<(x1+sin((exp(((x13+sin((-5.49)))+(-44.81)))/(-9.94))))|x7<x9|x8<=cos((cos((-1.25))+x2)))) CLASS=0.00
else 
if(x6>=x10-x12|x7+x11>x3) CLASS=1.00
else 
CLASS=2.00
** CONFUSION MATRIX ** Number of classes: 3
   5    1    0 
   0    3    1 
   0    0    7 
TEST REPORT=>
CLASS[  0 (  6)] FAIL=16.67% 
CLASS[  1 (  4)] FAIL=25.00% 
CLASS[  2 (  7)] FAIL= 0.00% 
CLASS_ERROR:   11.7647058824 PRECISION:    0.8750000000 RECALL:    0.8611111111 F1SCORE:    0.8680000000
 50:1.2346  100:1.2346  150:1.2346  200:1.2346  250:1.2346  300:1.2346  350:1.2346  400:1.2346  450:1.2346  500:1.2346 TEST REPORT=>
CLASS[  0 (  6)] FAIL=16.67% 
CLASS[  1 (  4)] FAIL=25.00% 
CLASS[  2 (  7)] FAIL= 0.00% 
GENERATION=  713 FITNESS=    -1.235% TEST_ERROR=     11.76%
PROGRAMS=
if(!(x7<(x1+sin((exp(((x13+sin((-5.49)))+(-44.81)))/(-9.94))))|x7<x9|x8<=cos((cos((-1.25))+x2)))) CLASS=0.00
else 
if(x6>=x10-x12|x7+x11>x3) CLASS=1.00
else 
CLASS=2.00
** CONFUSION MATRIX ** Number of classes: 3
   5    1    0 
   0    3    1 
   0    0    7 
TEST REPORT=>
CLASS[  0 (  6)] FAIL=16.67% 
CLASS[  1 (  4)] FAIL=25.00% 
CLASS[  2 (  7)] FAIL= 0.00% 
CLASS_ERROR:   11.7647058824 PRECISION:    0.8750000000 RECALL:    0.8611111111 F1SCORE:    0.8680000000
 50:1.2346  100:1.2346  150:1.2346  200:1.2346  250:1.2346  300:1.2346  350:1.2346  400:1.2346  450:1.2346  500:1.2346 TEST REPORT=>
CLASS[  0 (  6)] FAIL=16.67% 
CLASS[  1 (  4)] FAIL=25.00% 
CLASS[  2 (  7)] FAIL= 0.00% 
GENERATION=  714 FITNESS=    -1.235% TEST_ERROR=     11.76%
PROGRAMS=
if(!(x7<(x1+sin((exp(((x13+sin((-5.49)))+(-44.81)))/(-9.94))))|x7<x9|x8<=cos((cos((-1.25))+x2)))) CLASS=0.00
else 
if(x6>=x10-x12|x7+x11>x3) CLASS=1.00
else 
CLASS=2.00
** CONFUSION MATRIX ** Number of classes: 3
   5    1    0 
   0    3    1 
   0    0    7 
TEST REPORT=>
CLASS[  0 (  6)] FAIL=16.67% 
CLASS[  1 (  4)] FAIL=25.00% 
CLASS[  2 (  7)] FAIL= 0.00% 
CLASS_ERROR:   11.7647058824 PRECISION:    0.8750000000 RECALL:    0.8611111111 F1SCORE:    0.8680000000
 50:1.2346  100:1.2346  150:1.2346  200:1.2346  250:1.2346  300:1.2346  350:1.2346  400:1.2346  450:1.2346  500:1.2346 TEST REPORT=>
CLASS[  0 (  6)] FAIL=16.67% 
CLASS[  1 (  4)] FAIL=25.00% 
CLASS[  2 (  7)] FAIL= 0.00% 
GENERATION=  715 FITNESS=    -1.235% TEST_ERROR=     11.76%
PROGRAMS=
if(!(x7<(x1+sin((exp(((x13+sin((-5.49)))+(-44.81)))/(-9.94))))|x7<x9|x8<=cos((cos((-1.25))+x2)))) CLASS=0.00
else 
if(x6>=x10-x12|x7+x11>x3) CLASS=1.00
else 
CLASS=2.00
** CONFUSION MATRIX ** Number of classes: 3
   5    1    0 
   0    3    1 
   0    0    7 
TEST REPORT=>
CLASS[  0 (  6)] FAIL=16.67% 
CLASS[  1 (  4)] FAIL=25.00% 
CLASS[  2 (  7)] FAIL= 0.00% 
CLASS_ERROR:   11.7647058824 PRECISION:    0.8750000000 RECALL:    0.8611111111 F1SCORE:    0.8680000000
 50:1.2346  100:1.2346  150:1.2346  200:1.2346  250:1.2346  300:1.2346  350:1.2346  400:1.2346  450:1.2346  500:1.2346 TEST REPORT=>
CLASS[  0 (  6)] FAIL=16.67% 
CLASS[  1 (  4)] FAIL=25.00% 
CLASS[  2 (  7)] FAIL= 0.00% 
GENERATION=  716 FITNESS=    -1.235% TEST_ERROR=     11.76%
PROGRAMS=
if(!(x7<(x1+sin((exp(((x13+sin((-5.49)))+(-44.81)))/(-9.94))))|x7<x9|x8<=cos((cos((-1.25))+x2)))) CLASS=0.00
else 
if(x6>=x10-x12|x7+x11>x3) CLASS=1.00
else 
CLASS=2.00
** CONFUSION MATRIX ** Number of classes: 3
   5    1    0 
   0    3    1 
   0    0    7 
TEST REPORT=>
CLASS[  0 (  6)] FAIL=16.67% 
CLASS[  1 (  4)] FAIL=25.00% 
CLASS[  2 (  7)] FAIL= 0.00% 
CLASS_ERROR:   11.7647058824 PRECISION:    0.8750000000 RECALL:    0.8611111111 F1SCORE:    0.8680000000
 50:1.2346  100:1.2346  150:1.2346  200:1.2346  250:1.2346  300:1.2346  350:1.2346  400:1.2346  450:1.2346  500:1.2346 TEST REPORT=>
CLASS[  0 (  6)] FAIL=16.67% 
CLASS[  1 (  4)] FAIL=25.00% 
CLASS[  2 (  7)] FAIL= 0.00% 
GENERATION=  717 FITNESS=    -1.235% TEST_ERROR=     11.76%
PROGRAMS=
if(!(x7<(x1+sin((exp(((x13+sin((-5.49)))+(-44.81)))/(-9.94))))|x7<x9|x8<=cos((cos((-1.25))+x2)))) CLASS=0.00
else 
if(x6>=x10-x12|x7+x11>x3) CLASS=1.00
else 
CLASS=2.00
** CONFUSION MATRIX ** Number of classes: 3
   5    1    0 
   0    3    1 
   0    0    7 
TEST REPORT=>
CLASS[  0 (  6)] FAIL=16.67% 
CLASS[  1 (  4)] FAIL=25.00% 
CLASS[  2 (  7)] FAIL= 0.00% 
CLASS_ERROR:   11.7647058824 PRECISION:    0.8750000000 RECALL:    0.8611111111 F1SCORE:    0.8680000000
 50:1.2346  100:1.2346  150:1.2346  200:1.2346  250:1.2346  300:1.2346  350:1.2346  400:1.2346  450:1.2346  500:1.2346 TEST REPORT=>
CLASS[  0 (  6)] FAIL=16.67% 
CLASS[  1 (  4)] FAIL=25.00% 
CLASS[  2 (  7)] FAIL= 0.00% 
GENERATION=  718 FITNESS=    -1.235% TEST_ERROR=     11.76%
PROGRAMS=
if(!(x7<(x1+sin((exp(((x13+sin((-5.49)))+(-44.81)))/(-9.94))))|x7<x9|x8<=cos((cos((-1.25))+x2)))) CLASS=0.00
else 
if(x6>=x10-x12|x7+x11>x3) CLASS=1.00
else 
CLASS=2.00
** CONFUSION MATRIX ** Number of classes: 3
   5    1    0 
   0    3    1 
   0    0    7 
TEST REPORT=>
CLASS[  0 (  6)] FAIL=16.67% 
CLASS[  1 (  4)] FAIL=25.00% 
CLASS[  2 (  7)] FAIL= 0.00% 
CLASS_ERROR:   11.7647058824 PRECISION:    0.8750000000 RECALL:    0.8611111111 F1SCORE:    0.8680000000
 50:1.2346  100:1.2346  150:1.2346  200:1.2346  250:1.2346  300:1.2346  350:1.2346  400:1.2346  450:1.2346  500:1.2346 TEST REPORT=>
CLASS[  0 (  6)] FAIL=16.67% 
CLASS[  1 (  4)] FAIL=25.00% 
CLASS[  2 (  7)] FAIL= 0.00% 
GENERATION=  719 FITNESS=    -1.235% TEST_ERROR=     11.76%
PROGRAMS=
if(!(x7<(x1+sin((exp(((x13+sin((-5.49)))+(-44.81)))/(-9.94))))|x7<x9|x8<=cos((cos((-1.25))+x2)))) CLASS=0.00
else 
if(x6>=x10-x12|x7+x11>x3) CLASS=1.00
else 
CLASS=2.00
** CONFUSION MATRIX ** Number of classes: 3
   5    1    0 
   0    3    1 
   0    0    7 
TEST REPORT=>
CLASS[  0 (  6)] FAIL=16.67% 
CLASS[  1 (  4)] FAIL=25.00% 
CLASS[  2 (  7)] FAIL= 0.00% 
CLASS_ERROR:   11.7647058824 PRECISION:    0.8750000000 RECALL:    0.8611111111 F1SCORE:    0.8680000000
 50:1.2346  100:1.2346  150:1.2346  200:1.2346  250:1.2346  300:1.2346  350:1.2346  400:1.2346  450:1.2346  500:1.2346 TEST REPORT=>
CLASS[  0 (  6)] FAIL=16.67% 
CLASS[  1 (  4)] FAIL=25.00% 
CLASS[  2 (  7)] FAIL= 0.00% 
GENERATION=  720 FITNESS=    -1.235% TEST_ERROR=     11.76%
PROGRAMS=
if(!(x7<(x1+sin((exp(((x13+sin((-5.49)))+(-44.81)))/(-9.94))))|x7<x9|x8<=cos((cos((-1.25))+x2)))) CLASS=0.00
else 
if(x6>=x10-x12|x7+x11>x3) CLASS=1.00
else 
CLASS=2.00
** CONFUSION MATRIX ** Number of classes: 3
   5    1    0 
   0    3    1 
   0    0    7 
TEST REPORT=>
CLASS[  0 (  6)] FAIL=16.67% 
CLASS[  1 (  4)] FAIL=25.00% 
CLASS[  2 (  7)] FAIL= 0.00% 
CLASS_ERROR:   11.7647058824 PRECISION:    0.8750000000 RECALL:    0.8611111111 F1SCORE:    0.8680000000
 50:1.2346  100:1.2346  150:1.2346  200:1.2346  250:1.2346  300:1.2346  350:1.2346  400:1.2346  450:1.2346  500:1.2346 TEST REPORT=>
CLASS[  0 (  6)] FAIL=16.67% 
CLASS[  1 (  4)] FAIL=25.00% 
CLASS[  2 (  7)] FAIL= 0.00% 
GENERATION=  721 FITNESS=    -1.235% TEST_ERROR=     11.76%
PROGRAMS=
if(!(x7<(x1+sin((exp(((x13+sin((-5.49)))+(-44.81)))/(-9.94))))|x7<x9|x8<=cos((cos((-1.25))+x2)))) CLASS=0.00
else 
if(x6>=x10-x12|x7+x11>x3) CLASS=1.00
else 
CLASS=2.00
** CONFUSION MATRIX ** Number of classes: 3
   5    1    0 
   0    3    1 
   0    0    7 
TEST REPORT=>
CLASS[  0 (  6)] FAIL=16.67% 
CLASS[  1 (  4)] FAIL=25.00% 
CLASS[  2 (  7)] FAIL= 0.00% 
CLASS_ERROR:   11.7647058824 PRECISION:    0.8750000000 RECALL:    0.8611111111 F1SCORE:    0.8680000000
 50:1.2346  100:1.2346  150:1.2346  200:1.2346  250:1.2346  300:1.2346  350:1.2346  400:1.2346  450:1.2346  500:1.2346 TEST REPORT=>
CLASS[  0 (  6)] FAIL=16.67% 
CLASS[  1 (  4)] FAIL=25.00% 
CLASS[  2 (  7)] FAIL= 0.00% 
GENERATION=  722 FITNESS=    -1.235% TEST_ERROR=     11.76%
PROGRAMS=
if(!(x7<(x1+sin((exp(((x13+sin((-5.49)))+(-44.81)))/(-9.94))))|x7<x9|x8<=cos((cos((-1.25))+x2)))) CLASS=0.00
else 
if(x6>=x10-x12|x7+x11>x3) CLASS=1.00
else 
CLASS=2.00
** CONFUSION MATRIX ** Number of classes: 3
   5    1    0 
   0    3    1 
   0    0    7 
TEST REPORT=>
CLASS[  0 (  6)] FAIL=16.67% 
CLASS[  1 (  4)] FAIL=25.00% 
CLASS[  2 (  7)] FAIL= 0.00% 
CLASS_ERROR:   11.7647058824 PRECISION:    0.8750000000 RECALL:    0.8611111111 F1SCORE:    0.8680000000
 50:1.2346  100:1.2346  150:1.2346  200:1.2346  250:1.2346  300:1.2346  350:1.2346  400:1.2346  450:1.2346  500:1.2346 TEST REPORT=>
CLASS[  0 (  6)] FAIL=16.67% 
CLASS[  1 (  4)] FAIL=25.00% 
CLASS[  2 (  7)] FAIL= 0.00% 
GENERATION=  723 FITNESS=    -1.235% TEST_ERROR=     11.76%
PROGRAMS=
if(!(x7<(x1+sin((exp(((x13+sin((-5.49)))+(-44.81)))/(-9.94))))|x7<x9|x8<=cos((cos((-1.25))+x2)))) CLASS=0.00
else 
if(x6>=x10-x12|x7+x11>x3) CLASS=1.00
else 
CLASS=2.00
** CONFUSION MATRIX ** Number of classes: 3
   5    1    0 
   0    3    1 
   0    0    7 
TEST REPORT=>
CLASS[  0 (  6)] FAIL=16.67% 
CLASS[  1 (  4)] FAIL=25.00% 
CLASS[  2 (  7)] FAIL= 0.00% 
CLASS_ERROR:   11.7647058824 PRECISION:    0.8750000000 RECALL:    0.8611111111 F1SCORE:    0.8680000000
 50:1.2346  100:1.2346  150:1.2346  200:1.2346  250:1.2346  300:1.2346  350:1.2346  400:1.2346  450:1.2346  500:1.2346 TEST REPORT=>
CLASS[  0 (  6)] FAIL=16.67% 
CLASS[  1 (  4)] FAIL=25.00% 
CLASS[  2 (  7)] FAIL= 0.00% 
GENERATION=  724 FITNESS=    -1.235% TEST_ERROR=     11.76%
PROGRAMS=
if(!(x7<(x1+sin((exp(((x13+sin((-5.49)))+(-44.81)))/(-9.94))))|x7<x9|x8<=cos((cos((-1.25))+x2)))) CLASS=0.00
else 
if(x6>=x10-x12|x7+x11>x3) CLASS=1.00
else 
CLASS=2.00
** CONFUSION MATRIX ** Number of classes: 3
   5    1    0 
   0    3    1 
   0    0    7 
TEST REPORT=>
CLASS[  0 (  6)] FAIL=16.67% 
CLASS[  1 (  4)] FAIL=25.00% 
CLASS[  2 (  7)] FAIL= 0.00% 
CLASS_ERROR:   11.7647058824 PRECISION:    0.8750000000 RECALL:    0.8611111111 F1SCORE:    0.8680000000
 50:1.2346  100:1.2346  150:1.2346  200:1.2346  250:1.2346  300:1.2346  350:1.2346  400:1.2346  450:1.2346  500:1.2346 TEST REPORT=>
CLASS[  0 (  6)] FAIL=16.67% 
CLASS[  1 (  4)] FAIL=25.00% 
CLASS[  2 (  7)] FAIL= 0.00% 
GENERATION=  725 FITNESS=    -1.235% TEST_ERROR=     11.76%
PROGRAMS=
if(!(x7<(x1+sin((exp(((x13+sin((-5.49)))+(-44.81)))/(-9.94))))|x7<x9|x8<=cos((cos((-1.25))+x2)))) CLASS=0.00
else 
if(x6>=x10-x12|x7+x11>x3) CLASS=1.00
else 
CLASS=2.00
** CONFUSION MATRIX ** Number of classes: 3
   5    1    0 
   0    3    1 
   0    0    7 
TEST REPORT=>
CLASS[  0 (  6)] FAIL=16.67% 
CLASS[  1 (  4)] FAIL=25.00% 
CLASS[  2 (  7)] FAIL= 0.00% 
CLASS_ERROR:   11.7647058824 PRECISION:    0.8750000000 RECALL:    0.8611111111 F1SCORE:    0.8680000000
 50:1.2346  100:1.2346  150:1.2346  200:1.2346  250:1.2346  300:1.2346  350:1.2346  400:1.2346  450:1.2346  500:1.2346 TEST REPORT=>
CLASS[  0 (  6)] FAIL=16.67% 
CLASS[  1 (  4)] FAIL=25.00% 
CLASS[  2 (  7)] FAIL= 0.00% 
GENERATION=  726 FITNESS=    -1.235% TEST_ERROR=     11.76%
PROGRAMS=
if(!(x7<(x1+sin((exp(((x13+sin((-5.49)))+(-44.81)))/(-9.94))))|x7<x9|x8<=cos((cos((-1.25))+x2)))) CLASS=0.00
else 
if(x6>=x10-x12|x7+x11>x3) CLASS=1.00
else 
CLASS=2.00
** CONFUSION MATRIX ** Number of classes: 3
   5    1    0 
   0    3    1 
   0    0    7 
TEST REPORT=>
CLASS[  0 (  6)] FAIL=16.67% 
CLASS[  1 (  4)] FAIL=25.00% 
CLASS[  2 (  7)] FAIL= 0.00% 
CLASS_ERROR:   11.7647058824 PRECISION:    0.8750000000 RECALL:    0.8611111111 F1SCORE:    0.8680000000
 50:1.2346  100:1.2346  150:1.2346  200:1.2346  250:1.2346  300:1.2346  350:1.2346  400:1.2346  450:1.2346  500:1.2346 TEST REPORT=>
CLASS[  0 (  6)] FAIL=16.67% 
CLASS[  1 (  4)] FAIL=25.00% 
CLASS[  2 (  7)] FAIL= 0.00% 
GENERATION=  727 FITNESS=    -1.235% TEST_ERROR=     11.76%
PROGRAMS=
if(!(x7<(x1+sin((exp(((x13+sin((-5.49)))+(-44.81)))/(-9.94))))|x7<x9|x8<=cos((cos((-1.25))+x2)))) CLASS=0.00
else 
if(x6>=x10-x12|x7+x11>x3) CLASS=1.00
else 
CLASS=2.00
** CONFUSION MATRIX ** Number of classes: 3
   5    1    0 
   0    3    1 
   0    0    7 
TEST REPORT=>
CLASS[  0 (  6)] FAIL=16.67% 
CLASS[  1 (  4)] FAIL=25.00% 
CLASS[  2 (  7)] FAIL= 0.00% 
CLASS_ERROR:   11.7647058824 PRECISION:    0.8750000000 RECALL:    0.8611111111 F1SCORE:    0.8680000000
 50:1.2346  100:1.2346  150:1.2346  200:1.2346  250:1.2346  300:1.2346  350:1.2346  400:1.2346  450:1.2346  500:1.2346 TEST REPORT=>
CLASS[  0 (  6)] FAIL=16.67% 
CLASS[  1 (  4)] FAIL=25.00% 
CLASS[  2 (  7)] FAIL= 0.00% 
GENERATION=  728 FITNESS=    -1.235% TEST_ERROR=     11.76%
PROGRAMS=
if(!(x7<(x1+sin((exp(((x13+sin((-5.49)))+(-44.81)))/(-9.94))))|x7<x9|x8<=cos((cos((-1.25))+x2)))) CLASS=0.00
else 
if(x6>=x10-x12|x7+x11>x3) CLASS=1.00
else 
CLASS=2.00
** CONFUSION MATRIX ** Number of classes: 3
   5    1    0 
   0    3    1 
   0    0    7 
TEST REPORT=>
CLASS[  0 (  6)] FAIL=16.67% 
CLASS[  1 (  4)] FAIL=25.00% 
CLASS[  2 (  7)] FAIL= 0.00% 
CLASS_ERROR:   11.7647058824 PRECISION:    0.8750000000 RECALL:    0.8611111111 F1SCORE:    0.8680000000
 50:1.2346  100:1.2346  150:1.2346  200:1.2346  250:1.2346  300:1.2346  350:1.2346  400:1.2346  450:1.2346  500:1.2346 TEST REPORT=>
CLASS[  0 (  6)] FAIL=16.67% 
CLASS[  1 (  4)] FAIL=25.00% 
CLASS[  2 (  7)] FAIL= 0.00% 
GENERATION=  729 FITNESS=    -1.235% TEST_ERROR=     11.76%
PROGRAMS=
if(!(x7<(x1+sin((exp(((x13+sin((-5.49)))+(-44.81)))/(-9.94))))|x7<x9|x8<=cos((cos((-1.25))+x2)))) CLASS=0.00
else 
if(x6>=x10-x12|x7+x11>x3) CLASS=1.00
else 
CLASS=2.00
** CONFUSION MATRIX ** Number of classes: 3
   5    1    0 
   0    3    1 
   0    0    7 
TEST REPORT=>
CLASS[  0 (  6)] FAIL=16.67% 
CLASS[  1 (  4)] FAIL=25.00% 
CLASS[  2 (  7)] FAIL= 0.00% 
CLASS_ERROR:   11.7647058824 PRECISION:    0.8750000000 RECALL:    0.8611111111 F1SCORE:    0.8680000000
 50:1.2346  100:1.2346  150:1.2346  200:1.2346  250:1.2346  300:1.2346  350:1.2346  400:1.2346  450:1.2346  500:1.2346 TEST REPORT=>
CLASS[  0 (  6)] FAIL=16.67% 
CLASS[  1 (  4)] FAIL=25.00% 
CLASS[  2 (  7)] FAIL= 0.00% 
GENERATION=  730 FITNESS=    -1.235% TEST_ERROR=     11.76%
PROGRAMS=
if(!(x7<(x1+sin((exp(((x13+sin((-5.49)))+(-44.81)))/(-9.94))))|x7<x9|x8<=cos((cos((-1.25))+x2)))) CLASS=0.00
else 
if(x6>=x10-x12|x7+x11>x3) CLASS=1.00
else 
CLASS=2.00
** CONFUSION MATRIX ** Number of classes: 3
   5    1    0 
   0    3    1 
   0    0    7 
TEST REPORT=>
CLASS[  0 (  6)] FAIL=16.67% 
CLASS[  1 (  4)] FAIL=25.00% 
CLASS[  2 (  7)] FAIL= 0.00% 
CLASS_ERROR:   11.7647058824 PRECISION:    0.8750000000 RECALL:    0.8611111111 F1SCORE:    0.8680000000
 50:1.2346  100:1.2346  150:1.2346  200:1.2346  250:1.2346  300:1.2346  350:1.2346  400:1.2346  450:1.2346  500:1.2346 TEST REPORT=>
CLASS[  0 (  6)] FAIL=16.67% 
CLASS[  1 (  4)] FAIL=25.00% 
CLASS[  2 (  7)] FAIL= 0.00% 
GENERATION=  731 FITNESS=    -1.235% TEST_ERROR=     11.76%
PROGRAMS=
if(!(x7<(x1+sin((exp(((x13+sin((-5.49)))+(-44.81)))/(-9.94))))|x7<x9|x8<=cos((cos((-1.25))+x2)))) CLASS=0.00
else 
if(x6>=x10-x12|x7+x11>x3) CLASS=1.00
else 
CLASS=2.00
** CONFUSION MATRIX ** Number of classes: 3
   5    1    0 
   0    3    1 
   0    0    7 
TEST REPORT=>
CLASS[  0 (  6)] FAIL=16.67% 
CLASS[  1 (  4)] FAIL=25.00% 
CLASS[  2 (  7)] FAIL= 0.00% 
CLASS_ERROR:   11.7647058824 PRECISION:    0.8750000000 RECALL:    0.8611111111 F1SCORE:    0.8680000000
 50:1.2346  100:1.2346  150:1.2346  200:1.2346  250:1.2346  300:1.2346  350:1.2346  400:1.2346  450:1.2346  500:1.2346 
TARGETED STAGNATION BURST generation=732 stagnation=20
TARGETED_BEST[0] START fitness=-1.2345679012
TARGETED_BEST[0] END fitness=-1.2345679012 accepted=0
TARGETED_BEST[1] START fitness=-1.2345679012
TARGETED_BEST[1] END fitness=-1.2345679012 accepted=0
TARGETED_BEST[2] START fitness=-1.2345679012
TARGETED_BEST[2] END fitness=-1.2345679012 accepted=0
TARGETED_BEST[3] START fitness=-1.2345679012
TARGETED_BEST[3] END fitness=-1.2345679012 accepted=0
TARGETED_BEST[4] START fitness=-1.2345679012
TARGETED_BEST[4] END fitness=-1.2345679012 accepted=0
TARGETED_BEST[5] START fitness=-1.2345679012
TARGETED_BEST[5] END fitness=-1.2345679012 accepted=0
TARGETED_BEST[6] START fitness=-1.2345679012
TARGETED_BEST[6] END fitness=-1.2345679012 accepted=0
TARGETED_BEST[7] START fitness=-1.2345679012
TARGETED_BEST[7] END fitness=-1.2345679012 accepted=0
TARGETED_BEST[8] START fitness=-1.2345679012
TARGETED_BEST[8] END fitness=-1.2345679012 accepted=0
TARGETED_BEST[9] START fitness=-1.2345679012
TARGETED_BEST[9] END fitness=-1.2345679012 accepted=0
TARGETED_BEST[10] START fitness=-1.2345679012
TARGETED_BEST[10] END fitness=-1.2345679012 accepted=0
TARGETED_BEST[11] START fitness=-1.2345679012
TARGETED_BEST[11] END fitness=-1.2345679012 accepted=0
TARGETED_BEST[12] START fitness=-1.2345679012
TARGETED_BEST[12] END fitness=-1.2345679012 accepted=0
TARGETED_BEST[13] START fitness=-1.2345679012
TARGETED_BEST[13] END fitness=-1.2345679012 accepted=0
TARGETED_BEST[14] START fitness=-1.2345679012
TARGETED_BEST[14] END fitness=-1.2345679012 accepted=0
TARGETED_BEST[15] START fitness=-1.2345679012
TARGETED_BEST[15] END fitness=-1.2345679012 accepted=0
TARGETED_BEST[16] START fitness=-1.2345679012
TARGETED_BEST[16] END fitness=-1.2345679012 accepted=0
TARGETED_BEST[17] START fitness=-1.2345679012
TARGETED_BEST[17] END fitness=-1.2345679012 accepted=0
TARGETED_BEST[18] START fitness=-1.2345679012
TARGETED_BEST[18] END fitness=-1.2345679012 accepted=0
TARGETED_BEST[19] START fitness=-1.2345679012
TARGETED_BEST[19] END fitness=-1.2345679012 accepted=0
TEST REPORT=>
CLASS[  0 (  6)] FAIL=16.67% 
CLASS[  1 (  4)] FAIL=25.00% 
CLASS[  2 (  7)] FAIL= 0.00% 
GENERATION=  732 FITNESS=    -1.235% TEST_ERROR=     11.76%
PROGRAMS=
if(!(x7<(x1+sin((exp(((x13+sin((-5.49)))+(-44.81)))/(-9.94))))|x7<x9|x8<=cos((cos((-1.25))+x2)))) CLASS=0.00
else 
if(x6>=x10-x12|x7+x11>x3) CLASS=1.00
else 
CLASS=2.00
** CONFUSION MATRIX ** Number of classes: 3
   5    1    0 
   0    3    1 
   0    0    7 
TEST REPORT=>
CLASS[  0 (  6)] FAIL=16.67% 
CLASS[  1 (  4)] FAIL=25.00% 
CLASS[  2 (  7)] FAIL= 0.00% 
CLASS_ERROR:   11.7647058824 PRECISION:    0.8750000000 RECALL:    0.8611111111 F1SCORE:    0.8680000000
 50:1.2346  100:1.2346  150:1.2346  200:1.2346  250:1.2346  300:1.2346  350:1.2346  400:1.2346  450:1.2346  500:1.2346 TEST REPORT=>
CLASS[  0 (  6)] FAIL=16.67% 
CLASS[  1 (  4)] FAIL=25.00% 
CLASS[  2 (  7)] FAIL= 0.00% 
GENERATION=  733 FITNESS=    -1.235% TEST_ERROR=     11.76%
PROGRAMS=
if(!(x7<(x1+sin((exp(((x13+sin((-5.49)))+(-44.81)))/(-9.94))))|x7<x9|x8<=cos((cos((-1.25))+x2)))) CLASS=0.00
else 
if(x6>=x10-x12|x7+x11>x3) CLASS=1.00
else 
CLASS=2.00
** CONFUSION MATRIX ** Number of classes: 3
   5    1    0 
   0    3    1 
   0    0    7 
TEST REPORT=>
CLASS[  0 (  6)] FAIL=16.67% 
CLASS[  1 (  4)] FAIL=25.00% 
CLASS[  2 (  7)] FAIL= 0.00% 
CLASS_ERROR:   11.7647058824 PRECISION:    0.8750000000 RECALL:    0.8611111111 F1SCORE:    0.8680000000
 50:1.2346  100:1.2346  150:1.2346  200:1.2346  250:1.2346  300:1.2346  350:1.2346  400:1.2346  450:1.2346  500:1.2346 TEST REPORT=>
CLASS[  0 (  6)] FAIL=16.67% 
CLASS[  1 (  4)] FAIL=25.00% 
CLASS[  2 (  7)] FAIL= 0.00% 
GENERATION=  734 FITNESS=    -1.235% TEST_ERROR=     11.76%
PROGRAMS=
if(!(x7<(x1+sin((exp(((x13+sin((-5.49)))+(-44.81)))/(-9.94))))|x7<x9|x8<=cos((cos((-1.25))+x2)))) CLASS=0.00
else 
if(x6>=x10-x12|x7+x11>x3) CLASS=1.00
else 
CLASS=2.00
** CONFUSION MATRIX ** Number of classes: 3
   5    1    0 
   0    3    1 
   0    0    7 
TEST REPORT=>
CLASS[  0 (  6)] FAIL=16.67% 
CLASS[  1 (  4)] FAIL=25.00% 
CLASS[  2 (  7)] FAIL= 0.00% 
CLASS_ERROR:   11.7647058824 PRECISION:    0.8750000000 RECALL:    0.8611111111 F1SCORE:    0.8680000000
 50:1.2346  100:1.2346  150:1.2346  200:1.2346  250:1.2346  300:1.2346  350:1.2346  400:1.2346  450:1.2346  500:1.2346 TEST REPORT=>
CLASS[  0 (  6)] FAIL=16.67% 
CLASS[  1 (  4)] FAIL=25.00% 
CLASS[  2 (  7)] FAIL= 0.00% 
GENERATION=  735 FITNESS=    -1.235% TEST_ERROR=     11.76%
PROGRAMS=
if(!(x7<(x1+sin((exp(((x13+sin((-5.49)))+(-44.81)))/(-9.94))))|x7<x9|x8<=cos((cos((-1.25))+x2)))) CLASS=0.00
else 
if(x6>=x10-x12|x7+x11>x3) CLASS=1.00
else 
CLASS=2.00
** CONFUSION MATRIX ** Number of classes: 3
   5    1    0 
   0    3    1 
   0    0    7 
TEST REPORT=>
CLASS[  0 (  6)] FAIL=16.67% 
CLASS[  1 (  4)] FAIL=25.00% 
CLASS[  2 (  7)] FAIL= 0.00% 
CLASS_ERROR:   11.7647058824 PRECISION:    0.8750000000 RECALL:    0.8611111111 F1SCORE:    0.8680000000
 50:1.2346  100:1.2346  150:1.2346  200:1.2346  250:1.2346  300:1.2346  350:1.2346  400:1.2346  450:1.2346  500:1.2346 TEST REPORT=>
CLASS[  0 (  6)] FAIL=16.67% 
CLASS[  1 (  4)] FAIL=25.00% 
CLASS[  2 (  7)] FAIL= 0.00% 
GENERATION=  736 FITNESS=    -1.235% TEST_ERROR=     11.76%
PROGRAMS=
if(!(x7<(x1+sin((exp(((x13+sin((-5.49)))+(-44.81)))/(-9.94))))|x7<x9|x8<=cos((cos((-1.25))+x2)))) CLASS=0.00
else 
if(x6>=x10-x12|x7+x11>x3) CLASS=1.00
else 
CLASS=2.00
** CONFUSION MATRIX ** Number of classes: 3
   5    1    0 
   0    3    1 
   0    0    7 
TEST REPORT=>
CLASS[  0 (  6)] FAIL=16.67% 
CLASS[  1 (  4)] FAIL=25.00% 
CLASS[  2 (  7)] FAIL= 0.00% 
CLASS_ERROR:   11.7647058824 PRECISION:    0.8750000000 RECALL:    0.8611111111 F1SCORE:    0.8680000000
 50:1.2346  100:1.2346  150:1.2346  200:1.2346  250:1.2346  300:1.2346  350:1.2346  400:1.2346  450:1.2346  500:1.2346 TEST REPORT=>
CLASS[  0 (  6)] FAIL=16.67% 
CLASS[  1 (  4)] FAIL=25.00% 
CLASS[  2 (  7)] FAIL= 0.00% 
GENERATION=  737 FITNESS=    -1.235% TEST_ERROR=     11.76%
PROGRAMS=
if(!(x7<(x1+sin((exp(((x13+sin((-5.49)))+(-44.81)))/(-9.94))))|x7<x9|x8<=cos((cos((-1.25))+x2)))) CLASS=0.00
else 
if(x6>=x10-x12|x7+x11>x3) CLASS=1.00
else 
CLASS=2.00
** CONFUSION MATRIX ** Number of classes: 3
   5    1    0 
   0    3    1 
   0    0    7 
TEST REPORT=>
CLASS[  0 (  6)] FAIL=16.67% 
CLASS[  1 (  4)] FAIL=25.00% 
CLASS[  2 (  7)] FAIL= 0.00% 
CLASS_ERROR:   11.7647058824 PRECISION:    0.8750000000 RECALL:    0.8611111111 F1SCORE:    0.8680000000
 50:1.2346  100:1.2346  150:1.2346  200:1.2346  250:1.2346  300:1.2346  350:1.2346  400:1.2346  450:1.2346  500:1.2346 TEST REPORT=>
CLASS[  0 (  6)] FAIL=16.67% 
CLASS[  1 (  4)] FAIL=25.00% 
CLASS[  2 (  7)] FAIL= 0.00% 
GENERATION=  738 FITNESS=    -1.235% TEST_ERROR=     11.76%
PROGRAMS=
if(!(x7<(x1+sin((exp(((x13+sin((-5.49)))+(-44.81)))/(-9.94))))|x7<x9|x8<=cos((cos((-1.25))+x2)))) CLASS=0.00
else 
if(x6>=x10-x12|x7+x11>x3) CLASS=1.00
else 
CLASS=2.00
** CONFUSION MATRIX ** Number of classes: 3
   5    1    0 
   0    3    1 
   0    0    7 
TEST REPORT=>
CLASS[  0 (  6)] FAIL=16.67% 
CLASS[  1 (  4)] FAIL=25.00% 
CLASS[  2 (  7)] FAIL= 0.00% 
CLASS_ERROR:   11.7647058824 PRECISION:    0.8750000000 RECALL:    0.8611111111 F1SCORE:    0.8680000000
 50:1.2346  100:1.2346  150:1.2346  200:1.2346  250:1.2346  300:1.2346  350:1.2346  400:1.2346  450:1.2346  500:1.2346 TEST REPORT=>
CLASS[  0 (  6)] FAIL=16.67% 
CLASS[  1 (  4)] FAIL=25.00% 
CLASS[  2 (  7)] FAIL= 0.00% 
GENERATION=  739 FITNESS=    -1.235% TEST_ERROR=     11.76%
PROGRAMS=
if(!(x7<(x1+sin((exp(((x13+sin((-5.49)))+(-44.81)))/(-9.94))))|x7<x9|x8<=cos((cos((-1.25))+x2)))) CLASS=0.00
else 
if(x6>=x10-x12|x7+x11>x3) CLASS=1.00
else 
CLASS=2.00
** CONFUSION MATRIX ** Number of classes: 3
   5    1    0 
   0    3    1 
   0    0    7 
TEST REPORT=>
CLASS[  0 (  6)] FAIL=16.67% 
CLASS[  1 (  4)] FAIL=25.00% 
CLASS[  2 (  7)] FAIL= 0.00% 
CLASS_ERROR:   11.7647058824 PRECISION:    0.8750000000 RECALL:    0.8611111111 F1SCORE:    0.8680000000
 50:1.2346  100:1.2346  150:1.2346  200:1.2346  250:1.2346  300:1.2346  350:1.2346  400:1.2346  450:1.2346  500:1.2346 TEST REPORT=>
CLASS[  0 (  6)] FAIL=16.67% 
CLASS[  1 (  4)] FAIL=25.00% 
CLASS[  2 (  7)] FAIL= 0.00% 
GENERATION=  740 FITNESS=    -1.235% TEST_ERROR=     11.76%
PROGRAMS=
if(!(x7<(x1+sin((exp(((x13+sin((-5.49)))+(-44.81)))/(-9.94))))|x7<x9|x8<=cos((cos((-1.25))+x2)))) CLASS=0.00
else 
if(x6>=x10-x12|x7+x11>x3) CLASS=1.00
else 
CLASS=2.00
** CONFUSION MATRIX ** Number of classes: 3
   5    1    0 
   0    3    1 
   0    0    7 
TEST REPORT=>
CLASS[  0 (  6)] FAIL=16.67% 
CLASS[  1 (  4)] FAIL=25.00% 
CLASS[  2 (  7)] FAIL= 0.00% 
CLASS_ERROR:   11.7647058824 PRECISION:    0.8750000000 RECALL:    0.8611111111 F1SCORE:    0.8680000000
 50:1.2346  100:1.2346  150:1.2346  200:1.2346  250:1.2346  300:1.2346  350:1.2346  400:1.2346  450:1.2346  500:1.2346 TEST REPORT=>
CLASS[  0 (  6)] FAIL=16.67% 
CLASS[  1 (  4)] FAIL=25.00% 
CLASS[  2 (  7)] FAIL= 0.00% 
GENERATION=  741 FITNESS=    -1.235% TEST_ERROR=     11.76%
PROGRAMS=
if(!(x7<(x1+sin((exp(((x13+sin((-5.49)))+(-44.81)))/(-9.94))))|x7<x9|x8<=cos((cos((-1.25))+x2)))) CLASS=0.00
else 
if(x6>=x10-x12|x7+x11>x3) CLASS=1.00
else 
CLASS=2.00
** CONFUSION MATRIX ** Number of classes: 3
   5    1    0 
   0    3    1 
   0    0    7 
TEST REPORT=>
CLASS[  0 (  6)] FAIL=16.67% 
CLASS[  1 (  4)] FAIL=25.00% 
CLASS[  2 (  7)] FAIL= 0.00% 
CLASS_ERROR:   11.7647058824 PRECISION:    0.8750000000 RECALL:    0.8611111111 F1SCORE:    0.8680000000
 50:1.2346  100:1.2346  150:1.2346  200:1.2346  250:1.2346  300:1.2346  350:1.2346  400:1.2346  450:1.2346  500:1.2346 TEST REPORT=>
CLASS[  0 (  6)] FAIL=16.67% 
CLASS[  1 (  4)] FAIL=25.00% 
CLASS[  2 (  7)] FAIL= 0.00% 
GENERATION=  742 FITNESS=    -1.235% TEST_ERROR=     11.76%
PROGRAMS=
if(!(x7<(x1+sin((exp(((x13+sin((-5.49)))+(-44.81)))/(-9.94))))|x7<x9|x8<=cos((cos((-1.25))+x2)))) CLASS=0.00
else 
if(x6>=x10-x12|x7+x11>x3) CLASS=1.00
else 
CLASS=2.00
** CONFUSION MATRIX ** Number of classes: 3
   5    1    0 
   0    3    1 
   0    0    7 
TEST REPORT=>
CLASS[  0 (  6)] FAIL=16.67% 
CLASS[  1 (  4)] FAIL=25.00% 
CLASS[  2 (  7)] FAIL= 0.00% 
CLASS_ERROR:   11.7647058824 PRECISION:    0.8750000000 RECALL:    0.8611111111 F1SCORE:    0.8680000000
 50:1.2346  100:1.2346  150:1.2346  200:1.2346  250:1.2346  300:1.2346  350:1.2346  400:1.2346  450:1.2346  500:1.2346 TEST REPORT=>
CLASS[  0 (  6)] FAIL=16.67% 
CLASS[  1 (  4)] FAIL=25.00% 
CLASS[  2 (  7)] FAIL= 0.00% 
GENERATION=  743 FITNESS=    -1.235% TEST_ERROR=     11.76%
PROGRAMS=
if(!(x7<(x1+sin((exp(((x13+sin((-5.49)))+(-44.81)))/(-9.94))))|x7<x9|x8<=cos((cos((-1.25))+x2)))) CLASS=0.00
else 
if(x6>=x10-x12|x7+x11>x3) CLASS=1.00
else 
CLASS=2.00
** CONFUSION MATRIX ** Number of classes: 3
   5    1    0 
   0    3    1 
   0    0    7 
TEST REPORT=>
CLASS[  0 (  6)] FAIL=16.67% 
CLASS[  1 (  4)] FAIL=25.00% 
CLASS[  2 (  7)] FAIL= 0.00% 
CLASS_ERROR:   11.7647058824 PRECISION:    0.8750000000 RECALL:    0.8611111111 F1SCORE:    0.8680000000
 50:1.2346  100:1.2346  150:1.2346  200:1.2346  250:1.2346  300:1.2346  350:1.2346  400:1.2346  450:1.2346  500:1.2346 TEST REPORT=>
CLASS[  0 (  6)] FAIL=16.67% 
CLASS[  1 (  4)] FAIL=25.00% 
CLASS[  2 (  7)] FAIL= 0.00% 
GENERATION=  744 FITNESS=    -1.235% TEST_ERROR=     11.76%
PROGRAMS=
if(!(x7<(x1+sin((exp(((x13+sin((-5.49)))+(-44.81)))/(-9.94))))|x7<x9|x8<=cos((cos((-1.25))+x2)))) CLASS=0.00
else 
if(x6>=x10-x12|x7+x11>x3) CLASS=1.00
else 
CLASS=2.00
** CONFUSION MATRIX ** Number of classes: 3
   5    1    0 
   0    3    1 
   0    0    7 
TEST REPORT=>
CLASS[  0 (  6)] FAIL=16.67% 
CLASS[  1 (  4)] FAIL=25.00% 
CLASS[  2 (  7)] FAIL= 0.00% 
CLASS_ERROR:   11.7647058824 PRECISION:    0.8750000000 RECALL:    0.8611111111 F1SCORE:    0.8680000000
 50:1.2346  100:1.2346  150:1.2346  200:1.2346  250:1.2346  300:1.2346  350:1.2346  400:1.2346  450:1.2346  500:1.2346 TEST REPORT=>
CLASS[  0 (  6)] FAIL=16.67% 
CLASS[  1 (  4)] FAIL=25.00% 
CLASS[  2 (  7)] FAIL= 0.00% 
GENERATION=  745 FITNESS=    -1.235% TEST_ERROR=     11.76%
PROGRAMS=
if(!(x7<(x1+sin((exp(((x13+sin((-5.49)))+(-44.81)))/(-9.94))))|x7<x9|x8<=cos((cos((-1.25))+x2)))) CLASS=0.00
else 
if(x6>=x10-x12|x7+x11>x3) CLASS=1.00
else 
CLASS=2.00
** CONFUSION MATRIX ** Number of classes: 3
   5    1    0 
   0    3    1 
   0    0    7 
TEST REPORT=>
CLASS[  0 (  6)] FAIL=16.67% 
CLASS[  1 (  4)] FAIL=25.00% 
CLASS[  2 (  7)] FAIL= 0.00% 
CLASS_ERROR:   11.7647058824 PRECISION:    0.8750000000 RECALL:    0.8611111111 F1SCORE:    0.8680000000
 50:1.2346  100:1.2346  150:1.2346  200:1.2346  250:1.2346  300:1.2346  350:1.2346  400:1.2346  450:1.2346  500:1.2346 TEST REPORT=>
CLASS[  0 (  6)] FAIL=16.67% 
CLASS[  1 (  4)] FAIL=25.00% 
CLASS[  2 (  7)] FAIL= 0.00% 
GENERATION=  746 FITNESS=    -1.235% TEST_ERROR=     11.76%
PROGRAMS=
if(!(x7<(x1+sin((exp(((x13+sin((-5.49)))+(-44.81)))/(-9.94))))|x7<x9|x8<=cos((cos((-1.25))+x2)))) CLASS=0.00
else 
if(x6>=x10-x12|x7+x11>x3) CLASS=1.00
else 
CLASS=2.00
** CONFUSION MATRIX ** Number of classes: 3
   5    1    0 
   0    3    1 
   0    0    7 
TEST REPORT=>
CLASS[  0 (  6)] FAIL=16.67% 
CLASS[  1 (  4)] FAIL=25.00% 
CLASS[  2 (  7)] FAIL= 0.00% 
CLASS_ERROR:   11.7647058824 PRECISION:    0.8750000000 RECALL:    0.8611111111 F1SCORE:    0.8680000000
 50:1.2346  100:1.2346  150:1.2346  200:1.2346  250:1.2346  300:1.2346  350:1.2346  400:1.2346  450:1.2346  500:1.2346 TEST REPORT=>
CLASS[  0 (  6)] FAIL=16.67% 
CLASS[  1 (  4)] FAIL=25.00% 
CLASS[  2 (  7)] FAIL= 0.00% 
GENERATION=  747 FITNESS=    -1.235% TEST_ERROR=     11.76%
PROGRAMS=
if(!(x7<(x1+sin((exp(((x13+sin((-5.49)))+(-44.81)))/(-9.94))))|x7<x9|x8<=cos((cos((-1.25))+x2)))) CLASS=0.00
else 
if(x6>=x10-x12|x7+x11>x3) CLASS=1.00
else 
CLASS=2.00
** CONFUSION MATRIX ** Number of classes: 3
   5    1    0 
   0    3    1 
   0    0    7 
TEST REPORT=>
CLASS[  0 (  6)] FAIL=16.67% 
CLASS[  1 (  4)] FAIL=25.00% 
CLASS[  2 (  7)] FAIL= 0.00% 
CLASS_ERROR:   11.7647058824 PRECISION:    0.8750000000 RECALL:    0.8611111111 F1SCORE:    0.8680000000
 50:1.2346  100:1.2346  150:1.2346  200:1.2346  250:1.2346  300:1.2346  350:1.2346  400:1.2346  450:1.2346  500:1.2346 TEST REPORT=>
CLASS[  0 (  6)] FAIL=16.67% 
CLASS[  1 (  4)] FAIL=25.00% 
CLASS[  2 (  7)] FAIL= 0.00% 
GENERATION=  748 FITNESS=    -1.235% TEST_ERROR=     11.76%
PROGRAMS=
if(!(x7<(x1+sin((exp(((x13+sin((-5.49)))+(-44.81)))/(-9.94))))|x7<x9|x8<=cos((cos((-1.25))+x2)))) CLASS=0.00
else 
if(x6>=x10-x12|x7+x11>x3) CLASS=1.00
else 
CLASS=2.00
** CONFUSION MATRIX ** Number of classes: 3
   5    1    0 
   0    3    1 
   0    0    7 
TEST REPORT=>
CLASS[  0 (  6)] FAIL=16.67% 
CLASS[  1 (  4)] FAIL=25.00% 
CLASS[  2 (  7)] FAIL= 0.00% 
CLASS_ERROR:   11.7647058824 PRECISION:    0.8750000000 RECALL:    0.8611111111 F1SCORE:    0.8680000000
 50:1.2346  100:1.2346  150:1.2346  200:1.2346  250:1.2346  300:1.2346  350:1.2346  400:1.2346  450:1.2346  500:1.2346 TEST REPORT=>
CLASS[  0 (  6)] FAIL=16.67% 
CLASS[  1 (  4)] FAIL=25.00% 
CLASS[  2 (  7)] FAIL= 0.00% 
GENERATION=  749 FITNESS=    -1.235% TEST_ERROR=     11.76%
PROGRAMS=
if(!(x7<(x1+sin((exp(((x13+sin((-5.49)))+(-44.81)))/(-9.94))))|x7<x9|x8<=cos((cos((-1.25))+x2)))) CLASS=0.00
else 
if(x6>=x10-x12|x7+x11>x3) CLASS=1.00
else 
CLASS=2.00
** CONFUSION MATRIX ** Number of classes: 3
   5    1    0 
   0    3    1 
   0    0    7 
TEST REPORT=>
CLASS[  0 (  6)] FAIL=16.67% 
CLASS[  1 (  4)] FAIL=25.00% 
CLASS[  2 (  7)] FAIL= 0.00% 
CLASS_ERROR:   11.7647058824 PRECISION:    0.8750000000 RECALL:    0.8611111111 F1SCORE:    0.8680000000
 50:1.2346  100:1.2346  150:1.2346  200:1.2346  250:1.2346  300:1.2346  350:1.2346  400:1.2346  450:1.2346  500:1.2346 TARGETED[0] START fitness=       -1.2345679012
TARGETED[0] END fitness=       -1.2345679012 accepted=0
TARGETED[75] START fitness=       -3.0864197531
TARGETED[75] iter=12 type=FUNCTION codonPos=53 codon=15->13 rule=3->1 fitness=       -3.0864197531->       -1.2345679012
TARGETED[75] END fitness=       -1.2345679012 accepted=1
TARGETED[343] START fitness=      -58.6419753086
TARGETED[343] iter=13 type=VARIABLE codonPos=30 codon=86->84 rule=11->9 fitness=      -58.6419753086->      -58.0246913580
TARGETED[343] END fitness=      -58.0246913580 accepted=1
TARGETED[336] START fitness=      -58.0246913580
TARGETED[336] iter=2 type=VARIABLE codonPos=104 codon=59->61 rule=14->1 fitness=      -58.0246913580->      -48.7654320988
TARGETED[336] iter=6 type=VARIABLE codonPos=110 codon=231->225 rule=6->0 fitness=      -48.7654320988->      -48.1481481481
TARGETED[336] iter=11 type=VARIABLE codonPos=101 codon=80->86 rule=5->11 fitness=      -48.1481481481->      -41.3580246914
TARGETED[336] iter=15 type=VARIABLE codonPos=104 codon=61->62 rule=1->2 fitness=      -41.3580246914->      -40.7407407407
TARGETED[336] END fitness=      -40.7407407407 accepted=4
TARGETED[267] START fitness=      -35.1851851852
TARGETED[267] iter=6 type=VARIABLE codonPos=16 codon=182->177 rule=2->12 fitness=      -35.1851851852->       -3.7037037037
TARGETED[267] END fitness=       -3.7037037037 accepted=1
TARGETED[462] START fitness=-100000000.0000000000
TARGETED[462] iter=3 type=UNKNOWN codonPos=58 codon=42->43 rule=0->1 fitness=-100000000.0000000000->      -32.7160493827
TARGETED[462] END fitness=      -32.7160493827 accepted=1
TARGETED[78] START fitness=       -3.7037037037
TARGETED[78] iter=10 type=VARIABLE codonPos=112 codon=44->40 rule=14->10 fitness=       -3.7037037037->       -3.0864197531
TARGETED[78] iter=28 type=VARIABLE codonPos=110 codon=203->201 rule=8->6 fitness=       -3.0864197531->       -1.2345679012
TARGETED[78] END fitness=       -1.2345679012 accepted=2
TARGETED[322] START fitness=      -53.0864197531
TARGETED[322] iter=8 type=VARIABLE codonPos=119 codon=3->6 rule=3->6 fitness=      -53.0864197531->      -30.2469135802
TARGETED[322] iter=36 type=VARIABLE codonPos=45 codon=68->62 rule=8->2 fitness=      -30.2469135802->      -17.2839506173
TARGETED[322] iter=38 type=VARIABLE codonPos=123 codon=230->225 rule=5->0 fitness=      -17.2839506173->      -16.0493827160
TARGETED[322] END fitness=      -16.0493827160 accepted=3
TARGETED[365] START fitness=      -61.1111111111
TARGETED[365] iter=2 type=VARIABLE codonPos=16 codon=124->117 rule=4->12 fitness=      -61.1111111111->      -30.2469135802
TARGETED[365] iter=5 type=VARIABLE codonPos=110 codon=231->225 rule=6->0 fitness=      -30.2469135802->       -9.2592592593
TARGETED[365] iter=7 type=UNKNOWN codonPos=29 codon=252->254 rule=2->4 fitness=       -9.2592592593->       -8.0246913580
TARGETED[365] iter=16 type=UNKNOWN codonPos=28 codon=187->186 rule=1->0 fitness=       -8.0246913580->       -3.7037037037
TARGETED[365] iter=21 type=VARIABLE codonPos=109 codon=74->71 rule=14->11 fitness=       -3.7037037037->       -1.2345679012
TARGETED[365] END fitness=       -1.2345679012 accepted=5
TARGETED[488] START fitness=-100000000.0000000000
TARGETED[488] iter=28 type=VARIABLE codonPos=143 codon=231->238 rule=6->13 fitness=-100000000.0000000000->      -61.7283950617
TARGETED[488] iter=29 type=BINARY_OPERATOR codonPos=7 codon=110->109 rule=2->1 fitness=      -61.7283950617->      -54.9382716049
TARGETED[488] iter=43 type=FUNCTION codonPos=9 codon=74->72 rule=2->0 fitness=      -54.9382716049->      -40.7407407407
TARGETED[488] END fitness=      -40.7407407407 accepted=3
TARGETED[256] START fitness=      -33.9506172840
TARGETED[256] iter=27 type=VARIABLE codonPos=101 codon=80->86 rule=5->11 fitness=      -33.9506172840->      -32.7160493827
TARGETED[256] END fitness=      -32.7160493827 accepted=1
TARGETED[449] START fitness=-100000000.0000000000
TARGETED[449] iter=11 type=UNKNOWN codonPos=25 codon=182->183 rule=0->1 fitness=-100000000.0000000000->      -35.1851851852
TARGETED[449] iter=12 type=VARIABLE codonPos=42 codon=141->142 rule=6->7 fitness=      -35.1851851852->      -33.9506172840
TARGETED[449] iter=14 type=VARIABLE codonPos=45 codon=23->30 rule=8->0 fitness=      -33.9506172840->      -32.7160493827
TARGETED[449] END fitness=      -32.7160493827 accepted=3
TARGETED[445] START fitness=-100000000.0000000000
TARGETED[445] iter=15 type=UNKNOWN codonPos=62 codon=81->80 rule=1->0 fitness=-100000000.0000000000->      -74.0740740741
TARGETED[445] iter=21 type=VARIABLE codonPos=2 codon=232->239 rule=7->14 fitness=      -74.0740740741->      -44.4444444444
TARGETED[445] iter=34 type=VARIABLE codonPos=52 codon=181->186 rule=1->6 fitness=      -44.4444444444->      -42.5925925926
TARGETED[445] iter=44 type=VARIABLE codonPos=104 codon=49->47 rule=4->2 fitness=      -42.5925925926->      -38.8888888889
TARGETED[445] END fitness=      -38.8888888889 accepted=4
TARGETED[366] START fitness=      -61.1111111111
TARGETED[366] iter=1 type=VARIABLE codonPos=3 codon=166->171 rule=1->6 fitness=      -61.1111111111->      -58.6419753086
TARGETED[366] iter=3 type=VARIABLE codonPos=101 codon=80->75 rule=5->0 fitness=      -58.6419753086->      -32.7160493827
TARGETED[366] iter=5 type=VARIABLE codonPos=6 codon=91->92 rule=1->2 fitness=      -32.7160493827->      -22.2222222222
TARGETED[366] END fitness=      -22.2222222222 accepted=3
TARGETED[157] START fitness=      -30.2469135802
TARGETED[157] iter=10 type=BINARY_OPERATOR codonPos=7 codon=237->239 rule=1->3 fitness=      -30.2469135802->      -28.3950617284
TARGETED[157] iter=14 type=UNKNOWN codonPos=24 codon=32->37 rule=2->7 fitness=      -28.3950617284->      -26.5432098765
TARGETED[157] iter=19 type=VARIABLE codonPos=52 codon=181->180 rule=1->0 fitness=      -26.5432098765->      -19.7530864198
TARGETED[157] iter=22 type=BINARY_OPERATOR codonPos=34 codon=27->26 rule=3->2 fitness=      -19.7530864198->      -19.1358024691
TARGETED[157] END fitness=      -19.1358024691 accepted=4
TARGETED[459] START fitness=-100000000.0000000000
TARGETED[459] iter=20 type=VARIABLE codonPos=110 codon=231->238 rule=6->13 fitness=-100000000.0000000000->      -16.0493827160
TARGETED[459] iter=27 type=UNKNOWN codonPos=29 codon=10->14 rule=0->4 fitness=      -16.0493827160->      -15.4320987654
TARGETED[459] iter=30 type=FUNCTION codonPos=50 codon=151->152 rule=3->0 fitness=      -15.4320987654->       -4.3209876543
TARGETED[459] END fitness=       -4.3209876543 accepted=3
TARGETED[350] START fitness=      -58.6419753086
TARGETED[350] END fitness=      -58.6419753086 accepted=0
TARGETED[314] START fitness=      -50.6172839506
TARGETED[314] iter=2 type=UNKNOWN codonPos=38 codon=181->180 rule=1->0 fitness=      -50.6172839506->      -33.3333333333
TARGETED[314] iter=3 type=BINARY_OPERATOR codonPos=31 codon=235->234 rule=3->2 fitness=      -33.3333333333->      -14.8148148148
TARGETED[314] iter=6 type=VARIABLE codonPos=6 codon=222->227 rule=12->2 fitness=      -14.8148148148->      -11.7283950617
TARGETED[314] iter=12 type=UNKNOWN codonPos=27 codon=74->78 rule=4->8 fitness=      -11.7283950617->      -11.1111111111
TARGETED[314] iter=18 type=VARIABLE codonPos=67 codon=76->80 rule=1->5 fitness=      -11.1111111111->       -6.1728395062
TARGETED[314] iter=23 type=BINARY_OPERATOR codonPos=7 codon=134->135 rule=2->3 fitness=       -6.1728395062->       -5.5555555556
TARGETED[314] END fitness=       -5.5555555556 accepted=6
TARGETED[322] START fitness=      -16.0493827160
TARGETED[322] END fitness=      -16.0493827160 accepted=0
TARGETED[157] START fitness=      -19.1358024691
TARGETED[157] END fitness=      -19.1358024691 accepted=0
TEST REPORT=>
CLASS[  0 (  6)] FAIL=16.67% 
CLASS[  1 (  4)] FAIL=25.00% 
CLASS[  2 (  7)] FAIL= 0.00% 
GENERATION=  750 FITNESS=    -1.235% TEST_ERROR=     11.76%
PROGRAMS=
if(!(x7<(x1+sin((exp(((x13+sin((-5.49)))+(-44.81)))/(-9.94))))|x7<x9|x8<=cos((cos((-1.25))+x2)))) CLASS=0.00
else 
if(x6>=x10-x12|x7+x11>x3) CLASS=1.00
else 
CLASS=2.00
** CONFUSION MATRIX ** Number of classes: 3
   5    1    0 
   0    3    1 
   0    0    7 
TEST REPORT=>
CLASS[  0 (  6)] FAIL=16.67% 
CLASS[  1 (  4)] FAIL=25.00% 
CLASS[  2 (  7)] FAIL= 0.00% 
CLASS_ERROR:   11.7647058824 PRECISION:    0.8750000000 RECALL:    0.8611111111 F1SCORE:    0.8680000000
 50:1.2346  100:1.2346  150:1.2346  200:1.2346  250:1.2346  300:1.2346  350:1.2346  400:1.2346  450:1.2346  500:1.2346 TEST REPORT=>
CLASS[  0 (  6)] FAIL=16.67% 
CLASS[  1 (  4)] FAIL=25.00% 
CLASS[  2 (  7)] FAIL= 0.00% 
GENERATION=  751 FITNESS=    -1.235% TEST_ERROR=     11.76%
PROGRAMS=
if(!(x7<(x1+sin((exp(((x13+sin((-5.49)))+(-44.81)))/(-9.94))))|x7<x9|x8<=cos((cos((-1.25))+x2)))) CLASS=0.00
else 
if(x6>=x10-x12|x7+x11>x3) CLASS=1.00
else 
CLASS=2.00
** CONFUSION MATRIX ** Number of classes: 3
   5    1    0 
   0    3    1 
   0    0    7 
TEST REPORT=>
CLASS[  0 (  6)] FAIL=16.67% 
CLASS[  1 (  4)] FAIL=25.00% 
CLASS[  2 (  7)] FAIL= 0.00% 
CLASS_ERROR:   11.7647058824 PRECISION:    0.8750000000 RECALL:    0.8611111111 F1SCORE:    0.8680000000
 50:1.2346  100:1.2346  150:1.2346  200:1.2346  250:1.2346  300:1.2346  350:1.2346  400:1.2346  450:1.2346  500:1.2346 
TARGETED STAGNATION BURST generation=752 stagnation=20
TARGETED_BEST[0] START fitness=-1.2345679012
TARGETED_BEST[0] END fitness=-1.2345679012 accepted=0
TARGETED_BEST[1] START fitness=-1.2345679012
TARGETED_BEST[1] END fitness=-1.2345679012 accepted=0
TARGETED_BEST[2] START fitness=-1.2345679012
TARGETED_BEST[2] END fitness=-1.2345679012 accepted=0
TARGETED_BEST[3] START fitness=-1.2345679012
TARGETED_BEST[3] END fitness=-1.2345679012 accepted=0
TARGETED_BEST[4] START fitness=-1.2345679012
TARGETED_BEST[4] END fitness=-1.2345679012 accepted=0
TARGETED_BEST[5] START fitness=-1.2345679012
TARGETED_BEST[5] END fitness=-1.2345679012 accepted=0
TARGETED_BEST[6] START fitness=-1.2345679012
TARGETED_BEST[6] END fitness=-1.2345679012 accepted=0
TARGETED_BEST[7] START fitness=-1.2345679012
TARGETED_BEST[7] END fitness=-1.2345679012 accepted=0
TARGETED_BEST[8] START fitness=-1.2345679012
TARGETED_BEST[8] END fitness=-1.2345679012 accepted=0
TARGETED_BEST[9] START fitness=-1.2345679012
TARGETED_BEST[9] END fitness=-1.2345679012 accepted=0
TARGETED_BEST[10] START fitness=-1.2345679012
TARGETED_BEST[10] END fitness=-1.2345679012 accepted=0
TARGETED_BEST[11] START fitness=-1.2345679012
TARGETED_BEST[11] END fitness=-1.2345679012 accepted=0
TARGETED_BEST[12] START fitness=-1.2345679012
TARGETED_BEST[12] END fitness=-1.2345679012 accepted=0
TARGETED_BEST[13] START fitness=-1.2345679012
TARGETED_BEST[13] END fitness=-1.2345679012 accepted=0
TARGETED_BEST[14] START fitness=-1.2345679012
TARGETED_BEST[14] END fitness=-1.2345679012 accepted=0
TARGETED_BEST[15] START fitness=-1.2345679012
TARGETED_BEST[15] END fitness=-1.2345679012 accepted=0
TARGETED_BEST[16] START fitness=-1.2345679012
TARGETED_BEST[16] END fitness=-1.2345679012 accepted=0
TARGETED_BEST[17] START fitness=-1.2345679012
TARGETED_BEST[17] END fitness=-1.2345679012 accepted=0
TARGETED_BEST[18] START fitness=-1.2345679012
TARGETED_BEST[18] END fitness=-1.2345679012 accepted=0
TARGETED_BEST[19] START fitness=-1.2345679012
TARGETED_BEST[19] END fitness=-1.2345679012 accepted=0
TEST REPORT=>
CLASS[  0 (  6)] FAIL=16.67% 
CLASS[  1 (  4)] FAIL=25.00% 
CLASS[  2 (  7)] FAIL= 0.00% 
GENERATION=  752 FITNESS=    -1.235% TEST_ERROR=     11.76%
PROGRAMS=
if(!(x7<(x1+sin((exp(((x13+sin((-5.49)))+(-44.81)))/(-9.94))))|x7<x9|x8<=cos((cos((-1.25))+x2)))) CLASS=0.00
else 
if(x6>=x10-x12|x7+x11>x3) CLASS=1.00
else 
CLASS=2.00
** CONFUSION MATRIX ** Number of classes: 3
   5    1    0 
   0    3    1 
   0    0    7 
TEST REPORT=>
CLASS[  0 (  6)] FAIL=16.67% 
CLASS[  1 (  4)] FAIL=25.00% 
CLASS[  2 (  7)] FAIL= 0.00% 
CLASS_ERROR:   11.7647058824 PRECISION:    0.8750000000 RECALL:    0.8611111111 F1SCORE:    0.8680000000
 50:1.2346  100:1.2346  150:1.2346  200:1.2346  250:1.2346  300:1.2346  350:1.2346  400:1.2346  450:1.2346  500:1.2346 TEST REPORT=>
CLASS[  0 (  6)] FAIL=16.67% 
CLASS[  1 (  4)] FAIL=25.00% 
CLASS[  2 (  7)] FAIL= 0.00% 
GENERATION=  753 FITNESS=    -1.235% TEST_ERROR=     11.76%
PROGRAMS=
if(!(x7<(x1+sin((exp(((x13+sin((-5.49)))+(-44.81)))/(-9.94))))|x7<x9|x8<=cos((cos((-1.25))+x2)))) CLASS=0.00
else 
if(x6>=x10-x12|x7+x11>x3) CLASS=1.00
else 
CLASS=2.00
** CONFUSION MATRIX ** Number of classes: 3
   5    1    0 
   0    3    1 
   0    0    7 
TEST REPORT=>
CLASS[  0 (  6)] FAIL=16.67% 
CLASS[  1 (  4)] FAIL=25.00% 
CLASS[  2 (  7)] FAIL= 0.00% 
CLASS_ERROR:   11.7647058824 PRECISION:    0.8750000000 RECALL:    0.8611111111 F1SCORE:    0.8680000000
 50:1.2346  100:1.2346  150:1.2346  200:1.2346  250:1.2346  300:1.2346  350:1.2346  400:1.2346  450:1.2346  500:1.2346 TEST REPORT=>
CLASS[  0 (  6)] FAIL=16.67% 
CLASS[  1 (  4)] FAIL=25.00% 
CLASS[  2 (  7)] FAIL= 0.00% 
GENERATION=  754 FITNESS=    -1.235% TEST_ERROR=     11.76%
PROGRAMS=
if(!(x7<(x1+sin((exp(((x13+sin((-5.49)))+(-44.81)))/(-9.94))))|x7<x9|x8<=cos((cos((-1.25))+x2)))) CLASS=0.00
else 
if(x6>=x10-x12|x7+x11>x3) CLASS=1.00
else 
CLASS=2.00
** CONFUSION MATRIX ** Number of classes: 3
   5    1    0 
   0    3    1 
   0    0    7 
TEST REPORT=>
CLASS[  0 (  6)] FAIL=16.67% 
CLASS[  1 (  4)] FAIL=25.00% 
CLASS[  2 (  7)] FAIL= 0.00% 
CLASS_ERROR:   11.7647058824 PRECISION:    0.8750000000 RECALL:    0.8611111111 F1SCORE:    0.8680000000
 50:1.2346  100:1.2346  150:1.2346  200:1.2346  250:1.2346  300:1.2346  350:1.2346  400:1.2346  450:1.2346  500:1.2346 TEST REPORT=>
CLASS[  0 (  6)] FAIL=16.67% 
CLASS[  1 (  4)] FAIL=25.00% 
CLASS[  2 (  7)] FAIL= 0.00% 
GENERATION=  755 FITNESS=    -1.235% TEST_ERROR=     11.76%
PROGRAMS=
if(!(x7<(x1+sin((exp(((x13+sin((-5.49)))+(-44.81)))/(-9.94))))|x7<x9|x8<=cos((cos((-1.25))+x2)))) CLASS=0.00
else 
if(x6>=x10-x12|x7+x11>x3) CLASS=1.00
else 
CLASS=2.00
** CONFUSION MATRIX ** Number of classes: 3
   5    1    0 
   0    3    1 
   0    0    7 
TEST REPORT=>
CLASS[  0 (  6)] FAIL=16.67% 
CLASS[  1 (  4)] FAIL=25.00% 
CLASS[  2 (  7)] FAIL= 0.00% 
CLASS_ERROR:   11.7647058824 PRECISION:    0.8750000000 RECALL:    0.8611111111 F1SCORE:    0.8680000000
 50:1.2346  100:1.2346  150:1.2346  200:1.2346  250:1.2346  300:1.2346  350:1.2346  400:1.2346  450:1.2346  500:1.2346 TEST REPORT=>
CLASS[  0 (  6)] FAIL=16.67% 
CLASS[  1 (  4)] FAIL=25.00% 
CLASS[  2 (  7)] FAIL= 0.00% 
GENERATION=  756 FITNESS=    -1.235% TEST_ERROR=     11.76%
PROGRAMS=
if(!(x7<(x1+sin((exp(((x13+sin((-5.49)))+(-44.81)))/(-9.94))))|x7<x9|x8<=cos((cos((-1.25))+x2)))) CLASS=0.00
else 
if(x6>=x10-x12|x7+x11>x3) CLASS=1.00
else 
CLASS=2.00
** CONFUSION MATRIX ** Number of classes: 3
   5    1    0 
   0    3    1 
   0    0    7 
TEST REPORT=>
CLASS[  0 (  6)] FAIL=16.67% 
CLASS[  1 (  4)] FAIL=25.00% 
CLASS[  2 (  7)] FAIL= 0.00% 
CLASS_ERROR:   11.7647058824 PRECISION:    0.8750000000 RECALL:    0.8611111111 F1SCORE:    0.8680000000
 50:1.2346  100:1.2346  150:1.2346  200:1.2346  250:1.2346  300:1.2346  350:1.2346  400:1.2346  450:1.2346  500:1.2346 TEST REPORT=>
CLASS[  0 (  6)] FAIL=16.67% 
CLASS[  1 (  4)] FAIL=25.00% 
CLASS[  2 (  7)] FAIL= 0.00% 
GENERATION=  757 FITNESS=    -1.235% TEST_ERROR=     11.76%
PROGRAMS=
if(!(x7<(x1+sin((exp(((x13+sin((-5.49)))+(-44.81)))/(-9.94))))|x7<x9|x8<=cos((cos((-1.25))+x2)))) CLASS=0.00
else 
if(x6>=x10-x12|x7+x11>x3) CLASS=1.00
else 
CLASS=2.00
** CONFUSION MATRIX ** Number of classes: 3
   5    1    0 
   0    3    1 
   0    0    7 
TEST REPORT=>
CLASS[  0 (  6)] FAIL=16.67% 
CLASS[  1 (  4)] FAIL=25.00% 
CLASS[  2 (  7)] FAIL= 0.00% 
CLASS_ERROR:   11.7647058824 PRECISION:    0.8750000000 RECALL:    0.8611111111 F1SCORE:    0.8680000000
 50:1.2346  100:1.2346  150:1.2346  200:1.2346  250:1.2346  300:1.2346  350:1.2346  400:1.2346  450:1.2346  500:1.2346 TEST REPORT=>
CLASS[  0 (  6)] FAIL=16.67% 
CLASS[  1 (  4)] FAIL=25.00% 
CLASS[  2 (  7)] FAIL= 0.00% 
GENERATION=  758 FITNESS=    -1.235% TEST_ERROR=     11.76%
PROGRAMS=
if(!(x7<(x1+sin((exp(((x13+sin((-5.49)))+(-44.81)))/(-9.94))))|x7<x9|x8<=cos((cos((-1.25))+x2)))) CLASS=0.00
else 
if(x6>=x10-x12|x7+x11>x3) CLASS=1.00
else 
CLASS=2.00
** CONFUSION MATRIX ** Number of classes: 3
   5    1    0 
   0    3    1 
   0    0    7 
TEST REPORT=>
CLASS[  0 (  6)] FAIL=16.67% 
CLASS[  1 (  4)] FAIL=25.00% 
CLASS[  2 (  7)] FAIL= 0.00% 
CLASS_ERROR:   11.7647058824 PRECISION:    0.8750000000 RECALL:    0.8611111111 F1SCORE:    0.8680000000
 50:1.2346  100:1.2346  150:1.2346  200:1.2346  250:1.2346  300:1.2346  350:1.2346  400:1.2346  450:1.2346  500:1.2346 TEST REPORT=>
CLASS[  0 (  6)] FAIL=16.67% 
CLASS[  1 (  4)] FAIL=25.00% 
CLASS[  2 (  7)] FAIL= 0.00% 
GENERATION=  759 FITNESS=    -1.235% TEST_ERROR=     11.76%
PROGRAMS=
if(!(x7<(x1+sin((exp(((x13+sin((-5.49)))+(-44.81)))/(-9.94))))|x7<x9|x8<=cos((cos((-1.25))+x2)))) CLASS=0.00
else 
if(x6>=x10-x12|x7+x11>x3) CLASS=1.00
else 
CLASS=2.00
** CONFUSION MATRIX ** Number of classes: 3
   5    1    0 
   0    3    1 
   0    0    7 
TEST REPORT=>
CLASS[  0 (  6)] FAIL=16.67% 
CLASS[  1 (  4)] FAIL=25.00% 
CLASS[  2 (  7)] FAIL= 0.00% 
CLASS_ERROR:   11.7647058824 PRECISION:    0.8750000000 RECALL:    0.8611111111 F1SCORE:    0.8680000000
 50:1.2346  100:1.2346  150:1.2346  200:1.2346  250:1.2346  300:1.2346  350:1.2346  400:1.2346  450:1.2346  500:1.2346 TEST REPORT=>
CLASS[  0 (  6)] FAIL=16.67% 
CLASS[  1 (  4)] FAIL=25.00% 
CLASS[  2 (  7)] FAIL= 0.00% 
GENERATION=  760 FITNESS=    -1.235% TEST_ERROR=     11.76%
PROGRAMS=
if(!(x7<(x1+sin((exp(((x13+sin((-5.49)))+(-44.81)))/(-9.94))))|x7<x9|x8<=cos((cos((-1.25))+x2)))) CLASS=0.00
else 
if(x6>=x10-x12|x7+x11>x3) CLASS=1.00
else 
CLASS=2.00
** CONFUSION MATRIX ** Number of classes: 3
   5    1    0 
   0    3    1 
   0    0    7 
TEST REPORT=>
CLASS[  0 (  6)] FAIL=16.67% 
CLASS[  1 (  4)] FAIL=25.00% 
CLASS[  2 (  7)] FAIL= 0.00% 
CLASS_ERROR:   11.7647058824 PRECISION:    0.8750000000 RECALL:    0.8611111111 F1SCORE:    0.8680000000
 50:1.2346  100:1.2346  150:1.2346  200:1.2346  250:1.2346  300:1.2346  350:1.2346  400:1.2346  450:1.2346  500:1.2346 TEST REPORT=>
CLASS[  0 (  6)] FAIL=16.67% 
CLASS[  1 (  4)] FAIL=25.00% 
CLASS[  2 (  7)] FAIL= 0.00% 
GENERATION=  761 FITNESS=    -1.235% TEST_ERROR=     11.76%
PROGRAMS=
if(!(x7<(x1+sin((exp(((x13+sin((-5.49)))+(-44.81)))/(-9.94))))|x7<x9|x8<=cos((cos((-1.25))+x2)))) CLASS=0.00
else 
if(x6>=x10-x12|x7+x11>x3) CLASS=1.00
else 
CLASS=2.00
** CONFUSION MATRIX ** Number of classes: 3
   5    1    0 
   0    3    1 
   0    0    7 
TEST REPORT=>
CLASS[  0 (  6)] FAIL=16.67% 
CLASS[  1 (  4)] FAIL=25.00% 
CLASS[  2 (  7)] FAIL= 0.00% 
CLASS_ERROR:   11.7647058824 PRECISION:    0.8750000000 RECALL:    0.8611111111 F1SCORE:    0.8680000000
 50:1.2346  100:1.2346  150:1.2346  200:1.2346  250:1.2346  300:1.2346  350:1.2346  400:1.2346  450:1.2346  500:1.2346 TEST REPORT=>
CLASS[  0 (  6)] FAIL=16.67% 
CLASS[  1 (  4)] FAIL=25.00% 
CLASS[  2 (  7)] FAIL= 0.00% 
GENERATION=  762 FITNESS=    -1.235% TEST_ERROR=     11.76%
PROGRAMS=
if(!(x7<(x1+sin((exp(((x13+sin((-5.49)))+(-44.81)))/(-9.94))))|x7<x9|x8<=cos((cos((-1.25))+x2)))) CLASS=0.00
else 
if(x6>=x10-x12|x7+x11>x3) CLASS=1.00
else 
CLASS=2.00
** CONFUSION MATRIX ** Number of classes: 3
   5    1    0 
   0    3    1 
   0    0    7 
TEST REPORT=>
CLASS[  0 (  6)] FAIL=16.67% 
CLASS[  1 (  4)] FAIL=25.00% 
CLASS[  2 (  7)] FAIL= 0.00% 
CLASS_ERROR:   11.7647058824 PRECISION:    0.8750000000 RECALL:    0.8611111111 F1SCORE:    0.8680000000
 50:1.2346  100:1.2346  150:1.2346  200:1.2346  250:1.2346  300:1.2346  350:1.2346  400:1.2346  450:1.2346  500:1.2346 TEST REPORT=>
CLASS[  0 (  6)] FAIL=16.67% 
CLASS[  1 (  4)] FAIL=25.00% 
CLASS[  2 (  7)] FAIL= 0.00% 
GENERATION=  763 FITNESS=    -1.235% TEST_ERROR=     11.76%
PROGRAMS=
if(!(x7<(x1+sin((exp(((x13+sin((-5.49)))+(-44.81)))/(-9.94))))|x7<x9|x8<=cos((cos((-1.25))+x2)))) CLASS=0.00
else 
if(x6>=x10-x12|x7+x11>x3) CLASS=1.00
else 
CLASS=2.00
** CONFUSION MATRIX ** Number of classes: 3
   5    1    0 
   0    3    1 
   0    0    7 
TEST REPORT=>
CLASS[  0 (  6)] FAIL=16.67% 
CLASS[  1 (  4)] FAIL=25.00% 
CLASS[  2 (  7)] FAIL= 0.00% 
CLASS_ERROR:   11.7647058824 PRECISION:    0.8750000000 RECALL:    0.8611111111 F1SCORE:    0.8680000000
 50:1.2346  100:1.2346  150:1.2346  200:1.2346  250:1.2346  300:1.2346  350:1.2346  400:1.2346  450:1.2346  500:1.2346 TEST REPORT=>
CLASS[  0 (  6)] FAIL=16.67% 
CLASS[  1 (  4)] FAIL=25.00% 
CLASS[  2 (  7)] FAIL= 0.00% 
GENERATION=  764 FITNESS=    -1.235% TEST_ERROR=     11.76%
PROGRAMS=
if(!(x7<(x1+sin((exp(((x13+sin((-5.49)))+(-44.81)))/(-9.94))))|x7<x9|x8<=cos((cos((-1.25))+x2)))) CLASS=0.00
else 
if(x6>=x10-x12|x7+x11>x3) CLASS=1.00
else 
CLASS=2.00
** CONFUSION MATRIX ** Number of classes: 3
   5    1    0 
   0    3    1 
   0    0    7 
TEST REPORT=>
CLASS[  0 (  6)] FAIL=16.67% 
CLASS[  1 (  4)] FAIL=25.00% 
CLASS[  2 (  7)] FAIL= 0.00% 
CLASS_ERROR:   11.7647058824 PRECISION:    0.8750000000 RECALL:    0.8611111111 F1SCORE:    0.8680000000
 50:1.2346  100:1.2346  150:1.2346  200:1.2346  250:1.2346  300:1.2346  350:1.2346  400:1.2346  450:1.2346  500:1.2346 TEST REPORT=>
CLASS[  0 (  6)] FAIL=16.67% 
CLASS[  1 (  4)] FAIL=25.00% 
CLASS[  2 (  7)] FAIL= 0.00% 
GENERATION=  765 FITNESS=    -1.235% TEST_ERROR=     11.76%
PROGRAMS=
if(!(x7<(x1+sin((exp(((x13+sin((-5.49)))+(-44.81)))/(-9.94))))|x7<x9|x8<=cos((cos((-1.25))+x2)))) CLASS=0.00
else 
if(x6>=x10-x12|x7+x11>x3) CLASS=1.00
else 
CLASS=2.00
** CONFUSION MATRIX ** Number of classes: 3
   5    1    0 
   0    3    1 
   0    0    7 
TEST REPORT=>
CLASS[  0 (  6)] FAIL=16.67% 
CLASS[  1 (  4)] FAIL=25.00% 
CLASS[  2 (  7)] FAIL= 0.00% 
CLASS_ERROR:   11.7647058824 PRECISION:    0.8750000000 RECALL:    0.8611111111 F1SCORE:    0.8680000000
 50:1.2346  100:1.2346  150:1.2346  200:1.2346  250:1.2346  300:1.2346  350:1.2346  400:1.2346  450:1.2346  500:1.2346 TEST REPORT=>
CLASS[  0 (  6)] FAIL=16.67% 
CLASS[  1 (  4)] FAIL=25.00% 
CLASS[  2 (  7)] FAIL= 0.00% 
GENERATION=  766 FITNESS=    -1.235% TEST_ERROR=     11.76%
PROGRAMS=
if(!(x7<(x1+sin((exp(((x13+sin((-5.49)))+(-44.81)))/(-9.94))))|x7<x9|x8<=cos((cos((-1.25))+x2)))) CLASS=0.00
else 
if(x6>=x10-x12|x7+x11>x3) CLASS=1.00
else 
CLASS=2.00
** CONFUSION MATRIX ** Number of classes: 3
   5    1    0 
   0    3    1 
   0    0    7 
TEST REPORT=>
CLASS[  0 (  6)] FAIL=16.67% 
CLASS[  1 (  4)] FAIL=25.00% 
CLASS[  2 (  7)] FAIL= 0.00% 
CLASS_ERROR:   11.7647058824 PRECISION:    0.8750000000 RECALL:    0.8611111111 F1SCORE:    0.8680000000
 50:1.2346  100:1.2346  150:1.2346  200:1.2346  250:1.2346  300:1.2346  350:1.2346  400:1.2346  450:1.2346  500:1.2346 TEST REPORT=>
CLASS[  0 (  6)] FAIL=16.67% 
CLASS[  1 (  4)] FAIL=25.00% 
CLASS[  2 (  7)] FAIL= 0.00% 
GENERATION=  767 FITNESS=    -1.235% TEST_ERROR=     11.76%
PROGRAMS=
if(!(x7<(x1+sin((exp(((x13+sin((-5.49)))+(-44.81)))/(-9.94))))|x7<x9|x8<=cos((cos((-1.25))+x2)))) CLASS=0.00
else 
if(x6>=x10-x12|x7+x11>x3) CLASS=1.00
else 
CLASS=2.00
** CONFUSION MATRIX ** Number of classes: 3
   5    1    0 
   0    3    1 
   0    0    7 
TEST REPORT=>
CLASS[  0 (  6)] FAIL=16.67% 
CLASS[  1 (  4)] FAIL=25.00% 
CLASS[  2 (  7)] FAIL= 0.00% 
CLASS_ERROR:   11.7647058824 PRECISION:    0.8750000000 RECALL:    0.8611111111 F1SCORE:    0.8680000000
 50:1.2346  100:1.2346  150:1.2346  200:1.2346  250:1.2346  300:1.2346  350:1.2346  400:1.2346  450:1.2346  500:1.2346 TEST REPORT=>
CLASS[  0 (  6)] FAIL=16.67% 
CLASS[  1 (  4)] FAIL=25.00% 
CLASS[  2 (  7)] FAIL= 0.00% 
GENERATION=  768 FITNESS=    -1.235% TEST_ERROR=     11.76%
PROGRAMS=
if(!(x7<(x1+sin((exp(((x13+sin((-5.49)))+(-44.81)))/(-9.94))))|x7<x9|x8<=cos((cos((-1.25))+x2)))) CLASS=0.00
else 
if(x6>=x10-x12|x7+x11>x3) CLASS=1.00
else 
CLASS=2.00
** CONFUSION MATRIX ** Number of classes: 3
   5    1    0 
   0    3    1 
   0    0    7 
TEST REPORT=>
CLASS[  0 (  6)] FAIL=16.67% 
CLASS[  1 (  4)] FAIL=25.00% 
CLASS[  2 (  7)] FAIL= 0.00% 
CLASS_ERROR:   11.7647058824 PRECISION:    0.8750000000 RECALL:    0.8611111111 F1SCORE:    0.8680000000
 50:1.2346  100:1.2346  150:1.2346  200:1.2346  250:1.2346  300:1.2346  350:1.2346  400:1.2346  450:1.2346  500:1.2346 TEST REPORT=>
CLASS[  0 (  6)] FAIL=16.67% 
CLASS[  1 (  4)] FAIL=25.00% 
CLASS[  2 (  7)] FAIL= 0.00% 
GENERATION=  769 FITNESS=    -1.235% TEST_ERROR=     11.76%
PROGRAMS=
if(!(x7<(x1+sin((exp(((x13+sin((-5.49)))+(-44.81)))/(-9.94))))|x7<x9|x8<=cos((cos((-1.25))+x2)))) CLASS=0.00
else 
if(x6>=x10-x12|x7+x11>x3) CLASS=1.00
else 
CLASS=2.00
** CONFUSION MATRIX ** Number of classes: 3
   5    1    0 
   0    3    1 
   0    0    7 
TEST REPORT=>
CLASS[  0 (  6)] FAIL=16.67% 
CLASS[  1 (  4)] FAIL=25.00% 
CLASS[  2 (  7)] FAIL= 0.00% 
CLASS_ERROR:   11.7647058824 PRECISION:    0.8750000000 RECALL:    0.8611111111 F1SCORE:    0.8680000000
 50:1.2346  100:1.2346  150:1.2346  200:1.2346  250:1.2346  300:1.2346  350:1.2346  400:1.2346  450:1.2346  500:1.2346 TEST REPORT=>
CLASS[  0 (  6)] FAIL=16.67% 
CLASS[  1 (  4)] FAIL=25.00% 
CLASS[  2 (  7)] FAIL= 0.00% 
GENERATION=  770 FITNESS=    -1.235% TEST_ERROR=     11.76%
PROGRAMS=
if(!(x7<(x1+sin((exp(((x13+sin((-5.49)))+(-44.81)))/(-9.94))))|x7<x9|x8<=cos((cos((-1.25))+x2)))) CLASS=0.00
else 
if(x6>=x10-x12|x7+x11>x3) CLASS=1.00
else 
CLASS=2.00
** CONFUSION MATRIX ** Number of classes: 3
   5    1    0 
   0    3    1 
   0    0    7 
TEST REPORT=>
CLASS[  0 (  6)] FAIL=16.67% 
CLASS[  1 (  4)] FAIL=25.00% 
CLASS[  2 (  7)] FAIL= 0.00% 
CLASS_ERROR:   11.7647058824 PRECISION:    0.8750000000 RECALL:    0.8611111111 F1SCORE:    0.8680000000
 50:1.2346  100:1.2346  150:1.2346  200:1.2346  250:1.2346  300:1.2346  350:1.2346  400:1.2346  450:1.2346  500:1.2346 TEST REPORT=>
CLASS[  0 (  6)] FAIL=16.67% 
CLASS[  1 (  4)] FAIL=25.00% 
CLASS[  2 (  7)] FAIL= 0.00% 
GENERATION=  771 FITNESS=    -1.235% TEST_ERROR=     11.76%
PROGRAMS=
if(!(x7<(x1+sin((exp(((x13+sin((-5.49)))+(-44.81)))/(-9.94))))|x7<x9|x8<=cos((cos((-1.25))+x2)))) CLASS=0.00
else 
if(x6>=x10-x12|x7+x11>x3) CLASS=1.00
else 
CLASS=2.00
** CONFUSION MATRIX ** Number of classes: 3
   5    1    0 
   0    3    1 
   0    0    7 
TEST REPORT=>
CLASS[  0 (  6)] FAIL=16.67% 
CLASS[  1 (  4)] FAIL=25.00% 
CLASS[  2 (  7)] FAIL= 0.00% 
CLASS_ERROR:   11.7647058824 PRECISION:    0.8750000000 RECALL:    0.8611111111 F1SCORE:    0.8680000000
 50:1.2346  100:1.2346  150:1.2346  200:1.2346  250:1.2346  300:1.2346  350:1.2346  400:1.2346  450:1.2346  500:1.2346 
TARGETED STAGNATION BURST generation=772 stagnation=20
TARGETED_BEST[0] START fitness=-1.2345679012
TARGETED_BEST[0] END fitness=-1.2345679012 accepted=0
TARGETED_BEST[1] START fitness=-1.2345679012
TARGETED_BEST[1] END fitness=-1.2345679012 accepted=0
TARGETED_BEST[2] START fitness=-1.2345679012
TARGETED_BEST[2] END fitness=-1.2345679012 accepted=0
TARGETED_BEST[3] START fitness=-1.2345679012
TARGETED_BEST[3] END fitness=-1.2345679012 accepted=0
TARGETED_BEST[4] START fitness=-1.2345679012
TARGETED_BEST[4] END fitness=-1.2345679012 accepted=0
TARGETED_BEST[5] START fitness=-1.2345679012
TARGETED_BEST[5] END fitness=-1.2345679012 accepted=0
TARGETED_BEST[6] START fitness=-1.2345679012
TARGETED_BEST[6] END fitness=-1.2345679012 accepted=0
TARGETED_BEST[7] START fitness=-1.2345679012
TARGETED_BEST[7] END fitness=-1.2345679012 accepted=0
TARGETED_BEST[8] START fitness=-1.2345679012
TARGETED_BEST[8] END fitness=-1.2345679012 accepted=0
TARGETED_BEST[9] START fitness=-1.2345679012
TARGETED_BEST[9] END fitness=-1.2345679012 accepted=0
TARGETED_BEST[10] START fitness=-1.2345679012
TARGETED_BEST[10] END fitness=-1.2345679012 accepted=0
TARGETED_BEST[11] START fitness=-1.2345679012
TARGETED_BEST[11] END fitness=-1.2345679012 accepted=0
TARGETED_BEST[12] START fitness=-1.2345679012
TARGETED_BEST[12] END fitness=-1.2345679012 accepted=0
TARGETED_BEST[13] START fitness=-1.2345679012
TARGETED_BEST[13] END fitness=-1.2345679012 accepted=0
TARGETED_BEST[14] START fitness=-1.2345679012
TARGETED_BEST[14] END fitness=-1.2345679012 accepted=0
TARGETED_BEST[15] START fitness=-1.2345679012
TARGETED_BEST[15] END fitness=-1.2345679012 accepted=0
TARGETED_BEST[16] START fitness=-1.2345679012
TARGETED_BEST[16] END fitness=-1.2345679012 accepted=0
TARGETED_BEST[17] START fitness=-1.2345679012
TARGETED_BEST[17] END fitness=-1.2345679012 accepted=0
TARGETED_BEST[18] START fitness=-1.2345679012
TARGETED_BEST[18] END fitness=-1.2345679012 accepted=0
TARGETED_BEST[19] START fitness=-1.2345679012
TARGETED_BEST[19] END fitness=-1.2345679012 accepted=0
TEST REPORT=>
CLASS[  0 (  6)] FAIL=16.67% 
CLASS[  1 (  4)] FAIL=25.00% 
CLASS[  2 (  7)] FAIL= 0.00% 
GENERATION=  772 FITNESS=    -1.235% TEST_ERROR=     11.76%
PROGRAMS=
if(!(x7<(x1+sin((exp(((x13+sin((-5.49)))+(-44.81)))/(-9.94))))|x7<x9|x8<=cos((cos((-1.25))+x2)))) CLASS=0.00
else 
if(x6>=x10-x12|x7+x11>x3) CLASS=1.00
else 
CLASS=2.00
** CONFUSION MATRIX ** Number of classes: 3
   5    1    0 
   0    3    1 
   0    0    7 
TEST REPORT=>
CLASS[  0 (  6)] FAIL=16.67% 
CLASS[  1 (  4)] FAIL=25.00% 
CLASS[  2 (  7)] FAIL= 0.00% 
CLASS_ERROR:   11.7647058824 PRECISION:    0.8750000000 RECALL:    0.8611111111 F1SCORE:    0.8680000000
 50:1.2346  100:1.2346  150:1.2346  200:1.2346  250:1.2346  300:1.2346  350:1.2346  400:1.2346  450:1.2346  500:1.2346 TEST REPORT=>
CLASS[  0 (  6)] FAIL=16.67% 
CLASS[  1 (  4)] FAIL=25.00% 
CLASS[  2 (  7)] FAIL= 0.00% 
GENERATION=  773 FITNESS=    -1.235% TEST_ERROR=     11.76%
PROGRAMS=
if(!(x7<(x1+sin((exp(((x13+sin((-5.49)))+(-44.81)))/(-9.94))))|x7<x9|x8<=cos((cos((-1.25))+x2)))) CLASS=0.00
else 
if(x6>=x10-x12|x7+x11>x3) CLASS=1.00
else 
CLASS=2.00
** CONFUSION MATRIX ** Number of classes: 3
   5    1    0 
   0    3    1 
   0    0    7 
TEST REPORT=>
CLASS[  0 (  6)] FAIL=16.67% 
CLASS[  1 (  4)] FAIL=25.00% 
CLASS[  2 (  7)] FAIL= 0.00% 
CLASS_ERROR:   11.7647058824 PRECISION:    0.8750000000 RECALL:    0.8611111111 F1SCORE:    0.8680000000
 50:1.2346  100:1.2346  150:1.2346  200:1.2346  250:1.2346  300:1.2346  350:1.2346  400:1.2346  450:1.2346  500:1.2346 TEST REPORT=>
CLASS[  0 (  6)] FAIL=16.67% 
CLASS[  1 (  4)] FAIL=25.00% 
CLASS[  2 (  7)] FAIL= 0.00% 
GENERATION=  774 FITNESS=    -1.235% TEST_ERROR=     11.76%
PROGRAMS=
if(!(x7<(x1+sin((exp(((x13+sin((-5.49)))+(-44.81)))/(-9.94))))|x7<x9|x8<=cos((cos((-1.25))+x2)))) CLASS=0.00
else 
if(x6>=x10-x12|x7+x11>x3) CLASS=1.00
else 
CLASS=2.00
** CONFUSION MATRIX ** Number of classes: 3
   5    1    0 
   0    3    1 
   0    0    7 
TEST REPORT=>
CLASS[  0 (  6)] FAIL=16.67% 
CLASS[  1 (  4)] FAIL=25.00% 
CLASS[  2 (  7)] FAIL= 0.00% 
CLASS_ERROR:   11.7647058824 PRECISION:    0.8750000000 RECALL:    0.8611111111 F1SCORE:    0.8680000000
 50:1.2346  100:1.2346  150:1.2346  200:1.2346  250:1.2346  300:1.2346  350:1.2346  400:1.2346  450:1.2346  500:1.2346 TEST REPORT=>
CLASS[  0 (  6)] FAIL=16.67% 
CLASS[  1 (  4)] FAIL=25.00% 
CLASS[  2 (  7)] FAIL= 0.00% 
GENERATION=  775 FITNESS=    -1.235% TEST_ERROR=     11.76%
PROGRAMS=
if(!(x7<(x1+sin((exp(((x13+sin((-5.49)))+(-44.81)))/(-9.94))))|x7<x9|x8<=cos((cos((-1.25))+x2)))) CLASS=0.00
else 
if(x6>=x10-x12|x7+x11>x3) CLASS=1.00
else 
CLASS=2.00
** CONFUSION MATRIX ** Number of classes: 3
   5    1    0 
   0    3    1 
   0    0    7 
TEST REPORT=>
CLASS[  0 (  6)] FAIL=16.67% 
CLASS[  1 (  4)] FAIL=25.00% 
CLASS[  2 (  7)] FAIL= 0.00% 
CLASS_ERROR:   11.7647058824 PRECISION:    0.8750000000 RECALL:    0.8611111111 F1SCORE:    0.8680000000
 50:1.2346  100:1.2346  150:1.2346  200:1.2346  250:1.2346  300:1.2346  350:1.2346  400:1.2346  450:1.2346  500:1.2346 TEST REPORT=>
CLASS[  0 (  6)] FAIL=16.67% 
CLASS[  1 (  4)] FAIL=25.00% 
CLASS[  2 (  7)] FAIL= 0.00% 
GENERATION=  776 FITNESS=    -1.235% TEST_ERROR=     11.76%
PROGRAMS=
if(!(x7<(x1+sin((exp(((x13+sin((-5.49)))+(-44.81)))/(-9.94))))|x7<x9|x8<=cos((cos((-1.25))+x2)))) CLASS=0.00
else 
if(x6>=x10-x12|x7+x11>x3) CLASS=1.00
else 
CLASS=2.00
** CONFUSION MATRIX ** Number of classes: 3
   5    1    0 
   0    3    1 
   0    0    7 
TEST REPORT=>
CLASS[  0 (  6)] FAIL=16.67% 
CLASS[  1 (  4)] FAIL=25.00% 
CLASS[  2 (  7)] FAIL= 0.00% 
CLASS_ERROR:   11.7647058824 PRECISION:    0.8750000000 RECALL:    0.8611111111 F1SCORE:    0.8680000000
 50:1.2346  100:1.2346  150:1.2346  200:1.2346  250:1.2346  300:1.2346  350:1.2346  400:1.2346  450:1.2346  500:1.2346 TEST REPORT=>
CLASS[  0 (  6)] FAIL=16.67% 
CLASS[  1 (  4)] FAIL=25.00% 
CLASS[  2 (  7)] FAIL= 0.00% 
GENERATION=  777 FITNESS=    -1.235% TEST_ERROR=     11.76%
PROGRAMS=
if(!(x7<(x1+sin((exp(((x13+sin((-5.49)))+(-44.81)))/(-9.94))))|x7<x9|x8<=cos((cos((-1.25))+x2)))) CLASS=0.00
else 
if(x6>=x10-x12|x7+x11>x3) CLASS=1.00
else 
CLASS=2.00
** CONFUSION MATRIX ** Number of classes: 3
   5    1    0 
   0    3    1 
   0    0    7 
TEST REPORT=>
CLASS[  0 (  6)] FAIL=16.67% 
CLASS[  1 (  4)] FAIL=25.00% 
CLASS[  2 (  7)] FAIL= 0.00% 
CLASS_ERROR:   11.7647058824 PRECISION:    0.8750000000 RECALL:    0.8611111111 F1SCORE:    0.8680000000
 50:1.2346  100:1.2346  150:1.2346  200:1.2346  250:1.2346  300:1.2346  350:1.2346  400:1.2346  450:1.2346  500:1.2346 TEST REPORT=>
CLASS[  0 (  6)] FAIL=16.67% 
CLASS[  1 (  4)] FAIL=25.00% 
CLASS[  2 (  7)] FAIL= 0.00% 
GENERATION=  778 FITNESS=    -1.235% TEST_ERROR=     11.76%
PROGRAMS=
if(!(x7<(x1+sin((exp(((x13+sin((-5.49)))+(-44.81)))/(-9.94))))|x7<x9|x8<=cos((cos((-1.25))+x2)))) CLASS=0.00
else 
if(x6>=x10-x12|x7+x11>x3) CLASS=1.00
else 
CLASS=2.00
** CONFUSION MATRIX ** Number of classes: 3
   5    1    0 
   0    3    1 
   0    0    7 
TEST REPORT=>
CLASS[  0 (  6)] FAIL=16.67% 
CLASS[  1 (  4)] FAIL=25.00% 
CLASS[  2 (  7)] FAIL= 0.00% 
CLASS_ERROR:   11.7647058824 PRECISION:    0.8750000000 RECALL:    0.8611111111 F1SCORE:    0.8680000000
 50:1.2346  100:1.2346  150:1.2346  200:1.2346  250:1.2346  300:1.2346  350:1.2346  400:1.2346  450:1.2346  500:1.2346 TEST REPORT=>
CLASS[  0 (  6)] FAIL=16.67% 
CLASS[  1 (  4)] FAIL=25.00% 
CLASS[  2 (  7)] FAIL= 0.00% 
GENERATION=  779 FITNESS=    -1.235% TEST_ERROR=     11.76%
PROGRAMS=
if(!(x7<(x1+sin((exp(((x13+sin((-5.49)))+(-44.81)))/(-9.94))))|x7<x9|x8<=cos((cos((-1.25))+x2)))) CLASS=0.00
else 
if(x6>=x10-x12|x7+x11>x3) CLASS=1.00
else 
CLASS=2.00
** CONFUSION MATRIX ** Number of classes: 3
   5    1    0 
   0    3    1 
   0    0    7 
TEST REPORT=>
CLASS[  0 (  6)] FAIL=16.67% 
CLASS[  1 (  4)] FAIL=25.00% 
CLASS[  2 (  7)] FAIL= 0.00% 
CLASS_ERROR:   11.7647058824 PRECISION:    0.8750000000 RECALL:    0.8611111111 F1SCORE:    0.8680000000
 50:1.2346  100:1.2346  150:1.2346  200:1.2346  250:1.2346  300:1.2346  350:1.2346  400:1.2346  450:1.2346  500:1.2346 TEST REPORT=>
CLASS[  0 (  6)] FAIL=16.67% 
CLASS[  1 (  4)] FAIL=25.00% 
CLASS[  2 (  7)] FAIL= 0.00% 
GENERATION=  780 FITNESS=    -1.235% TEST_ERROR=     11.76%
PROGRAMS=
if(!(x7<(x1+sin((exp(((x13+sin((-5.49)))+(-44.81)))/(-9.94))))|x7<x9|x8<=cos((cos((-1.25))+x2)))) CLASS=0.00
else 
if(x6>=x10-x12|x7+x11>x3) CLASS=1.00
else 
CLASS=2.00
** CONFUSION MATRIX ** Number of classes: 3
   5    1    0 
   0    3    1 
   0    0    7 
TEST REPORT=>
CLASS[  0 (  6)] FAIL=16.67% 
CLASS[  1 (  4)] FAIL=25.00% 
CLASS[  2 (  7)] FAIL= 0.00% 
CLASS_ERROR:   11.7647058824 PRECISION:    0.8750000000 RECALL:    0.8611111111 F1SCORE:    0.8680000000
 50:1.2346  100:1.2346  150:1.2346  200:1.2346  250:1.2346  300:1.2346  350:1.2346  400:1.2346  450:1.2346  500:1.2346 TEST REPORT=>
CLASS[  0 (  6)] FAIL=16.67% 
CLASS[  1 (  4)] FAIL=25.00% 
CLASS[  2 (  7)] FAIL= 0.00% 
GENERATION=  781 FITNESS=    -1.235% TEST_ERROR=     11.76%
PROGRAMS=
if(!(x7<(x1+sin((exp(((x13+sin((-5.49)))+(-44.81)))/(-9.94))))|x7<x9|x8<=cos((cos((-1.25))+x2)))) CLASS=0.00
else 
if(x6>=x10-x12|x7+x11>x3) CLASS=1.00
else 
CLASS=2.00
** CONFUSION MATRIX ** Number of classes: 3
   5    1    0 
   0    3    1 
   0    0    7 
TEST REPORT=>
CLASS[  0 (  6)] FAIL=16.67% 
CLASS[  1 (  4)] FAIL=25.00% 
CLASS[  2 (  7)] FAIL= 0.00% 
CLASS_ERROR:   11.7647058824 PRECISION:    0.8750000000 RECALL:    0.8611111111 F1SCORE:    0.8680000000
 50:1.2346  100:1.2346  150:1.2346  200:1.2346  250:1.2346  300:1.2346  350:1.2346  400:1.2346  450:1.2346  500:1.2346 TEST REPORT=>
CLASS[  0 (  6)] FAIL=16.67% 
CLASS[  1 (  4)] FAIL=25.00% 
CLASS[  2 (  7)] FAIL= 0.00% 
GENERATION=  782 FITNESS=    -1.235% TEST_ERROR=     11.76%
PROGRAMS=
if(!(x7<(x1+sin((exp(((x13+sin((-5.49)))+(-44.81)))/(-9.94))))|x7<x9|x8<=cos((cos((-1.25))+x2)))) CLASS=0.00
else 
if(x6>=x10-x12|x7+x11>x3) CLASS=1.00
else 
CLASS=2.00
** CONFUSION MATRIX ** Number of classes: 3
   5    1    0 
   0    3    1 
   0    0    7 
TEST REPORT=>
CLASS[  0 (  6)] FAIL=16.67% 
CLASS[  1 (  4)] FAIL=25.00% 
CLASS[  2 (  7)] FAIL= 0.00% 
CLASS_ERROR:   11.7647058824 PRECISION:    0.8750000000 RECALL:    0.8611111111 F1SCORE:    0.8680000000
 50:1.2346  100:1.2346  150:1.2346  200:1.2346  250:1.2346  300:1.2346  350:1.2346  400:1.2346  450:1.2346  500:1.2346 TEST REPORT=>
CLASS[  0 (  6)] FAIL=16.67% 
CLASS[  1 (  4)] FAIL=25.00% 
CLASS[  2 (  7)] FAIL= 0.00% 
GENERATION=  783 FITNESS=    -1.235% TEST_ERROR=     11.76%
PROGRAMS=
if(!(x7<(x1+sin((exp(((x13+sin((-5.49)))+(-44.81)))/(-9.94))))|x7<x9|x8<=cos((cos((-1.25))+x2)))) CLASS=0.00
else 
if(x6>=x10-x12|x7+x11>x3) CLASS=1.00
else 
CLASS=2.00
** CONFUSION MATRIX ** Number of classes: 3
   5    1    0 
   0    3    1 
   0    0    7 
TEST REPORT=>
CLASS[  0 (  6)] FAIL=16.67% 
CLASS[  1 (  4)] FAIL=25.00% 
CLASS[  2 (  7)] FAIL= 0.00% 
CLASS_ERROR:   11.7647058824 PRECISION:    0.8750000000 RECALL:    0.8611111111 F1SCORE:    0.8680000000
 50:1.2346  100:1.2346  150:1.2346  200:1.2346  250:1.2346  300:1.2346  350:1.2346  400:1.2346  450:1.2346  500:1.2346 TEST REPORT=>
CLASS[  0 (  6)] FAIL=16.67% 
CLASS[  1 (  4)] FAIL=25.00% 
CLASS[  2 (  7)] FAIL= 0.00% 
GENERATION=  784 FITNESS=    -1.235% TEST_ERROR=     11.76%
PROGRAMS=
if(!(x7<(x1+sin((exp(((x13+sin((-5.49)))+(-44.81)))/(-9.94))))|x7<x9|x8<=cos((cos((-1.25))+x2)))) CLASS=0.00
else 
if(x6>=x10-x12|x7+x11>x3) CLASS=1.00
else 
CLASS=2.00
** CONFUSION MATRIX ** Number of classes: 3
   5    1    0 
   0    3    1 
   0    0    7 
TEST REPORT=>
CLASS[  0 (  6)] FAIL=16.67% 
CLASS[  1 (  4)] FAIL=25.00% 
CLASS[  2 (  7)] FAIL= 0.00% 
CLASS_ERROR:   11.7647058824 PRECISION:    0.8750000000 RECALL:    0.8611111111 F1SCORE:    0.8680000000
 50:1.2346  100:1.2346  150:1.2346  200:1.2346  250:1.2346  300:1.2346  350:1.2346  400:1.2346  450:1.2346  500:1.2346 TEST REPORT=>
CLASS[  0 (  6)] FAIL=16.67% 
CLASS[  1 (  4)] FAIL=25.00% 
CLASS[  2 (  7)] FAIL= 0.00% 
GENERATION=  785 FITNESS=    -1.235% TEST_ERROR=     11.76%
PROGRAMS=
if(!(x7<(x1+sin((exp(((x13+sin((-5.49)))+(-44.81)))/(-9.94))))|x7<x9|x8<=cos((cos((-1.25))+x2)))) CLASS=0.00
else 
if(x6>=x10-x12|x7+x11>x3) CLASS=1.00
else 
CLASS=2.00
** CONFUSION MATRIX ** Number of classes: 3
   5    1    0 
   0    3    1 
   0    0    7 
TEST REPORT=>
CLASS[  0 (  6)] FAIL=16.67% 
CLASS[  1 (  4)] FAIL=25.00% 
CLASS[  2 (  7)] FAIL= 0.00% 
CLASS_ERROR:   11.7647058824 PRECISION:    0.8750000000 RECALL:    0.8611111111 F1SCORE:    0.8680000000
 50:1.2346  100:1.2346  150:1.2346  200:1.2346  250:1.2346  300:1.2346  350:1.2346  400:1.2346  450:1.2346  500:1.2346 TEST REPORT=>
CLASS[  0 (  6)] FAIL=16.67% 
CLASS[  1 (  4)] FAIL=25.00% 
CLASS[  2 (  7)] FAIL= 0.00% 
GENERATION=  786 FITNESS=    -1.235% TEST_ERROR=     11.76%
PROGRAMS=
if(!(x7<(x1+sin((exp(((x13+sin((-5.49)))+(-44.81)))/(-9.94))))|x7<x9|x8<=cos((cos((-1.25))+x2)))) CLASS=0.00
else 
if(x6>=x10-x12|x7+x11>x3) CLASS=1.00
else 
CLASS=2.00
** CONFUSION MATRIX ** Number of classes: 3
   5    1    0 
   0    3    1 
   0    0    7 
TEST REPORT=>
CLASS[  0 (  6)] FAIL=16.67% 
CLASS[  1 (  4)] FAIL=25.00% 
CLASS[  2 (  7)] FAIL= 0.00% 
CLASS_ERROR:   11.7647058824 PRECISION:    0.8750000000 RECALL:    0.8611111111 F1SCORE:    0.8680000000
 50:1.2346  100:1.2346  150:1.2346  200:1.2346  250:1.2346  300:1.2346  350:1.2346  400:1.2346  450:1.2346  500:1.2346 TEST REPORT=>
CLASS[  0 (  6)] FAIL=16.67% 
CLASS[  1 (  4)] FAIL=25.00% 
CLASS[  2 (  7)] FAIL= 0.00% 
GENERATION=  787 FITNESS=    -1.235% TEST_ERROR=     11.76%
PROGRAMS=
if(!(x7<(x1+sin((exp(((x13+sin((-5.49)))+(-44.81)))/(-9.94))))|x7<x9|x8<=cos((cos((-1.25))+x2)))) CLASS=0.00
else 
if(x6>=x10-x12|x7+x11>x3) CLASS=1.00
else 
CLASS=2.00
** CONFUSION MATRIX ** Number of classes: 3
   5    1    0 
   0    3    1 
   0    0    7 
TEST REPORT=>
CLASS[  0 (  6)] FAIL=16.67% 
CLASS[  1 (  4)] FAIL=25.00% 
CLASS[  2 (  7)] FAIL= 0.00% 
CLASS_ERROR:   11.7647058824 PRECISION:    0.8750000000 RECALL:    0.8611111111 F1SCORE:    0.8680000000
 50:1.2346  100:1.2346  150:1.2346  200:1.2346  250:1.2346  300:1.2346  350:1.2346  400:1.2346  450:1.2346  500:1.2346 TEST REPORT=>
CLASS[  0 (  6)] FAIL=16.67% 
CLASS[  1 (  4)] FAIL=25.00% 
CLASS[  2 (  7)] FAIL= 0.00% 
GENERATION=  788 FITNESS=    -1.235% TEST_ERROR=     11.76%
PROGRAMS=
if(!(x7<(x1+sin((exp(((x13+sin((-5.49)))+(-44.81)))/(-9.94))))|x7<x9|x8<=cos((cos((-1.25))+x2)))) CLASS=0.00
else 
if(x6>=x10-x12|x7+x11>x3) CLASS=1.00
else 
CLASS=2.00
** CONFUSION MATRIX ** Number of classes: 3
   5    1    0 
   0    3    1 
   0    0    7 
TEST REPORT=>
CLASS[  0 (  6)] FAIL=16.67% 
CLASS[  1 (  4)] FAIL=25.00% 
CLASS[  2 (  7)] FAIL= 0.00% 
CLASS_ERROR:   11.7647058824 PRECISION:    0.8750000000 RECALL:    0.8611111111 F1SCORE:    0.8680000000
 50:1.2346  100:1.2346  150:1.2346  200:1.2346  250:1.2346  300:1.2346  350:1.2346  400:1.2346  450:1.2346  500:1.2346 TEST REPORT=>
CLASS[  0 (  6)] FAIL=16.67% 
CLASS[  1 (  4)] FAIL=25.00% 
CLASS[  2 (  7)] FAIL= 0.00% 
GENERATION=  789 FITNESS=    -1.235% TEST_ERROR=     11.76%
PROGRAMS=
if(!(x7<(x1+sin((exp(((x13+sin((-5.49)))+(-44.81)))/(-9.94))))|x7<x9|x8<=cos((cos((-1.25))+x2)))) CLASS=0.00
else 
if(x6>=x10-x12|x7+x11>x3) CLASS=1.00
else 
CLASS=2.00
** CONFUSION MATRIX ** Number of classes: 3
   5    1    0 
   0    3    1 
   0    0    7 
TEST REPORT=>
CLASS[  0 (  6)] FAIL=16.67% 
CLASS[  1 (  4)] FAIL=25.00% 
CLASS[  2 (  7)] FAIL= 0.00% 
CLASS_ERROR:   11.7647058824 PRECISION:    0.8750000000 RECALL:    0.8611111111 F1SCORE:    0.8680000000
 50:1.2346  100:1.2346  150:1.2346  200:1.2346  250:1.2346  300:1.2346  350:1.2346  400:1.2346  450:1.2346  500:1.2346 TEST REPORT=>
CLASS[  0 (  6)] FAIL=16.67% 
CLASS[  1 (  4)] FAIL=25.00% 
CLASS[  2 (  7)] FAIL= 0.00% 
GENERATION=  790 FITNESS=    -1.235% TEST_ERROR=     11.76%
PROGRAMS=
if(!(x7<(x1+sin((exp(((x13+sin((-5.49)))+(-44.81)))/(-9.94))))|x7<x9|x8<=cos((cos((-1.25))+x2)))) CLASS=0.00
else 
if(x6>=x10-x12|x7+x11>x3) CLASS=1.00
else 
CLASS=2.00
** CONFUSION MATRIX ** Number of classes: 3
   5    1    0 
   0    3    1 
   0    0    7 
TEST REPORT=>
CLASS[  0 (  6)] FAIL=16.67% 
CLASS[  1 (  4)] FAIL=25.00% 
CLASS[  2 (  7)] FAIL= 0.00% 
CLASS_ERROR:   11.7647058824 PRECISION:    0.8750000000 RECALL:    0.8611111111 F1SCORE:    0.8680000000
 50:1.2346  100:1.2346  150:1.2346  200:1.2346  250:1.2346  300:1.2346  350:1.2346  400:1.2346  450:1.2346  500:1.2346 TEST REPORT=>
CLASS[  0 (  6)] FAIL=16.67% 
CLASS[  1 (  4)] FAIL=25.00% 
CLASS[  2 (  7)] FAIL= 0.00% 
GENERATION=  791 FITNESS=    -1.235% TEST_ERROR=     11.76%
PROGRAMS=
if(!(x7<(x1+sin((exp(((x13+sin((-5.49)))+(-44.81)))/(-9.94))))|x7<x9|x8<=cos((cos((-1.25))+x2)))) CLASS=0.00
else 
if(x6>=x10-x12|x7+x11>x3) CLASS=1.00
else 
CLASS=2.00
** CONFUSION MATRIX ** Number of classes: 3
   5    1    0 
   0    3    1 
   0    0    7 
TEST REPORT=>
CLASS[  0 (  6)] FAIL=16.67% 
CLASS[  1 (  4)] FAIL=25.00% 
CLASS[  2 (  7)] FAIL= 0.00% 
CLASS_ERROR:   11.7647058824 PRECISION:    0.8750000000 RECALL:    0.8611111111 F1SCORE:    0.8680000000
 50:1.2346  100:1.2346  150:1.2346  200:1.2346  250:1.2346  300:1.2346  350:1.2346  400:1.2346  450:1.2346  500:1.2346 
TARGETED STAGNATION BURST generation=792 stagnation=20
TARGETED_BEST[0] START fitness=-1.2345679012
TARGETED_BEST[0] END fitness=-1.2345679012 accepted=0
TARGETED_BEST[1] START fitness=-1.2345679012
TARGETED_BEST[1] END fitness=-1.2345679012 accepted=0
TARGETED_BEST[2] START fitness=-1.2345679012
TARGETED_BEST[2] END fitness=-1.2345679012 accepted=0
TARGETED_BEST[3] START fitness=-1.2345679012
TARGETED_BEST[3] END fitness=-1.2345679012 accepted=0
TARGETED_BEST[4] START fitness=-1.2345679012
TARGETED_BEST[4] END fitness=-1.2345679012 accepted=0
TARGETED_BEST[5] START fitness=-1.2345679012
TARGETED_BEST[5] END fitness=-1.2345679012 accepted=0
TARGETED_BEST[6] START fitness=-1.2345679012
TARGETED_BEST[6] END fitness=-1.2345679012 accepted=0
TARGETED_BEST[7] START fitness=-1.2345679012
TARGETED_BEST[7] END fitness=-1.2345679012 accepted=0
TARGETED_BEST[8] START fitness=-1.2345679012
TARGETED_BEST[8] END fitness=-1.2345679012 accepted=0
TARGETED_BEST[9] START fitness=-1.2345679012
TARGETED_BEST[9] END fitness=-1.2345679012 accepted=0
TARGETED_BEST[10] START fitness=-1.2345679012
TARGETED_BEST[10] END fitness=-1.2345679012 accepted=0
TARGETED_BEST[11] START fitness=-1.2345679012
TARGETED_BEST[11] END fitness=-1.2345679012 accepted=0
TARGETED_BEST[12] START fitness=-1.2345679012
TARGETED_BEST[12] END fitness=-1.2345679012 accepted=0
TARGETED_BEST[13] START fitness=-1.2345679012
TARGETED_BEST[13] END fitness=-1.2345679012 accepted=0
TARGETED_BEST[14] START fitness=-1.2345679012
TARGETED_BEST[14] END fitness=-1.2345679012 accepted=0
TARGETED_BEST[15] START fitness=-1.2345679012
TARGETED_BEST[15] END fitness=-1.2345679012 accepted=0
TARGETED_BEST[16] START fitness=-1.2345679012
TARGETED_BEST[16] END fitness=-1.2345679012 accepted=0
TARGETED_BEST[17] START fitness=-1.2345679012
TARGETED_BEST[17] END fitness=-1.2345679012 accepted=0
TARGETED_BEST[18] START fitness=-1.2345679012
TARGETED_BEST[18] END fitness=-1.2345679012 accepted=0
TARGETED_BEST[19] START fitness=-1.2345679012
TARGETED_BEST[19] END fitness=-1.2345679012 accepted=0
TEST REPORT=>
CLASS[  0 (  6)] FAIL=16.67% 
CLASS[  1 (  4)] FAIL=25.00% 
CLASS[  2 (  7)] FAIL= 0.00% 
GENERATION=  792 FITNESS=    -1.235% TEST_ERROR=     11.76%
PROGRAMS=
if(!(x7<(x1+sin((exp(((x13+sin((-5.49)))+(-44.81)))/(-9.94))))|x7<x9|x8<=cos((cos((-1.25))+x2)))) CLASS=0.00
else 
if(x6>=x10-x12|x7+x11>x3) CLASS=1.00
else 
CLASS=2.00
** CONFUSION MATRIX ** Number of classes: 3
   5    1    0 
   0    3    1 
   0    0    7 
TEST REPORT=>
CLASS[  0 (  6)] FAIL=16.67% 
CLASS[  1 (  4)] FAIL=25.00% 
CLASS[  2 (  7)] FAIL= 0.00% 
CLASS_ERROR:   11.7647058824 PRECISION:    0.8750000000 RECALL:    0.8611111111 F1SCORE:    0.8680000000
 50:1.2346  100:1.2346  150:1.2346  200:1.2346  250:1.2346  300:1.2346  350:1.2346  400:1.2346  450:1.2346  500:1.2346 TEST REPORT=>
CLASS[  0 (  6)] FAIL=16.67% 
CLASS[  1 (  4)] FAIL=25.00% 
CLASS[  2 (  7)] FAIL= 0.00% 
GENERATION=  793 FITNESS=    -1.235% TEST_ERROR=     11.76%
PROGRAMS=
if(!(x7<(x1+sin((exp(((x13+sin((-5.49)))+(-44.81)))/(-9.94))))|x7<x9|x8<=cos((cos((-1.25))+x2)))) CLASS=0.00
else 
if(x6>=x10-x12|x7+x11>x3) CLASS=1.00
else 
CLASS=2.00
** CONFUSION MATRIX ** Number of classes: 3
   5    1    0 
   0    3    1 
   0    0    7 
TEST REPORT=>
CLASS[  0 (  6)] FAIL=16.67% 
CLASS[  1 (  4)] FAIL=25.00% 
CLASS[  2 (  7)] FAIL= 0.00% 
CLASS_ERROR:   11.7647058824 PRECISION:    0.8750000000 RECALL:    0.8611111111 F1SCORE:    0.8680000000
 50:1.2346  100:1.2346  150:1.2346  200:1.2346  250:1.2346  300:1.2346  350:1.2346  400:1.2346  450:1.2346  500:1.2346 TEST REPORT=>
CLASS[  0 (  6)] FAIL=16.67% 
CLASS[  1 (  4)] FAIL=25.00% 
CLASS[  2 (  7)] FAIL= 0.00% 
GENERATION=  794 FITNESS=    -1.235% TEST_ERROR=     11.76%
PROGRAMS=
if(!(x7<(x1+sin((exp(((x13+sin((-5.49)))+(-44.81)))/(-9.94))))|x7<x9|x8<=cos((cos((-1.25))+x2)))) CLASS=0.00
else 
if(x6>=x10-x12|x7+x11>x3) CLASS=1.00
else 
CLASS=2.00
** CONFUSION MATRIX ** Number of classes: 3
   5    1    0 
   0    3    1 
   0    0    7 
TEST REPORT=>
CLASS[  0 (  6)] FAIL=16.67% 
CLASS[  1 (  4)] FAIL=25.00% 
CLASS[  2 (  7)] FAIL= 0.00% 
CLASS_ERROR:   11.7647058824 PRECISION:    0.8750000000 RECALL:    0.8611111111 F1SCORE:    0.8680000000
 50:1.2346  100:1.2346  150:1.2346  200:1.2346  250:1.2346  300:1.2346  350:1.2346  400:1.2346  450:1.2346  500:1.2346 TEST REPORT=>
CLASS[  0 (  6)] FAIL=16.67% 
CLASS[  1 (  4)] FAIL=25.00% 
CLASS[  2 (  7)] FAIL= 0.00% 
GENERATION=  795 FITNESS=    -1.235% TEST_ERROR=     11.76%
PROGRAMS=
if(!(x7<(x1+sin((exp(((x13+sin((-5.49)))+(-44.81)))/(-9.94))))|x7<x9|x8<=cos((cos((-1.25))+x2)))) CLASS=0.00
else 
if(x6>=x10-x12|x7+x11>x3) CLASS=1.00
else 
CLASS=2.00
** CONFUSION MATRIX ** Number of classes: 3
   5    1    0 
   0    3    1 
   0    0    7 
TEST REPORT=>
CLASS[  0 (  6)] FAIL=16.67% 
CLASS[  1 (  4)] FAIL=25.00% 
CLASS[  2 (  7)] FAIL= 0.00% 
CLASS_ERROR:   11.7647058824 PRECISION:    0.8750000000 RECALL:    0.8611111111 F1SCORE:    0.8680000000
 50:1.2346  100:1.2346  150:1.2346  200:1.2346  250:1.2346  300:1.2346  350:1.2346  400:1.2346  450:1.2346  500:1.2346 TEST REPORT=>
CLASS[  0 (  6)] FAIL=16.67% 
CLASS[  1 (  4)] FAIL=25.00% 
CLASS[  2 (  7)] FAIL= 0.00% 
GENERATION=  796 FITNESS=    -1.235% TEST_ERROR=     11.76%
PROGRAMS=
if(!(x7<(x1+sin((exp(((x13+sin((-5.49)))+(-44.81)))/(-9.94))))|x7<x9|x8<=cos((cos((-1.25))+x2)))) CLASS=0.00
else 
if(x6>=x10-x12|x7+x11>x3) CLASS=1.00
else 
CLASS=2.00
** CONFUSION MATRIX ** Number of classes: 3
   5    1    0 
   0    3    1 
   0    0    7 
TEST REPORT=>
CLASS[  0 (  6)] FAIL=16.67% 
CLASS[  1 (  4)] FAIL=25.00% 
CLASS[  2 (  7)] FAIL= 0.00% 
CLASS_ERROR:   11.7647058824 PRECISION:    0.8750000000 RECALL:    0.8611111111 F1SCORE:    0.8680000000
 50:1.2346  100:1.2346  150:1.2346  200:1.2346  250:1.2346  300:1.2346  350:1.2346  400:1.2346  450:1.2346  500:1.2346 TEST REPORT=>
CLASS[  0 (  6)] FAIL=16.67% 
CLASS[  1 (  4)] FAIL=25.00% 
CLASS[  2 (  7)] FAIL= 0.00% 
GENERATION=  797 FITNESS=    -1.235% TEST_ERROR=     11.76%
PROGRAMS=
if(!(x7<(x1+sin((exp(((x13+sin((-5.49)))+(-44.81)))/(-9.94))))|x7<x9|x8<=cos((cos((-1.25))+x2)))) CLASS=0.00
else 
if(x6>=x10-x12|x7+x11>x3) CLASS=1.00
else 
CLASS=2.00
** CONFUSION MATRIX ** Number of classes: 3
   5    1    0 
   0    3    1 
   0    0    7 
TEST REPORT=>
CLASS[  0 (  6)] FAIL=16.67% 
CLASS[  1 (  4)] FAIL=25.00% 
CLASS[  2 (  7)] FAIL= 0.00% 
CLASS_ERROR:   11.7647058824 PRECISION:    0.8750000000 RECALL:    0.8611111111 F1SCORE:    0.8680000000
 50:1.2346  100:1.2346  150:1.2346  200:1.2346  250:1.2346  300:1.2346  350:1.2346  400:1.2346  450:1.2346  500:1.2346 TEST REPORT=>
CLASS[  0 (  6)] FAIL=16.67% 
CLASS[  1 (  4)] FAIL=25.00% 
CLASS[  2 (  7)] FAIL= 0.00% 
GENERATION=  798 FITNESS=    -1.235% TEST_ERROR=     11.76%
PROGRAMS=
if(!(x7<(x1+sin((exp(((x13+sin((-5.49)))+(-44.81)))/(-9.94))))|x7<x9|x8<=cos((cos((-1.25))+x2)))) CLASS=0.00
else 
if(x6>=x10-x12|x7+x11>x3) CLASS=1.00
else 
CLASS=2.00
** CONFUSION MATRIX ** Number of classes: 3
   5    1    0 
   0    3    1 
   0    0    7 
TEST REPORT=>
CLASS[  0 (  6)] FAIL=16.67% 
CLASS[  1 (  4)] FAIL=25.00% 
CLASS[  2 (  7)] FAIL= 0.00% 
CLASS_ERROR:   11.7647058824 PRECISION:    0.8750000000 RECALL:    0.8611111111 F1SCORE:    0.8680000000
 50:1.2346  100:1.2346  150:1.2346  200:1.2346  250:1.2346  300:1.2346  350:1.2346  400:1.2346  450:1.2346  500:1.2346 TEST REPORT=>
CLASS[  0 (  6)] FAIL=16.67% 
CLASS[  1 (  4)] FAIL=25.00% 
CLASS[  2 (  7)] FAIL= 0.00% 
GENERATION=  799 FITNESS=    -1.235% TEST_ERROR=     11.76%
PROGRAMS=
if(!(x7<(x1+sin((exp(((x13+sin((-5.49)))+(-44.81)))/(-9.94))))|x7<x9|x8<=cos((cos((-1.25))+x2)))) CLASS=0.00
else 
if(x6>=x10-x12|x7+x11>x3) CLASS=1.00
else 
CLASS=2.00
** CONFUSION MATRIX ** Number of classes: 3
   5    1    0 
   0    3    1 
   0    0    7 
TEST REPORT=>
CLASS[  0 (  6)] FAIL=16.67% 
CLASS[  1 (  4)] FAIL=25.00% 
CLASS[  2 (  7)] FAIL= 0.00% 
CLASS_ERROR:   11.7647058824 PRECISION:    0.8750000000 RECALL:    0.8611111111 F1SCORE:    0.8680000000
 50:1.2346  100:1.2346  150:1.2346  200:1.2346  250:1.2346  300:1.2346  350:1.2346  400:1.2346  450:1.2346  500:1.2346 TARGETED[0] START fitness=       -1.2345679012
TARGETED[0] END fitness=       -1.2345679012 accepted=0
TARGETED[209] START fitness=      -32.7160493827
TARGETED[209] END fitness=      -32.7160493827 accepted=0
TARGETED[238] START fitness=      -32.7160493827
TARGETED[238] END fitness=      -32.7160493827 accepted=0
TARGETED[448] START fitness=-100000000.0000000000
TARGETED[448] iter=14 type=BINARY_OPERATOR codonPos=34 codon=111->112 rule=3->0 fitness=-100000000.0000000000->      -32.7160493827
TARGETED[448] iter=42 type=FUNCTION codonPos=9 codon=64->66 rule=0->2 fitness=      -32.7160493827->       -5.5555555556
TARGETED[448] iter=47 type=VARIABLE codonPos=45 codon=23->25 rule=8->10 fitness=       -5.5555555556->       -4.9382716049
TARGETED[448] END fitness=       -4.9382716049 accepted=3
TARGETED[354] START fitness=      -58.6419753086
TARGETED[354] iter=1 type=BINARY_OPERATOR codonPos=7 codon=28->30 rule=0->2 fitness=      -58.6419753086->      -54.9382716049
TARGETED[354] iter=7 type=VARIABLE codonPos=6 codon=240->242 rule=0->2 fitness=      -54.9382716049->      -43.2098765432
TARGETED[354] iter=15 type=VARIABLE codonPos=45 codon=23->17 rule=8->2 fitness=      -43.2098765432->      -41.9753086420
TARGETED[354] iter=41 type=VARIABLE codonPos=2 codon=126->129 rule=6->9 fitness=      -41.9753086420->      -40.7407407407
TARGETED[354] iter=48 type=UNKNOWN codonPos=32 codon=126->129 rule=6->9 fitness=      -40.7407407407->      -40.1234567901
TARGETED[354] END fitness=      -40.1234567901 accepted=5
TARGETED[373] START fitness=      -61.7283950617
TARGETED[373] iter=2 type=UNKNOWN codonPos=36 codon=124->125 rule=0->1 fitness=      -61.7283950617->      -32.7160493827
TARGETED[373] END fitness=      -32.7160493827 accepted=1
TARGETED[11] START fitness=       -1.2345679012
TARGETED[11] END fitness=       -1.2345679012 accepted=0
TARGETED[497] START fitness=-100000000.0000000000
TARGETED[497] iter=2 type=VARIABLE codonPos=110 codon=231->224 rule=6->14 fitness=-100000000.0000000000->      -51.8518518519
TARGETED[497] iter=4 type=VARIABLE codonPos=104 codon=77->74 rule=2->14 fitness=      -51.8518518519->      -40.1234567901
TARGETED[497] iter=9 type=VARIABLE codonPos=101 codon=80->86 rule=5->11 fitness=      -40.1234567901->      -36.4197530864
TARGETED[497] iter=13 type=VARIABLE codonPos=114 codon=199->193 rule=4->13 fitness=      -36.4197530864->      -35.8024691358
TARGETED[497] iter=15 type=VARIABLE codonPos=129 codon=8->11 rule=8->11 fitness=      -35.8024691358->      -35.1851851852
TARGETED[497] END fitness=      -35.1851851852 accepted=5
TARGETED[241] START fitness=      -32.7160493827
TARGETED[241] iter=7 type=VARIABLE codonPos=54 codon=238->240 rule=13->0 fitness=      -32.7160493827->       -1.2345679012
TARGETED[241] END fitness=       -1.2345679012 accepted=1
TARGETED[445] START fitness=-100000000.0000000000
TARGETED[445] END fitness=-100000000.0000000000 accepted=0
TARGETED[21] START fitness=       -1.2345679012
TARGETED[21] END fitness=       -1.2345679012 accepted=0
TARGETED[417] START fitness=-100000000.0000000000
TARGETED[417] END fitness=-100000000.0000000000 accepted=0
TARGETED[196] START fitness=      -32.7160493827
TARGETED[196] iter=1 type=VARIABLE codonPos=16 codon=132->134 rule=12->14 fitness=      -32.7160493827->      -32.0987654321
TARGETED[196] iter=4 type=VARIABLE codonPos=45 codon=23->17 rule=8->2 fitness=      -32.0987654321->      -28.3950617284
TARGETED[196] iter=5 type=VARIABLE codonPos=19 codon=22->29 rule=7->14 fitness=      -28.3950617284->      -19.7530864198
TARGETED[196] iter=7 type=VARIABLE codonPos=17 codon=52->47 rule=7->2 fitness=      -19.7530864198->      -19.1358024691
TARGETED[196] iter=29 type=VARIABLE codonPos=47 codon=26->22 rule=11->7 fitness=      -19.1358024691->      -15.4320987654
TARGETED[196] END fitness=      -15.4320987654 accepted=5
TARGETED[34] START fitness=       -1.2345679012
TARGETED[34] END fitness=       -1.2345679012 accepted=0
TARGETED[225] START fitness=      -32.7160493827
TARGETED[225] iter=5 type=UNKNOWN codonPos=57 codon=187->186 rule=1->0 fitness=      -32.7160493827->       -6.1728395062
TARGETED[225] iter=32 type=UNKNOWN codonPos=88 codon=204->200 rule=4->0 fitness=       -6.1728395062->       -3.0864197531
TARGETED[225] iter=33 type=VARIABLE codonPos=82 codon=81->85 rule=6->10 fitness=       -3.0864197531->       -2.4691358025
TARGETED[225] END fitness=       -2.4691358025 accepted=3
TARGETED[378] START fitness=      -63.5802469136
TARGETED[378] iter=1 type=VARIABLE codonPos=6 codon=240->239 rule=0->14 fitness=      -63.5802469136->      -33.3333333333
TARGETED[378] iter=9 type=VARIABLE codonPos=112 codon=235->239 rule=10->14 fitness=      -33.3333333333->      -29.6296296296
TARGETED[378] iter=19 type=UNKNOWN codonPos=29 codon=123->124 rule=3->4 fitness=      -29.6296296296->      -28.3950617284
TARGETED[378] END fitness=      -28.3950617284 accepted=3
TARGETED[472] START fitness=-100000000.0000000000
TARGETED[472] iter=4 type=VARIABLE codonPos=16 codon=222->225 rule=12->0 fitness=-100000000.0000000000->      -32.7160493827
TARGETED[472] END fitness=      -32.7160493827 accepted=1
TARGETED[301] START fitness=      -38.2716049383
TARGETED[301] iter=8 type=VARIABLE codonPos=47 codon=217->223 rule=7->13 fitness=      -38.2716049383->      -32.7160493827
TARGETED[301] iter=46 type=UNKNOWN codonPos=36 codon=124->125 rule=0->1 fitness=      -32.7160493827->      -24.0740740741
TARGETED[301] END fitness=      -24.0740740741 accepted=2
TARGETED[330] START fitness=      -57.4074074074
TARGETED[330] iter=8 type=FUNCTION codonPos=5 codon=229->228 rule=1->0 fitness=      -57.4074074074->      -37.6543209877
TARGETED[330] iter=13 type=VARIABLE codonPos=45 codon=68->62 rule=8->2 fitness=      -37.6543209877->      -35.1851851852
TARGETED[330] iter=14 type=UNKNOWN codonPos=33 codon=191->195 rule=1->5 fitness=      -35.1851851852->      -33.9506172840
TARGETED[330] iter=18 type=UNKNOWN codonPos=22 codon=178->181 rule=8->1 fitness=      -33.9506172840->      -33.3333333333
TARGETED[330] iter=23 type=VARIABLE codonPos=104 codon=37->31 rule=7->1 fitness=      -33.3333333333->      -22.2222222222
TARGETED[330] iter=24 type=UNKNOWN codonPos=58 codon=42->44 rule=2->4 fitness=      -22.2222222222->      -21.6049382716
TARGETED[330] iter=26 type=FUNCTION codonPos=7 codon=101->103 rule=1->3 fitness=      -21.6049382716->      -20.9876543210
TARGETED[330] iter=31 type=VARIABLE codonPos=101 codon=80->86 rule=5->11 fitness=      -20.9876543210->      -14.1975308642
TARGETED[330] iter=35 type=VARIABLE codonPos=45 codon=62->68 rule=2->8 fitness=      -14.1975308642->       -9.8765432099
TARGETED[330] END fitness=       -9.8765432099 accepted=9
TARGETED[86] START fitness=       -6.1728395062
TARGETED[86] END fitness=       -6.1728395062 accepted=0
TEST REPORT=>
CLASS[  0 (  6)] FAIL=16.67% 
CLASS[  1 (  4)] FAIL=25.00% 
CLASS[  2 (  7)] FAIL= 0.00% 
GENERATION=  800 FITNESS=    -1.235% TEST_ERROR=     11.76%
PROGRAMS=
if(!(x7<(x1+sin((exp(((x13+sin((-5.49)))+(-44.81)))/(-9.94))))|x7<x9|x8<=cos((cos((-1.25))+x2)))) CLASS=0.00
else 
if(x6>=x10-x12|x7+x11>x3) CLASS=1.00
else 
CLASS=2.00
** CONFUSION MATRIX ** Number of classes: 3
   5    1    0 
   0    3    1 
   0    0    7 
TEST REPORT=>
CLASS[  0 (  6)] FAIL=16.67% 
CLASS[  1 (  4)] FAIL=25.00% 
CLASS[  2 (  7)] FAIL= 0.00% 
CLASS_ERROR:   11.7647058824 PRECISION:    0.8750000000 RECALL:    0.8611111111 F1SCORE:    0.8680000000
 50:1.2346  100:1.2346  150:1.2346  200:1.2346  250:1.2346  300:1.2346  350:1.2346  400:1.2346  450:1.2346  500:1.2346 TEST REPORT=>
CLASS[  0 (  6)] FAIL=16.67% 
CLASS[  1 (  4)] FAIL=25.00% 
CLASS[  2 (  7)] FAIL= 0.00% 
GENERATION=  801 FITNESS=    -1.235% TEST_ERROR=     11.76%
PROGRAMS=
if(!(x7<(x1+sin((exp(((x13+sin((-5.49)))+(-44.81)))/(-9.94))))|x7<x9|x8<=cos((cos((-1.25))+x2)))) CLASS=0.00
else 
if(x6>=x10-x12|x7+x11>x3) CLASS=1.00
else 
CLASS=2.00
** CONFUSION MATRIX ** Number of classes: 3
   5    1    0 
   0    3    1 
   0    0    7 
TEST REPORT=>
CLASS[  0 (  6)] FAIL=16.67% 
CLASS[  1 (  4)] FAIL=25.00% 
CLASS[  2 (  7)] FAIL= 0.00% 
CLASS_ERROR:   11.7647058824 PRECISION:    0.8750000000 RECALL:    0.8611111111 F1SCORE:    0.8680000000
 50:1.2346  100:1.2346  150:1.2346  200:1.2346  250:1.2346  300:1.2346  350:1.2346  400:1.2346  450:1.2346  500:1.2346 TEST REPORT=>
CLASS[  0 (  6)] FAIL=16.67% 
CLASS[  1 (  4)] FAIL=25.00% 
CLASS[  2 (  7)] FAIL= 0.00% 
GENERATION=  802 FITNESS=    -1.235% TEST_ERROR=     11.76%
PROGRAMS=
if(!(x7<(x1+sin((exp(((x13+sin((-5.49)))+(-44.81)))/(-9.94))))|x7<x9|x8<=cos((cos((-1.25))+x2)))) CLASS=0.00
else 
if(x6>=x10-x12|x7+x11>x3) CLASS=1.00
else 
CLASS=2.00
** CONFUSION MATRIX ** Number of classes: 3
   5    1    0 
   0    3    1 
   0    0    7 
TEST REPORT=>
CLASS[  0 (  6)] FAIL=16.67% 
CLASS[  1 (  4)] FAIL=25.00% 
CLASS[  2 (  7)] FAIL= 0.00% 
CLASS_ERROR:   11.7647058824 PRECISION:    0.8750000000 RECALL:    0.8611111111 F1SCORE:    0.8680000000
 50:1.2346  100:1.2346  150:1.2346  200:1.2346  250:1.2346  300:1.2346  350:1.2346  400:1.2346  450:1.2346  500:1.2346 TEST REPORT=>
CLASS[  0 (  6)] FAIL=16.67% 
CLASS[  1 (  4)] FAIL=25.00% 
CLASS[  2 (  7)] FAIL= 0.00% 
GENERATION=  803 FITNESS=    -1.235% TEST_ERROR=     11.76%
PROGRAMS=
if(!(x7<(x1+sin((exp(((x13+sin((-5.49)))+(-44.81)))/(-9.94))))|x7<x9|x8<=cos((cos((-1.25))+x2)))) CLASS=0.00
else 
if(x6>=x10-x12|x7+x11>x3) CLASS=1.00
else 
CLASS=2.00
** CONFUSION MATRIX ** Number of classes: 3
   5    1    0 
   0    3    1 
   0    0    7 
TEST REPORT=>
CLASS[  0 (  6)] FAIL=16.67% 
CLASS[  1 (  4)] FAIL=25.00% 
CLASS[  2 (  7)] FAIL= 0.00% 
CLASS_ERROR:   11.7647058824 PRECISION:    0.8750000000 RECALL:    0.8611111111 F1SCORE:    0.8680000000
 50:1.2346  100:1.2346  150:1.2346  200:1.2346  250:1.2346  300:1.2346  350:1.2346  400:1.2346  450:1.2346  500:1.2346 TEST REPORT=>
CLASS[  0 (  6)] FAIL=16.67% 
CLASS[  1 (  4)] FAIL=25.00% 
CLASS[  2 (  7)] FAIL= 0.00% 
GENERATION=  804 FITNESS=    -1.235% TEST_ERROR=     11.76%
PROGRAMS=
if(!(x7<(x1+sin((exp(((x13+sin((-5.49)))+(-44.81)))/(-9.94))))|x7<x9|x8<=cos((cos((-1.25))+x2)))) CLASS=0.00
else 
if(x6>=x10-x12|x7+x11>x3) CLASS=1.00
else 
CLASS=2.00
** CONFUSION MATRIX ** Number of classes: 3
   5    1    0 
   0    3    1 
   0    0    7 
TEST REPORT=>
CLASS[  0 (  6)] FAIL=16.67% 
CLASS[  1 (  4)] FAIL=25.00% 
CLASS[  2 (  7)] FAIL= 0.00% 
CLASS_ERROR:   11.7647058824 PRECISION:    0.8750000000 RECALL:    0.8611111111 F1SCORE:    0.8680000000
 50:1.2346  100:1.2346  150:1.2346  200:1.2346  250:1.2346  300:1.2346  350:1.2346  400:1.2346  450:1.2346  500:1.2346 TEST REPORT=>
CLASS[  0 (  6)] FAIL=16.67% 
CLASS[  1 (  4)] FAIL=25.00% 
CLASS[  2 (  7)] FAIL= 0.00% 
GENERATION=  805 FITNESS=    -1.235% TEST_ERROR=     11.76%
PROGRAMS=
if(!(x7<(x1+sin((exp(((x13+sin((-5.49)))+(-44.81)))/(-9.94))))|x7<x9|x8<=cos((cos((-1.25))+x2)))) CLASS=0.00
else 
if(x6>=x10-x12|x7+x11>x3) CLASS=1.00
else 
CLASS=2.00
** CONFUSION MATRIX ** Number of classes: 3
   5    1    0 
   0    3    1 
   0    0    7 
TEST REPORT=>
CLASS[  0 (  6)] FAIL=16.67% 
CLASS[  1 (  4)] FAIL=25.00% 
CLASS[  2 (  7)] FAIL= 0.00% 
CLASS_ERROR:   11.7647058824 PRECISION:    0.8750000000 RECALL:    0.8611111111 F1SCORE:    0.8680000000
 50:1.2346  100:1.2346  150:1.2346  200:1.2346  250:1.2346  300:1.2346  350:1.2346  400:1.2346  450:1.2346  500:1.2346 TEST REPORT=>
CLASS[  0 (  6)] FAIL=16.67% 
CLASS[  1 (  4)] FAIL=25.00% 
CLASS[  2 (  7)] FAIL= 0.00% 
GENERATION=  806 FITNESS=    -1.235% TEST_ERROR=     11.76%
PROGRAMS=
if(!(x7<(x1+sin((exp(((x13+sin((-5.49)))+(-44.81)))/(-9.94))))|x7<x9|x8<=cos((cos((-1.25))+x2)))) CLASS=0.00
else 
if(x6>=x10-x12|x7+x11>x3) CLASS=1.00
else 
CLASS=2.00
** CONFUSION MATRIX ** Number of classes: 3
   5    1    0 
   0    3    1 
   0    0    7 
TEST REPORT=>
CLASS[  0 (  6)] FAIL=16.67% 
CLASS[  1 (  4)] FAIL=25.00% 
CLASS[  2 (  7)] FAIL= 0.00% 
CLASS_ERROR:   11.7647058824 PRECISION:    0.8750000000 RECALL:    0.8611111111 F1SCORE:    0.8680000000
 50:1.2346  100:1.2346  150:1.2346  200:1.2346  250:1.2346  300:1.2346  350:1.2346  400:1.2346  450:1.2346  500:1.2346 TEST REPORT=>
CLASS[  0 (  6)] FAIL=16.67% 
CLASS[  1 (  4)] FAIL=25.00% 
CLASS[  2 (  7)] FAIL= 0.00% 
GENERATION=  807 FITNESS=    -1.235% TEST_ERROR=     11.76%
PROGRAMS=
if(!(x7<(x1+sin((exp(((x13+sin((-5.49)))+(-44.81)))/(-9.94))))|x7<x9|x8<=cos((cos((-1.25))+x2)))) CLASS=0.00
else 
if(x6>=x10-x12|x7+x11>x3) CLASS=1.00
else 
CLASS=2.00
** CONFUSION MATRIX ** Number of classes: 3
   5    1    0 
   0    3    1 
   0    0    7 
TEST REPORT=>
CLASS[  0 (  6)] FAIL=16.67% 
CLASS[  1 (  4)] FAIL=25.00% 
CLASS[  2 (  7)] FAIL= 0.00% 
CLASS_ERROR:   11.7647058824 PRECISION:    0.8750000000 RECALL:    0.8611111111 F1SCORE:    0.8680000000
 50:1.2346  100:1.2346  150:1.2346  200:1.2346  250:1.2346  300:1.2346  350:1.2346  400:1.2346  450:1.2346  500:1.2346 TEST REPORT=>
CLASS[  0 (  6)] FAIL=16.67% 
CLASS[  1 (  4)] FAIL=25.00% 
CLASS[  2 (  7)] FAIL= 0.00% 
GENERATION=  808 FITNESS=    -1.235% TEST_ERROR=     11.76%
PROGRAMS=
if(!(x7<(x1+sin((exp(((x13+sin((-5.49)))+(-44.81)))/(-9.94))))|x7<x9|x8<=cos((cos((-1.25))+x2)))) CLASS=0.00
else 
if(x6>=x10-x12|x7+x11>x3) CLASS=1.00
else 
CLASS=2.00
** CONFUSION MATRIX ** Number of classes: 3
   5    1    0 
   0    3    1 
   0    0    7 
TEST REPORT=>
CLASS[  0 (  6)] FAIL=16.67% 
CLASS[  1 (  4)] FAIL=25.00% 
CLASS[  2 (  7)] FAIL= 0.00% 
CLASS_ERROR:   11.7647058824 PRECISION:    0.8750000000 RECALL:    0.8611111111 F1SCORE:    0.8680000000
 50:1.2346  100:1.2346  150:1.2346  200:1.2346  250:1.2346  300:1.2346  350:1.2346  400:1.2346  450:1.2346  500:1.2346 TEST REPORT=>
CLASS[  0 (  6)] FAIL=16.67% 
CLASS[  1 (  4)] FAIL=25.00% 
CLASS[  2 (  7)] FAIL= 0.00% 
GENERATION=  809 FITNESS=    -1.235% TEST_ERROR=     11.76%
PROGRAMS=
if(!(x7<(x1+sin((exp(((x13+sin((-5.49)))+(-44.81)))/(-9.94))))|x7<x9|x8<=cos((cos((-1.25))+x2)))) CLASS=0.00
else 
if(x6>=x10-x12|x7+x11>x3) CLASS=1.00
else 
CLASS=2.00
** CONFUSION MATRIX ** Number of classes: 3
   5    1    0 
   0    3    1 
   0    0    7 
TEST REPORT=>
CLASS[  0 (  6)] FAIL=16.67% 
CLASS[  1 (  4)] FAIL=25.00% 
CLASS[  2 (  7)] FAIL= 0.00% 
CLASS_ERROR:   11.7647058824 PRECISION:    0.8750000000 RECALL:    0.8611111111 F1SCORE:    0.8680000000
 50:1.2346  100:1.2346  150:1.2346  200:1.2346  250:1.2346  300:1.2346  350:1.2346  400:1.2346  450:1.2346  500:1.2346 TEST REPORT=>
CLASS[  0 (  6)] FAIL=16.67% 
CLASS[  1 (  4)] FAIL=25.00% 
CLASS[  2 (  7)] FAIL= 0.00% 
GENERATION=  810 FITNESS=    -1.235% TEST_ERROR=     11.76%
PROGRAMS=
if(!(x7<(x1+sin((exp(((x13+sin((-5.49)))+(-44.81)))/(-9.94))))|x7<x9|x8<=cos((cos((-1.25))+x2)))) CLASS=0.00
else 
if(x6>=x10-x12|x7+x11>x3) CLASS=1.00
else 
CLASS=2.00
** CONFUSION MATRIX ** Number of classes: 3
   5    1    0 
   0    3    1 
   0    0    7 
TEST REPORT=>
CLASS[  0 (  6)] FAIL=16.67% 
CLASS[  1 (  4)] FAIL=25.00% 
CLASS[  2 (  7)] FAIL= 0.00% 
CLASS_ERROR:   11.7647058824 PRECISION:    0.8750000000 RECALL:    0.8611111111 F1SCORE:    0.8680000000
 50:1.2346  100:1.2346  150:1.2346  200:1.2346  250:1.2346  300:1.2346  350:1.2346  400:1.2346  450:1.2346  500:1.2346 TEST REPORT=>
CLASS[  0 (  6)] FAIL=16.67% 
CLASS[  1 (  4)] FAIL=25.00% 
CLASS[  2 (  7)] FAIL= 0.00% 
GENERATION=  811 FITNESS=    -1.235% TEST_ERROR=     11.76%
PROGRAMS=
if(!(x7<(x1+sin((exp(((x13+sin((-5.49)))+(-44.81)))/(-9.94))))|x7<x9|x8<=cos((cos((-1.25))+x2)))) CLASS=0.00
else 
if(x6>=x10-x12|x7+x11>x3) CLASS=1.00
else 
CLASS=2.00
** CONFUSION MATRIX ** Number of classes: 3
   5    1    0 
   0    3    1 
   0    0    7 
TEST REPORT=>
CLASS[  0 (  6)] FAIL=16.67% 
CLASS[  1 (  4)] FAIL=25.00% 
CLASS[  2 (  7)] FAIL= 0.00% 
CLASS_ERROR:   11.7647058824 PRECISION:    0.8750000000 RECALL:    0.8611111111 F1SCORE:    0.8680000000
 50:1.2346  100:1.2346  150:1.2346  200:1.2346  250:1.2346  300:1.2346  350:1.2346  400:1.2346  450:1.2346  500:1.2346 
TARGETED STAGNATION BURST generation=812 stagnation=20
TARGETED_BEST[0] START fitness=-1.2345679012
TARGETED_BEST[0] END fitness=-1.2345679012 accepted=0
TARGETED_BEST[1] START fitness=-1.2345679012
TARGETED_BEST[1] END fitness=-1.2345679012 accepted=0
TARGETED_BEST[2] START fitness=-1.2345679012
TARGETED_BEST[2] END fitness=-1.2345679012 accepted=0
TARGETED_BEST[3] START fitness=-1.2345679012
TARGETED_BEST[3] END fitness=-1.2345679012 accepted=0
TARGETED_BEST[4] START fitness=-1.2345679012
TARGETED_BEST[4] END fitness=-1.2345679012 accepted=0
TARGETED_BEST[5] START fitness=-1.2345679012
TARGETED_BEST[5] END fitness=-1.2345679012 accepted=0
TARGETED_BEST[6] START fitness=-1.2345679012
TARGETED_BEST[6] END fitness=-1.2345679012 accepted=0
TARGETED_BEST[7] START fitness=-1.2345679012
TARGETED_BEST[7] END fitness=-1.2345679012 accepted=0
TARGETED_BEST[8] START fitness=-1.2345679012
TARGETED_BEST[8] END fitness=-1.2345679012 accepted=0
TARGETED_BEST[9] START fitness=-1.2345679012
TARGETED_BEST[9] END fitness=-1.2345679012 accepted=0
TARGETED_BEST[10] START fitness=-1.2345679012
TARGETED_BEST[10] END fitness=-1.2345679012 accepted=0
TARGETED_BEST[11] START fitness=-1.2345679012
TARGETED_BEST[11] END fitness=-1.2345679012 accepted=0
TARGETED_BEST[12] START fitness=-1.2345679012
TARGETED_BEST[12] END fitness=-1.2345679012 accepted=0
TARGETED_BEST[13] START fitness=-1.2345679012
TARGETED_BEST[13] END fitness=-1.2345679012 accepted=0
TARGETED_BEST[14] START fitness=-1.2345679012
TARGETED_BEST[14] END fitness=-1.2345679012 accepted=0
TARGETED_BEST[15] START fitness=-1.2345679012
TARGETED_BEST[15] END fitness=-1.2345679012 accepted=0
TARGETED_BEST[16] START fitness=-1.2345679012
TARGETED_BEST[16] END fitness=-1.2345679012 accepted=0
TARGETED_BEST[17] START fitness=-1.2345679012
TARGETED_BEST[17] END fitness=-1.2345679012 accepted=0
TARGETED_BEST[18] START fitness=-1.2345679012
TARGETED_BEST[18] END fitness=-1.2345679012 accepted=0
TARGETED_BEST[19] START fitness=-1.2345679012
TARGETED_BEST[19] END fitness=-1.2345679012 accepted=0
TEST REPORT=>
CLASS[  0 (  6)] FAIL=16.67% 
CLASS[  1 (  4)] FAIL=25.00% 
CLASS[  2 (  7)] FAIL= 0.00% 
GENERATION=  812 FITNESS=    -1.235% TEST_ERROR=     11.76%
PROGRAMS=
if(!(x7<(x1+sin((exp(((x13+sin((-5.49)))+(-44.81)))/(-9.94))))|x7<x9|x8<=cos((cos((-1.25))+x2)))) CLASS=0.00
else 
if(x6>=x10-x12|x7+x11>x3) CLASS=1.00
else 
CLASS=2.00
** CONFUSION MATRIX ** Number of classes: 3
   5    1    0 
   0    3    1 
   0    0    7 
TEST REPORT=>
CLASS[  0 (  6)] FAIL=16.67% 
CLASS[  1 (  4)] FAIL=25.00% 
CLASS[  2 (  7)] FAIL= 0.00% 
CLASS_ERROR:   11.7647058824 PRECISION:    0.8750000000 RECALL:    0.8611111111 F1SCORE:    0.8680000000
 50:1.2346  100:1.2346  150:1.2346  200:1.2346  250:1.2346  300:1.2346  350:1.2346  400:1.2346  450:1.2346  500:1.2346 TEST REPORT=>
CLASS[  0 (  6)] FAIL=16.67% 
CLASS[  1 (  4)] FAIL=25.00% 
CLASS[  2 (  7)] FAIL= 0.00% 
GENERATION=  813 FITNESS=    -1.235% TEST_ERROR=     11.76%
PROGRAMS=
if(!(x7<(x1+sin((exp(((x13+sin((-5.49)))+(-44.81)))/(-9.94))))|x7<x9|x8<=cos((cos((-1.25))+x2)))) CLASS=0.00
else 
if(x6>=x10-x12|x7+x11>x3) CLASS=1.00
else 
CLASS=2.00
** CONFUSION MATRIX ** Number of classes: 3
   5    1    0 
   0    3    1 
   0    0    7 
TEST REPORT=>
CLASS[  0 (  6)] FAIL=16.67% 
CLASS[  1 (  4)] FAIL=25.00% 
CLASS[  2 (  7)] FAIL= 0.00% 
CLASS_ERROR:   11.7647058824 PRECISION:    0.8750000000 RECALL:    0.8611111111 F1SCORE:    0.8680000000
 50:1.2346  100:1.2346  150:1.2346  200:1.2346  250:1.2346  300:1.2346  350:1.2346  400:1.2346  450:1.2346  500:1.2346 TEST REPORT=>
CLASS[  0 (  6)] FAIL=16.67% 
CLASS[  1 (  4)] FAIL=25.00% 
CLASS[  2 (  7)] FAIL= 0.00% 
GENERATION=  814 FITNESS=    -1.235% TEST_ERROR=     11.76%
PROGRAMS=
if(!(x7<(x1+sin((exp(((x13+sin((-5.49)))+(-44.81)))/(-9.94))))|x7<x9|x8<=cos((cos((-1.25))+x2)))) CLASS=0.00
else 
if(x6>=x10-x12|x7+x11>x3) CLASS=1.00
else 
CLASS=2.00
** CONFUSION MATRIX ** Number of classes: 3
   5    1    0 
   0    3    1 
   0    0    7 
TEST REPORT=>
CLASS[  0 (  6)] FAIL=16.67% 
CLASS[  1 (  4)] FAIL=25.00% 
CLASS[  2 (  7)] FAIL= 0.00% 
CLASS_ERROR:   11.7647058824 PRECISION:    0.8750000000 RECALL:    0.8611111111 F1SCORE:    0.8680000000
 50:1.2346  100:1.2346  150:1.2346  200:1.2346  250:1.2346  300:1.2346  350:1.2346  400:1.2346  450:1.2346  500:1.2346 TEST REPORT=>
CLASS[  0 (  6)] FAIL=16.67% 
CLASS[  1 (  4)] FAIL=25.00% 
CLASS[  2 (  7)] FAIL= 0.00% 
GENERATION=  815 FITNESS=    -1.235% TEST_ERROR=     11.76%
PROGRAMS=
if(!(x7<(x1+sin((exp(((x13+sin((-5.49)))+(-44.81)))/(-9.94))))|x7<x9|x8<=cos((cos((-1.25))+x2)))) CLASS=0.00
else 
if(x6>=x10-x12|x7+x11>x3) CLASS=1.00
else 
CLASS=2.00
** CONFUSION MATRIX ** Number of classes: 3
   5    1    0 
   0    3    1 
   0    0    7 
TEST REPORT=>
CLASS[  0 (  6)] FAIL=16.67% 
CLASS[  1 (  4)] FAIL=25.00% 
CLASS[  2 (  7)] FAIL= 0.00% 
CLASS_ERROR:   11.7647058824 PRECISION:    0.8750000000 RECALL:    0.8611111111 F1SCORE:    0.8680000000
 50:1.2346  100:1.2346  150:1.2346  200:1.2346  250:1.2346  300:1.2346  350:1.2346  400:1.2346  450:1.2346  500:1.2346 TEST REPORT=>
CLASS[  0 (  6)] FAIL=16.67% 
CLASS[  1 (  4)] FAIL=25.00% 
CLASS[  2 (  7)] FAIL= 0.00% 
GENERATION=  816 FITNESS=    -1.235% TEST_ERROR=     11.76%
PROGRAMS=
if(!(x7<(x1+sin((exp(((x13+sin((-5.49)))+(-44.81)))/(-9.94))))|x7<x9|x8<=cos((cos((-1.25))+x2)))) CLASS=0.00
else 
if(x6>=x10-x12|x7+x11>x3) CLASS=1.00
else 
CLASS=2.00
** CONFUSION MATRIX ** Number of classes: 3
   5    1    0 
   0    3    1 
   0    0    7 
TEST REPORT=>
CLASS[  0 (  6)] FAIL=16.67% 
CLASS[  1 (  4)] FAIL=25.00% 
CLASS[  2 (  7)] FAIL= 0.00% 
CLASS_ERROR:   11.7647058824 PRECISION:    0.8750000000 RECALL:    0.8611111111 F1SCORE:    0.8680000000
 50:1.2346  100:1.2346  150:1.2346  200:1.2346  250:1.2346  300:1.2346  350:1.2346  400:1.2346  450:1.2346  500:1.2346 TEST REPORT=>
CLASS[  0 (  6)] FAIL=16.67% 
CLASS[  1 (  4)] FAIL=25.00% 
CLASS[  2 (  7)] FAIL= 0.00% 
GENERATION=  817 FITNESS=    -1.235% TEST_ERROR=     11.76%
PROGRAMS=
if(!(x7<(x1+sin((exp(((x13+sin((-5.49)))+(-44.81)))/(-9.94))))|x7<x9|x8<=cos((cos((-1.25))+x2)))) CLASS=0.00
else 
if(x6>=x10-x12|x7+x11>x3) CLASS=1.00
else 
CLASS=2.00
** CONFUSION MATRIX ** Number of classes: 3
   5    1    0 
   0    3    1 
   0    0    7 
TEST REPORT=>
CLASS[  0 (  6)] FAIL=16.67% 
CLASS[  1 (  4)] FAIL=25.00% 
CLASS[  2 (  7)] FAIL= 0.00% 
CLASS_ERROR:   11.7647058824 PRECISION:    0.8750000000 RECALL:    0.8611111111 F1SCORE:    0.8680000000
 50:1.2346  100:1.2346  150:1.2346  200:1.2346  250:1.2346  300:1.2346  350:1.2346  400:1.2346  450:1.2346  500:1.2346 TEST REPORT=>
CLASS[  0 (  6)] FAIL=16.67% 
CLASS[  1 (  4)] FAIL=25.00% 
CLASS[  2 (  7)] FAIL= 0.00% 
GENERATION=  818 FITNESS=    -1.235% TEST_ERROR=     11.76%
PROGRAMS=
if(!(x7<(x1+sin((exp(((x13+sin((-5.49)))+(-44.81)))/(-9.94))))|x7<x9|x8<=cos((cos((-1.25))+x2)))) CLASS=0.00
else 
if(x6>=x10-x12|x7+x11>x3) CLASS=1.00
else 
CLASS=2.00
** CONFUSION MATRIX ** Number of classes: 3
   5    1    0 
   0    3    1 
   0    0    7 
TEST REPORT=>
CLASS[  0 (  6)] FAIL=16.67% 
CLASS[  1 (  4)] FAIL=25.00% 
CLASS[  2 (  7)] FAIL= 0.00% 
CLASS_ERROR:   11.7647058824 PRECISION:    0.8750000000 RECALL:    0.8611111111 F1SCORE:    0.8680000000
 50:1.2346  100:1.2346  150:1.2346  200:1.2346  250:1.2346  300:1.2346  350:1.2346  400:1.2346  450:1.2346  500:1.2346 TEST REPORT=>
CLASS[  0 (  6)] FAIL=16.67% 
CLASS[  1 (  4)] FAIL=25.00% 
CLASS[  2 (  7)] FAIL= 0.00% 
GENERATION=  819 FITNESS=    -1.235% TEST_ERROR=     11.76%
PROGRAMS=
if(!(x7<(x1+sin((exp(((x13+sin((-5.49)))+(-44.81)))/(-9.94))))|x7<x9|x8<=cos((cos((-1.25))+x2)))) CLASS=0.00
else 
if(x6>=x10-x12|x7+x11>x3) CLASS=1.00
else 
CLASS=2.00
** CONFUSION MATRIX ** Number of classes: 3
   5    1    0 
   0    3    1 
   0    0    7 
TEST REPORT=>
CLASS[  0 (  6)] FAIL=16.67% 
CLASS[  1 (  4)] FAIL=25.00% 
CLASS[  2 (  7)] FAIL= 0.00% 
CLASS_ERROR:   11.7647058824 PRECISION:    0.8750000000 RECALL:    0.8611111111 F1SCORE:    0.8680000000
 50:1.2346  100:1.2346  150:1.2346  200:1.2346  250:1.2346  300:1.2346  350:1.2346  400:1.2346  450:1.2346  500:1.2346 TEST REPORT=>
CLASS[  0 (  6)] FAIL=16.67% 
CLASS[  1 (  4)] FAIL=25.00% 
CLASS[  2 (  7)] FAIL= 0.00% 
GENERATION=  820 FITNESS=    -1.235% TEST_ERROR=     11.76%
PROGRAMS=
if(!(x7<(x1+sin((exp(((x13+sin((-5.49)))+(-44.81)))/(-9.94))))|x7<x9|x8<=cos((cos((-1.25))+x2)))) CLASS=0.00
else 
if(x6>=x10-x12|x7+x11>x3) CLASS=1.00
else 
CLASS=2.00
** CONFUSION MATRIX ** Number of classes: 3
   5    1    0 
   0    3    1 
   0    0    7 
TEST REPORT=>
CLASS[  0 (  6)] FAIL=16.67% 
CLASS[  1 (  4)] FAIL=25.00% 
CLASS[  2 (  7)] FAIL= 0.00% 
CLASS_ERROR:   11.7647058824 PRECISION:    0.8750000000 RECALL:    0.8611111111 F1SCORE:    0.8680000000
 50:1.2346  100:1.2346  150:1.2346  200:1.2346  250:1.2346  300:1.2346  350:1.2346  400:1.2346  450:1.2346  500:1.2346 TEST REPORT=>
CLASS[  0 (  6)] FAIL=16.67% 
CLASS[  1 (  4)] FAIL=25.00% 
CLASS[  2 (  7)] FAIL= 0.00% 
GENERATION=  821 FITNESS=    -1.235% TEST_ERROR=     11.76%
PROGRAMS=
if(!(x7<(x1+sin((exp(((x13+sin((-5.49)))+(-44.81)))/(-9.94))))|x7<x9|x8<=cos((cos((-1.25))+x2)))) CLASS=0.00
else 
if(x6>=x10-x12|x7+x11>x3) CLASS=1.00
else 
CLASS=2.00
** CONFUSION MATRIX ** Number of classes: 3
   5    1    0 
   0    3    1 
   0    0    7 
TEST REPORT=>
CLASS[  0 (  6)] FAIL=16.67% 
CLASS[  1 (  4)] FAIL=25.00% 
CLASS[  2 (  7)] FAIL= 0.00% 
CLASS_ERROR:   11.7647058824 PRECISION:    0.8750000000 RECALL:    0.8611111111 F1SCORE:    0.8680000000
 50:1.2346  100:1.2346  150:1.2346  200:1.2346  250:1.2346  300:1.2346  350:1.2346  400:1.2346  450:1.2346  500:1.2346 TEST REPORT=>
CLASS[  0 (  6)] FAIL=16.67% 
CLASS[  1 (  4)] FAIL=25.00% 
CLASS[  2 (  7)] FAIL= 0.00% 
GENERATION=  822 FITNESS=    -1.235% TEST_ERROR=     11.76%
PROGRAMS=
if(!(x7<(x1+sin((exp(((x13+sin((-5.49)))+(-44.81)))/(-9.94))))|x7<x9|x8<=cos((cos((-1.25))+x2)))) CLASS=0.00
else 
if(x6>=x10-x12|x7+x11>x3) CLASS=1.00
else 
CLASS=2.00
** CONFUSION MATRIX ** Number of classes: 3
   5    1    0 
   0    3    1 
   0    0    7 
TEST REPORT=>
CLASS[  0 (  6)] FAIL=16.67% 
CLASS[  1 (  4)] FAIL=25.00% 
CLASS[  2 (  7)] FAIL= 0.00% 
CLASS_ERROR:   11.7647058824 PRECISION:    0.8750000000 RECALL:    0.8611111111 F1SCORE:    0.8680000000
 50:1.2346  100:1.2346  150:1.2346  200:1.2346  250:1.2346  300:1.2346  350:1.2346  400:1.2346  450:1.2346  500:1.2346 TEST REPORT=>
CLASS[  0 (  6)] FAIL=16.67% 
CLASS[  1 (  4)] FAIL=25.00% 
CLASS[  2 (  7)] FAIL= 0.00% 
GENERATION=  823 FITNESS=    -1.235% TEST_ERROR=     11.76%
PROGRAMS=
if(!(x7<(x1+sin((exp(((x13+sin((-5.49)))+(-44.81)))/(-9.94))))|x7<x9|x8<=cos((cos((-1.25))+x2)))) CLASS=0.00
else 
if(x6>=x10-x12|x7+x11>x3) CLASS=1.00
else 
CLASS=2.00
** CONFUSION MATRIX ** Number of classes: 3
   5    1    0 
   0    3    1 
   0    0    7 
TEST REPORT=>
CLASS[  0 (  6)] FAIL=16.67% 
CLASS[  1 (  4)] FAIL=25.00% 
CLASS[  2 (  7)] FAIL= 0.00% 
CLASS_ERROR:   11.7647058824 PRECISION:    0.8750000000 RECALL:    0.8611111111 F1SCORE:    0.8680000000
 50:1.2346  100:1.2346  150:1.2346  200:1.2346  250:1.2346  300:1.2346  350:1.2346  400:1.2346  450:1.2346  500:1.2346 TEST REPORT=>
CLASS[  0 (  6)] FAIL=16.67% 
CLASS[  1 (  4)] FAIL=25.00% 
CLASS[  2 (  7)] FAIL= 0.00% 
GENERATION=  824 FITNESS=    -1.235% TEST_ERROR=     11.76%
PROGRAMS=
if(!(x7<(x1+sin((exp(((x13+sin((-5.49)))+(-44.81)))/(-9.94))))|x7<x9|x8<=cos((cos((-1.25))+x2)))) CLASS=0.00
else 
if(x6>=x10-x12|x7+x11>x3) CLASS=1.00
else 
CLASS=2.00
** CONFUSION MATRIX ** Number of classes: 3
   5    1    0 
   0    3    1 
   0    0    7 
TEST REPORT=>
CLASS[  0 (  6)] FAIL=16.67% 
CLASS[  1 (  4)] FAIL=25.00% 
CLASS[  2 (  7)] FAIL= 0.00% 
CLASS_ERROR:   11.7647058824 PRECISION:    0.8750000000 RECALL:    0.8611111111 F1SCORE:    0.8680000000
 50:1.2346  100:1.2346  150:1.2346  200:1.2346  250:1.2346  300:1.2346  350:1.2346  400:1.2346  450:1.2346  500:1.2346 TEST REPORT=>
CLASS[  0 (  6)] FAIL=16.67% 
CLASS[  1 (  4)] FAIL=25.00% 
CLASS[  2 (  7)] FAIL= 0.00% 
GENERATION=  825 FITNESS=    -1.235% TEST_ERROR=     11.76%
PROGRAMS=
if(!(x7<(x1+sin((exp(((x13+sin((-5.49)))+(-44.81)))/(-9.94))))|x7<x9|x8<=cos((cos((-1.25))+x2)))) CLASS=0.00
else 
if(x6>=x10-x12|x7+x11>x3) CLASS=1.00
else 
CLASS=2.00
** CONFUSION MATRIX ** Number of classes: 3
   5    1    0 
   0    3    1 
   0    0    7 
TEST REPORT=>
CLASS[  0 (  6)] FAIL=16.67% 
CLASS[  1 (  4)] FAIL=25.00% 
CLASS[  2 (  7)] FAIL= 0.00% 
CLASS_ERROR:   11.7647058824 PRECISION:    0.8750000000 RECALL:    0.8611111111 F1SCORE:    0.8680000000
 50:1.2346  100:1.2346  150:1.2346  200:1.2346  250:1.2346  300:1.2346  350:1.2346  400:1.2346  450:1.2346  500:1.2346 TEST REPORT=>
CLASS[  0 (  6)] FAIL=16.67% 
CLASS[  1 (  4)] FAIL=25.00% 
CLASS[  2 (  7)] FAIL= 0.00% 
GENERATION=  826 FITNESS=    -1.235% TEST_ERROR=     11.76%
PROGRAMS=
if(!(x7<(x1+sin((exp(((x13+sin((-5.49)))+(-44.81)))/(-9.94))))|x7<x9|x8<=cos((cos((-1.25))+x2)))) CLASS=0.00
else 
if(x6>=x10-x12|x7+x11>x3) CLASS=1.00
else 
CLASS=2.00
** CONFUSION MATRIX ** Number of classes: 3
   5    1    0 
   0    3    1 
   0    0    7 
TEST REPORT=>
CLASS[  0 (  6)] FAIL=16.67% 
CLASS[  1 (  4)] FAIL=25.00% 
CLASS[  2 (  7)] FAIL= 0.00% 
CLASS_ERROR:   11.7647058824 PRECISION:    0.8750000000 RECALL:    0.8611111111 F1SCORE:    0.8680000000
 50:1.2346  100:1.2346  150:1.2346  200:1.2346  250:1.2346  300:1.2346  350:1.2346  400:1.2346  450:1.2346  500:1.2346 TEST REPORT=>
CLASS[  0 (  6)] FAIL=16.67% 
CLASS[  1 (  4)] FAIL=25.00% 
CLASS[  2 (  7)] FAIL= 0.00% 
GENERATION=  827 FITNESS=    -1.235% TEST_ERROR=     11.76%
PROGRAMS=
if(!(x7<(x1+sin((exp(((x13+sin((-5.49)))+(-44.81)))/(-9.94))))|x7<x9|x8<=cos((cos((-1.25))+x2)))) CLASS=0.00
else 
if(x6>=x10-x12|x7+x11>x3) CLASS=1.00
else 
CLASS=2.00
** CONFUSION MATRIX ** Number of classes: 3
   5    1    0 
   0    3    1 
   0    0    7 
TEST REPORT=>
CLASS[  0 (  6)] FAIL=16.67% 
CLASS[  1 (  4)] FAIL=25.00% 
CLASS[  2 (  7)] FAIL= 0.00% 
CLASS_ERROR:   11.7647058824 PRECISION:    0.8750000000 RECALL:    0.8611111111 F1SCORE:    0.8680000000
 50:1.2346  100:1.2346  150:1.2346  200:1.2346  250:1.2346  300:1.2346  350:1.2346  400:1.2346  450:1.2346  500:1.2346 TEST REPORT=>
CLASS[  0 (  6)] FAIL=16.67% 
CLASS[  1 (  4)] FAIL=25.00% 
CLASS[  2 (  7)] FAIL= 0.00% 
GENERATION=  828 FITNESS=    -1.235% TEST_ERROR=     11.76%
PROGRAMS=
if(!(x7<(x1+sin((exp(((x13+sin((-5.49)))+(-44.81)))/(-9.94))))|x7<x9|x8<=cos((cos((-1.25))+x2)))) CLASS=0.00
else 
if(x6>=x10-x12|x7+x11>x3) CLASS=1.00
else 
CLASS=2.00
** CONFUSION MATRIX ** Number of classes: 3
   5    1    0 
   0    3    1 
   0    0    7 
TEST REPORT=>
CLASS[  0 (  6)] FAIL=16.67% 
CLASS[  1 (  4)] FAIL=25.00% 
CLASS[  2 (  7)] FAIL= 0.00% 
CLASS_ERROR:   11.7647058824 PRECISION:    0.8750000000 RECALL:    0.8611111111 F1SCORE:    0.8680000000
 50:1.2346  100:1.2346  150:1.2346  200:1.2346  250:1.2346  300:1.2346  350:1.2346  400:1.2346  450:1.2346  500:1.2346 TEST REPORT=>
CLASS[  0 (  6)] FAIL=16.67% 
CLASS[  1 (  4)] FAIL=25.00% 
CLASS[  2 (  7)] FAIL= 0.00% 
GENERATION=  829 FITNESS=    -1.235% TEST_ERROR=     11.76%
PROGRAMS=
if(!(x7<(x1+sin((exp(((x13+sin((-5.49)))+(-44.81)))/(-9.94))))|x7<x9|x8<=cos((cos((-1.25))+x2)))) CLASS=0.00
else 
if(x6>=x10-x12|x7+x11>x3) CLASS=1.00
else 
CLASS=2.00
** CONFUSION MATRIX ** Number of classes: 3
   5    1    0 
   0    3    1 
   0    0    7 
TEST REPORT=>
CLASS[  0 (  6)] FAIL=16.67% 
CLASS[  1 (  4)] FAIL=25.00% 
CLASS[  2 (  7)] FAIL= 0.00% 
CLASS_ERROR:   11.7647058824 PRECISION:    0.8750000000 RECALL:    0.8611111111 F1SCORE:    0.8680000000
 50:1.2346  100:1.2346  150:1.2346  200:1.2346  250:1.2346  300:1.2346  350:1.2346  400:1.2346  450:1.2346  500:1.2346 TEST REPORT=>
CLASS[  0 (  6)] FAIL=16.67% 
CLASS[  1 (  4)] FAIL=25.00% 
CLASS[  2 (  7)] FAIL= 0.00% 
GENERATION=  830 FITNESS=    -1.235% TEST_ERROR=     11.76%
PROGRAMS=
if(!(x7<(x1+sin((exp(((x13+sin((-5.49)))+(-44.81)))/(-9.94))))|x7<x9|x8<=cos((cos((-1.25))+x2)))) CLASS=0.00
else 
if(x6>=x10-x12|x7+x11>x3) CLASS=1.00
else 
CLASS=2.00
** CONFUSION MATRIX ** Number of classes: 3
   5    1    0 
   0    3    1 
   0    0    7 
TEST REPORT=>
CLASS[  0 (  6)] FAIL=16.67% 
CLASS[  1 (  4)] FAIL=25.00% 
CLASS[  2 (  7)] FAIL= 0.00% 
CLASS_ERROR:   11.7647058824 PRECISION:    0.8750000000 RECALL:    0.8611111111 F1SCORE:    0.8680000000
 50:1.2346  100:1.2346  150:1.2346  200:1.2346  250:1.2346  300:1.2346  350:1.2346  400:1.2346  450:1.2346  500:1.2346 TEST REPORT=>
CLASS[  0 (  6)] FAIL=16.67% 
CLASS[  1 (  4)] FAIL=25.00% 
CLASS[  2 (  7)] FAIL= 0.00% 
GENERATION=  831 FITNESS=    -1.235% TEST_ERROR=     11.76%
PROGRAMS=
if(!(x7<(x1+sin((exp(((x13+sin((-5.49)))+(-44.81)))/(-9.94))))|x7<x9|x8<=cos((cos((-1.25))+x2)))) CLASS=0.00
else 
if(x6>=x10-x12|x7+x11>x3) CLASS=1.00
else 
CLASS=2.00
** CONFUSION MATRIX ** Number of classes: 3
   5    1    0 
   0    3    1 
   0    0    7 
TEST REPORT=>
CLASS[  0 (  6)] FAIL=16.67% 
CLASS[  1 (  4)] FAIL=25.00% 
CLASS[  2 (  7)] FAIL= 0.00% 
CLASS_ERROR:   11.7647058824 PRECISION:    0.8750000000 RECALL:    0.8611111111 F1SCORE:    0.8680000000
 50:1.2346  100:1.2346  150:1.2346  200:1.2346  250:1.2346  300:1.2346  350:1.2346  400:1.2346  450:1.2346  500:1.2346 
TARGETED STAGNATION BURST generation=832 stagnation=20
TARGETED_BEST[0] START fitness=-1.2345679012
TARGETED_BEST[0] END fitness=-1.2345679012 accepted=0
TARGETED_BEST[1] START fitness=-1.2345679012
TARGETED_BEST[1] END fitness=-1.2345679012 accepted=0
TARGETED_BEST[2] START fitness=-1.2345679012
TARGETED_BEST[2] END fitness=-1.2345679012 accepted=0
TARGETED_BEST[3] START fitness=-1.2345679012
TARGETED_BEST[3] END fitness=-1.2345679012 accepted=0
TARGETED_BEST[4] START fitness=-1.2345679012
TARGETED_BEST[4] END fitness=-1.2345679012 accepted=0
TARGETED_BEST[5] START fitness=-1.2345679012
TARGETED_BEST[5] END fitness=-1.2345679012 accepted=0
TARGETED_BEST[6] START fitness=-1.2345679012
TARGETED_BEST[6] END fitness=-1.2345679012 accepted=0
TARGETED_BEST[7] START fitness=-1.2345679012
TARGETED_BEST[7] END fitness=-1.2345679012 accepted=0
TARGETED_BEST[8] START fitness=-1.2345679012
TARGETED_BEST[8] END fitness=-1.2345679012 accepted=0
TARGETED_BEST[9] START fitness=-1.2345679012
TARGETED_BEST[9] END fitness=-1.2345679012 accepted=0
TARGETED_BEST[10] START fitness=-1.2345679012
TARGETED_BEST[10] END fitness=-1.2345679012 accepted=0
TARGETED_BEST[11] START fitness=-1.2345679012
TARGETED_BEST[11] END fitness=-1.2345679012 accepted=0
TARGETED_BEST[12] START fitness=-1.2345679012
TARGETED_BEST[12] END fitness=-1.2345679012 accepted=0
TARGETED_BEST[13] START fitness=-1.2345679012
TARGETED_BEST[13] END fitness=-1.2345679012 accepted=0
TARGETED_BEST[14] START fitness=-1.2345679012
TARGETED_BEST[14] END fitness=-1.2345679012 accepted=0
TARGETED_BEST[15] START fitness=-1.2345679012
TARGETED_BEST[15] END fitness=-1.2345679012 accepted=0
TARGETED_BEST[16] START fitness=-1.2345679012
TARGETED_BEST[16] END fitness=-1.2345679012 accepted=0
TARGETED_BEST[17] START fitness=-1.2345679012
TARGETED_BEST[17] END fitness=-1.2345679012 accepted=0
TARGETED_BEST[18] START fitness=-1.2345679012
TARGETED_BEST[18] END fitness=-1.2345679012 accepted=0
TARGETED_BEST[19] START fitness=-1.2345679012
TARGETED_BEST[19] END fitness=-1.2345679012 accepted=0
TEST REPORT=>
CLASS[  0 (  6)] FAIL=16.67% 
CLASS[  1 (  4)] FAIL=25.00% 
CLASS[  2 (  7)] FAIL= 0.00% 
GENERATION=  832 FITNESS=    -1.235% TEST_ERROR=     11.76%
PROGRAMS=
if(!(x7<(x1+sin((exp(((x13+sin((-5.49)))+(-44.81)))/(-9.94))))|x7<x9|x8<=cos((cos((-1.25))+x2)))) CLASS=0.00
else 
if(x6>=x10-x12|x7+x11>x3) CLASS=1.00
else 
CLASS=2.00
** CONFUSION MATRIX ** Number of classes: 3
   5    1    0 
   0    3    1 
   0    0    7 
TEST REPORT=>
CLASS[  0 (  6)] FAIL=16.67% 
CLASS[  1 (  4)] FAIL=25.00% 
CLASS[  2 (  7)] FAIL= 0.00% 
CLASS_ERROR:   11.7647058824 PRECISION:    0.8750000000 RECALL:    0.8611111111 F1SCORE:    0.8680000000
 50:1.2346  100:1.2346  150:1.2346  200:1.2346  250:1.2346  300:1.2346  350:1.2346  400:1.2346  450:1.2346  500:1.2346 TEST REPORT=>
CLASS[  0 (  6)] FAIL=16.67% 
CLASS[  1 (  4)] FAIL=25.00% 
CLASS[  2 (  7)] FAIL= 0.00% 
GENERATION=  833 FITNESS=    -1.235% TEST_ERROR=     11.76%
PROGRAMS=
if(!(x7<(x1+sin((exp(((x13+sin((-5.49)))+(-44.81)))/(-9.94))))|x7<x9|x8<=cos((cos((-1.25))+x2)))) CLASS=0.00
else 
if(x6>=x10-x12|x7+x11>x3) CLASS=1.00
else 
CLASS=2.00
** CONFUSION MATRIX ** Number of classes: 3
   5    1    0 
   0    3    1 
   0    0    7 
TEST REPORT=>
CLASS[  0 (  6)] FAIL=16.67% 
CLASS[  1 (  4)] FAIL=25.00% 
CLASS[  2 (  7)] FAIL= 0.00% 
CLASS_ERROR:   11.7647058824 PRECISION:    0.8750000000 RECALL:    0.8611111111 F1SCORE:    0.8680000000
 50:1.2346  100:1.2346  150:1.2346  200:1.2346  250:1.2346  300:1.2346  350:1.2346  400:1.2346  450:1.2346  500:1.2346 TEST REPORT=>
CLASS[  0 (  6)] FAIL=16.67% 
CLASS[  1 (  4)] FAIL=25.00% 
CLASS[  2 (  7)] FAIL= 0.00% 
GENERATION=  834 FITNESS=    -1.235% TEST_ERROR=     11.76%
PROGRAMS=
if(!(x7<(x1+sin((exp(((x13+sin((-5.49)))+(-44.81)))/(-9.94))))|x7<x9|x8<=cos((cos((-1.25))+x2)))) CLASS=0.00
else 
if(x6>=x10-x12|x7+x11>x3) CLASS=1.00
else 
CLASS=2.00
** CONFUSION MATRIX ** Number of classes: 3
   5    1    0 
   0    3    1 
   0    0    7 
TEST REPORT=>
CLASS[  0 (  6)] FAIL=16.67% 
CLASS[  1 (  4)] FAIL=25.00% 
CLASS[  2 (  7)] FAIL= 0.00% 
CLASS_ERROR:   11.7647058824 PRECISION:    0.8750000000 RECALL:    0.8611111111 F1SCORE:    0.8680000000
 50:1.2346  100:1.2346  150:1.2346  200:1.2346  250:1.2346  300:1.2346  350:1.2346  400:1.2346  450:1.2346  500:1.2346 TEST REPORT=>
CLASS[  0 (  6)] FAIL=16.67% 
CLASS[  1 (  4)] FAIL=25.00% 
CLASS[  2 (  7)] FAIL= 0.00% 
GENERATION=  835 FITNESS=    -1.235% TEST_ERROR=     11.76%
PROGRAMS=
if(!(x7<(x1+sin((exp(((x13+sin((-5.49)))+(-44.81)))/(-9.94))))|x7<x9|x8<=cos((cos((-1.25))+x2)))) CLASS=0.00
else 
if(x6>=x10-x12|x7+x11>x3) CLASS=1.00
else 
CLASS=2.00
** CONFUSION MATRIX ** Number of classes: 3
   5    1    0 
   0    3    1 
   0    0    7 
TEST REPORT=>
CLASS[  0 (  6)] FAIL=16.67% 
CLASS[  1 (  4)] FAIL=25.00% 
CLASS[  2 (  7)] FAIL= 0.00% 
CLASS_ERROR:   11.7647058824 PRECISION:    0.8750000000 RECALL:    0.8611111111 F1SCORE:    0.8680000000
 50:1.2346  100:1.2346  150:1.2346  200:1.2346  250:1.2346  300:1.2346  350:1.2346  400:1.2346  450:1.2346  500:1.2346 TEST REPORT=>
CLASS[  0 (  6)] FAIL=16.67% 
CLASS[  1 (  4)] FAIL=25.00% 
CLASS[  2 (  7)] FAIL= 0.00% 
GENERATION=  836 FITNESS=    -1.235% TEST_ERROR=     11.76%
PROGRAMS=
if(!(x7<(x1+sin((exp(((x13+sin((-5.49)))+(-44.81)))/(-9.94))))|x7<x9|x8<=cos((cos((-1.25))+x2)))) CLASS=0.00
else 
if(x6>=x10-x12|x7+x11>x3) CLASS=1.00
else 
CLASS=2.00
** CONFUSION MATRIX ** Number of classes: 3
   5    1    0 
   0    3    1 
   0    0    7 
TEST REPORT=>
CLASS[  0 (  6)] FAIL=16.67% 
CLASS[  1 (  4)] FAIL=25.00% 
CLASS[  2 (  7)] FAIL= 0.00% 
CLASS_ERROR:   11.7647058824 PRECISION:    0.8750000000 RECALL:    0.8611111111 F1SCORE:    0.8680000000
 50:1.2346  100:1.2346  150:1.2346  200:1.2346  250:1.2346  300:1.2346  350:1.2346  400:1.2346  450:1.2346  500:1.2346 TEST REPORT=>
CLASS[  0 (  6)] FAIL=16.67% 
CLASS[  1 (  4)] FAIL=25.00% 
CLASS[  2 (  7)] FAIL= 0.00% 
GENERATION=  837 FITNESS=    -1.235% TEST_ERROR=     11.76%
PROGRAMS=
if(!(x7<(x1+sin((exp(((x13+sin((-5.49)))+(-44.81)))/(-9.94))))|x7<x9|x8<=cos((cos((-1.25))+x2)))) CLASS=0.00
else 
if(x6>=x10-x12|x7+x11>x3) CLASS=1.00
else 
CLASS=2.00
** CONFUSION MATRIX ** Number of classes: 3
   5    1    0 
   0    3    1 
   0    0    7 
TEST REPORT=>
CLASS[  0 (  6)] FAIL=16.67% 
CLASS[  1 (  4)] FAIL=25.00% 
CLASS[  2 (  7)] FAIL= 0.00% 
CLASS_ERROR:   11.7647058824 PRECISION:    0.8750000000 RECALL:    0.8611111111 F1SCORE:    0.8680000000
 50:1.2346  100:1.2346  150:1.2346  200:1.2346  250:1.2346  300:1.2346  350:1.2346  400:1.2346  450:1.2346  500:1.2346 TEST REPORT=>
CLASS[  0 (  6)] FAIL=16.67% 
CLASS[  1 (  4)] FAIL=25.00% 
CLASS[  2 (  7)] FAIL= 0.00% 
GENERATION=  838 FITNESS=    -1.235% TEST_ERROR=     11.76%
PROGRAMS=
if(!(x7<(x1+sin((exp(((x13+sin((-5.49)))+(-44.81)))/(-9.94))))|x7<x9|x8<=cos((cos((-1.25))+x2)))) CLASS=0.00
else 
if(x6>=x10-x12|x7+x11>x3) CLASS=1.00
else 
CLASS=2.00
** CONFUSION MATRIX ** Number of classes: 3
   5    1    0 
   0    3    1 
   0    0    7 
TEST REPORT=>
CLASS[  0 (  6)] FAIL=16.67% 
CLASS[  1 (  4)] FAIL=25.00% 
CLASS[  2 (  7)] FAIL= 0.00% 
CLASS_ERROR:   11.7647058824 PRECISION:    0.8750000000 RECALL:    0.8611111111 F1SCORE:    0.8680000000
 50:1.2346  100:1.2346  150:1.2346  200:1.2346  250:1.2346  300:1.2346  350:1.2346  400:1.2346  450:1.2346  500:1.2346 TEST REPORT=>
CLASS[  0 (  6)] FAIL=16.67% 
CLASS[  1 (  4)] FAIL=25.00% 
CLASS[  2 (  7)] FAIL= 0.00% 
GENERATION=  839 FITNESS=    -1.235% TEST_ERROR=     11.76%
PROGRAMS=
if(!(x7<(x1+sin((exp(((x13+sin((-5.49)))+(-44.81)))/(-9.94))))|x7<x9|x8<=cos((cos((-1.25))+x2)))) CLASS=0.00
else 
if(x6>=x10-x12|x7+x11>x3) CLASS=1.00
else 
CLASS=2.00
** CONFUSION MATRIX ** Number of classes: 3
   5    1    0 
   0    3    1 
   0    0    7 
TEST REPORT=>
CLASS[  0 (  6)] FAIL=16.67% 
CLASS[  1 (  4)] FAIL=25.00% 
CLASS[  2 (  7)] FAIL= 0.00% 
CLASS_ERROR:   11.7647058824 PRECISION:    0.8750000000 RECALL:    0.8611111111 F1SCORE:    0.8680000000
 50:1.2346  100:1.2346  150:1.2346  200:1.2346  250:1.2346  300:1.2346  350:1.2346  400:1.2346  450:1.2346  500:1.2346 TEST REPORT=>
CLASS[  0 (  6)] FAIL=16.67% 
CLASS[  1 (  4)] FAIL=25.00% 
CLASS[  2 (  7)] FAIL= 0.00% 
GENERATION=  840 FITNESS=    -1.235% TEST_ERROR=     11.76%
PROGRAMS=
if(!(x7<(x1+sin((exp(((x13+sin((-5.49)))+(-44.81)))/(-9.94))))|x7<x9|x8<=cos((cos((-1.25))+x2)))) CLASS=0.00
else 
if(x6>=x10-x12|x7+x11>x3) CLASS=1.00
else 
CLASS=2.00
** CONFUSION MATRIX ** Number of classes: 3
   5    1    0 
   0    3    1 
   0    0    7 
TEST REPORT=>
CLASS[  0 (  6)] FAIL=16.67% 
CLASS[  1 (  4)] FAIL=25.00% 
CLASS[  2 (  7)] FAIL= 0.00% 
CLASS_ERROR:   11.7647058824 PRECISION:    0.8750000000 RECALL:    0.8611111111 F1SCORE:    0.8680000000
 50:1.2346  100:1.2346  150:1.2346  200:1.2346  250:1.2346  300:1.2346  350:1.2346  400:1.2346  450:1.2346  500:1.2346 TEST REPORT=>
CLASS[  0 (  6)] FAIL=16.67% 
CLASS[  1 (  4)] FAIL=25.00% 
CLASS[  2 (  7)] FAIL= 0.00% 
GENERATION=  841 FITNESS=    -1.235% TEST_ERROR=     11.76%
PROGRAMS=
if(!(x7<(x1+sin((exp(((x13+sin((-5.49)))+(-44.81)))/(-9.94))))|x7<x9|x8<=cos((cos((-1.25))+x2)))) CLASS=0.00
else 
if(x6>=x10-x12|x7+x11>x3) CLASS=1.00
else 
CLASS=2.00
** CONFUSION MATRIX ** Number of classes: 3
   5    1    0 
   0    3    1 
   0    0    7 
TEST REPORT=>
CLASS[  0 (  6)] FAIL=16.67% 
CLASS[  1 (  4)] FAIL=25.00% 
CLASS[  2 (  7)] FAIL= 0.00% 
CLASS_ERROR:   11.7647058824 PRECISION:    0.8750000000 RECALL:    0.8611111111 F1SCORE:    0.8680000000
 50:1.2346  100:1.2346  150:1.2346  200:1.2346  250:1.2346  300:1.2346  350:1.2346  400:1.2346  450:1.2346  500:1.2346 TEST REPORT=>
CLASS[  0 (  6)] FAIL=16.67% 
CLASS[  1 (  4)] FAIL=25.00% 
CLASS[  2 (  7)] FAIL= 0.00% 
GENERATION=  842 FITNESS=    -1.235% TEST_ERROR=     11.76%
PROGRAMS=
if(!(x7<(x1+sin((exp(((x13+sin((-5.49)))+(-44.81)))/(-9.94))))|x7<x9|x8<=cos((cos((-1.25))+x2)))) CLASS=0.00
else 
if(x6>=x10-x12|x7+x11>x3) CLASS=1.00
else 
CLASS=2.00
** CONFUSION MATRIX ** Number of classes: 3
   5    1    0 
   0    3    1 
   0    0    7 
TEST REPORT=>
CLASS[  0 (  6)] FAIL=16.67% 
CLASS[  1 (  4)] FAIL=25.00% 
CLASS[  2 (  7)] FAIL= 0.00% 
CLASS_ERROR:   11.7647058824 PRECISION:    0.8750000000 RECALL:    0.8611111111 F1SCORE:    0.8680000000
 50:1.2346  100:1.2346  150:1.2346  200:1.2346  250:1.2346  300:1.2346  350:1.2346  400:1.2346  450:1.2346  500:1.2346 TEST REPORT=>
CLASS[  0 (  6)] FAIL=16.67% 
CLASS[  1 (  4)] FAIL=25.00% 
CLASS[  2 (  7)] FAIL= 0.00% 
GENERATION=  843 FITNESS=    -1.235% TEST_ERROR=     11.76%
PROGRAMS=
if(!(x7<(x1+sin((exp(((x13+sin((-5.49)))+(-44.81)))/(-9.94))))|x7<x9|x8<=cos((cos((-1.25))+x2)))) CLASS=0.00
else 
if(x6>=x10-x12|x7+x11>x3) CLASS=1.00
else 
CLASS=2.00
** CONFUSION MATRIX ** Number of classes: 3
   5    1    0 
   0    3    1 
   0    0    7 
TEST REPORT=>
CLASS[  0 (  6)] FAIL=16.67% 
CLASS[  1 (  4)] FAIL=25.00% 
CLASS[  2 (  7)] FAIL= 0.00% 
CLASS_ERROR:   11.7647058824 PRECISION:    0.8750000000 RECALL:    0.8611111111 F1SCORE:    0.8680000000
 50:1.2346  100:1.2346  150:1.2346  200:1.2346  250:1.2346  300:1.2346  350:1.2346  400:1.2346  450:1.2346  500:1.2346 TEST REPORT=>
CLASS[  0 (  6)] FAIL=16.67% 
CLASS[  1 (  4)] FAIL=25.00% 
CLASS[  2 (  7)] FAIL= 0.00% 
GENERATION=  844 FITNESS=    -1.235% TEST_ERROR=     11.76%
PROGRAMS=
if(!(x7<(x1+sin((exp(((x13+sin((-5.49)))+(-44.81)))/(-9.94))))|x7<x9|x8<=cos((cos((-1.25))+x2)))) CLASS=0.00
else 
if(x6>=x10-x12|x7+x11>x3) CLASS=1.00
else 
CLASS=2.00
** CONFUSION MATRIX ** Number of classes: 3
   5    1    0 
   0    3    1 
   0    0    7 
TEST REPORT=>
CLASS[  0 (  6)] FAIL=16.67% 
CLASS[  1 (  4)] FAIL=25.00% 
CLASS[  2 (  7)] FAIL= 0.00% 
CLASS_ERROR:   11.7647058824 PRECISION:    0.8750000000 RECALL:    0.8611111111 F1SCORE:    0.8680000000
 50:1.2346  100:1.2346  150:1.2346  200:1.2346  250:1.2346  300:1.2346  350:1.2346  400:1.2346  450:1.2346  500:1.2346 TEST REPORT=>
CLASS[  0 (  6)] FAIL=16.67% 
CLASS[  1 (  4)] FAIL=25.00% 
CLASS[  2 (  7)] FAIL= 0.00% 
GENERATION=  845 FITNESS=    -1.235% TEST_ERROR=     11.76%
PROGRAMS=
if(!(x7<(x1+sin((exp(((x13+sin((-5.49)))+(-44.81)))/(-9.94))))|x7<x9|x8<=cos((cos((-1.25))+x2)))) CLASS=0.00
else 
if(x6>=x10-x12|x7+x11>x3) CLASS=1.00
else 
CLASS=2.00
** CONFUSION MATRIX ** Number of classes: 3
   5    1    0 
   0    3    1 
   0    0    7 
TEST REPORT=>
CLASS[  0 (  6)] FAIL=16.67% 
CLASS[  1 (  4)] FAIL=25.00% 
CLASS[  2 (  7)] FAIL= 0.00% 
CLASS_ERROR:   11.7647058824 PRECISION:    0.8750000000 RECALL:    0.8611111111 F1SCORE:    0.8680000000
 50:1.2346  100:1.2346  150:1.2346  200:1.2346  250:1.2346  300:1.2346  350:1.2346  400:1.2346  450:1.2346  500:1.2346 TEST REPORT=>
CLASS[  0 (  6)] FAIL=16.67% 
CLASS[  1 (  4)] FAIL=25.00% 
CLASS[  2 (  7)] FAIL= 0.00% 
GENERATION=  846 FITNESS=    -1.235% TEST_ERROR=     11.76%
PROGRAMS=
if(!(x7<(x1+sin((exp(((x13+sin((-5.49)))+(-44.81)))/(-9.94))))|x7<x9|x8<=cos((cos((-1.25))+x2)))) CLASS=0.00
else 
if(x6>=x10-x12|x7+x11>x3) CLASS=1.00
else 
CLASS=2.00
** CONFUSION MATRIX ** Number of classes: 3
   5    1    0 
   0    3    1 
   0    0    7 
TEST REPORT=>
CLASS[  0 (  6)] FAIL=16.67% 
CLASS[  1 (  4)] FAIL=25.00% 
CLASS[  2 (  7)] FAIL= 0.00% 
CLASS_ERROR:   11.7647058824 PRECISION:    0.8750000000 RECALL:    0.8611111111 F1SCORE:    0.8680000000
 50:1.2346  100:1.2346  150:1.2346  200:1.2346  250:1.2346  300:1.2346  350:1.2346  400:1.2346  450:1.2346  500:1.2346 TEST REPORT=>
CLASS[  0 (  6)] FAIL=16.67% 
CLASS[  1 (  4)] FAIL=25.00% 
CLASS[  2 (  7)] FAIL= 0.00% 
GENERATION=  847 FITNESS=    -1.235% TEST_ERROR=     11.76%
PROGRAMS=
if(!(x7<(x1+sin((exp(((x13+sin((-5.49)))+(-44.81)))/(-9.94))))|x7<x9|x8<=cos((cos((-1.25))+x2)))) CLASS=0.00
else 
if(x6>=x10-x12|x7+x11>x3) CLASS=1.00
else 
CLASS=2.00
** CONFUSION MATRIX ** Number of classes: 3
   5    1    0 
   0    3    1 
   0    0    7 
TEST REPORT=>
CLASS[  0 (  6)] FAIL=16.67% 
CLASS[  1 (  4)] FAIL=25.00% 
CLASS[  2 (  7)] FAIL= 0.00% 
CLASS_ERROR:   11.7647058824 PRECISION:    0.8750000000 RECALL:    0.8611111111 F1SCORE:    0.8680000000
 50:1.2346  100:1.2346  150:1.2346  200:1.2346  250:1.2346  300:1.2346  350:1.2346  400:1.2346  450:1.2346  500:1.2346 TEST REPORT=>
CLASS[  0 (  6)] FAIL=16.67% 
CLASS[  1 (  4)] FAIL=25.00% 
CLASS[  2 (  7)] FAIL= 0.00% 
GENERATION=  848 FITNESS=    -1.235% TEST_ERROR=     11.76%
PROGRAMS=
if(!(x7<(x1+sin((exp(((x13+sin((-5.49)))+(-44.81)))/(-9.94))))|x7<x9|x8<=cos((cos((-1.25))+x2)))) CLASS=0.00
else 
if(x6>=x10-x12|x7+x11>x3) CLASS=1.00
else 
CLASS=2.00
** CONFUSION MATRIX ** Number of classes: 3
   5    1    0 
   0    3    1 
   0    0    7 
TEST REPORT=>
CLASS[  0 (  6)] FAIL=16.67% 
CLASS[  1 (  4)] FAIL=25.00% 
CLASS[  2 (  7)] FAIL= 0.00% 
CLASS_ERROR:   11.7647058824 PRECISION:    0.8750000000 RECALL:    0.8611111111 F1SCORE:    0.8680000000
 50:1.2346  100:1.2346  150:1.2346  200:1.2346  250:1.2346  300:1.2346  350:1.2346  400:1.2346  450:1.2346  500:1.2346 TEST REPORT=>
CLASS[  0 (  6)] FAIL=16.67% 
CLASS[  1 (  4)] FAIL=25.00% 
CLASS[  2 (  7)] FAIL= 0.00% 
GENERATION=  849 FITNESS=    -1.235% TEST_ERROR=     11.76%
PROGRAMS=
if(!(x7<(x1+sin((exp(((x13+sin((-5.49)))+(-44.81)))/(-9.94))))|x7<x9|x8<=cos((cos((-1.25))+x2)))) CLASS=0.00
else 
if(x6>=x10-x12|x7+x11>x3) CLASS=1.00
else 
CLASS=2.00
** CONFUSION MATRIX ** Number of classes: 3
   5    1    0 
   0    3    1 
   0    0    7 
TEST REPORT=>
CLASS[  0 (  6)] FAIL=16.67% 
CLASS[  1 (  4)] FAIL=25.00% 
CLASS[  2 (  7)] FAIL= 0.00% 
CLASS_ERROR:   11.7647058824 PRECISION:    0.8750000000 RECALL:    0.8611111111 F1SCORE:    0.8680000000
 50:1.2346  100:1.2346  150:1.2346  200:1.2346  250:1.2346  300:1.2346  350:1.2346  400:1.2346  450:1.2346  500:1.2346 TARGETED[0] START fitness=       -1.2345679012
TARGETED[0] END fitness=       -1.2345679012 accepted=0
TARGETED[359] START fitness=      -58.6419753086
TARGETED[359] iter=3 type=VARIABLE codonPos=110 codon=231->224 rule=6->14 fitness=      -58.6419753086->      -35.1851851852
TARGETED[359] END fitness=      -35.1851851852 accepted=1
TARGETED[441] START fitness=-100000000.0000000000
TARGETED[441] iter=9 type=VARIABLE codonPos=133 codon=86->88 rule=11->13 fitness=-100000000.0000000000->      -27.1604938272
TARGETED[441] END fitness=      -27.1604938272 accepted=1
TARGETED[167] START fitness=      -30.2469135802
TARGETED[167] iter=2 type=BOOLEAN_OPERATOR codonPos=102 codon=85->86 rule=1->2 fitness=      -30.2469135802->      -27.1604938272
TARGETED[167] END fitness=      -27.1604938272 accepted=1
TARGETED[84] START fitness=       -3.7037037037
TARGETED[84] iter=18 type=VARIABLE codonPos=101 codon=80->86 rule=5->11 fitness=       -3.7037037037->       -3.0864197531
TARGETED[84] END fitness=       -3.0864197531 accepted=1
TARGETED[160] START fitness=      -29.0123456790
TARGETED[160] iter=2 type=VARIABLE codonPos=101 codon=211->215 rule=1->5 fitness=      -29.0123456790->      -25.9259259259
TARGETED[160] iter=3 type=BINARY_OPERATOR codonPos=125 codon=36->37 rule=0->1 fitness=      -25.9259259259->      -14.1975308642
TARGETED[160] iter=5 type=UNKNOWN codonPos=24 codon=114->118 rule=4->8 fitness=      -14.1975308642->      -13.5802469136
TARGETED[160] iter=7 type=UNKNOWN codonPos=28 codon=210->211 rule=0->1 fitness=      -13.5802469136->       -4.3209876543
TARGETED[160] iter=8 type=VARIABLE codonPos=109 codon=174->179 rule=9->14 fitness=       -4.3209876543->       -1.2345679012
TARGETED[160] END fitness=       -1.2345679012 accepted=5
TARGETED[304] START fitness=      -37.6543209877
TARGETED[304] iter=4 type=VARIABLE codonPos=109 codon=119->118 rule=14->13 fitness=      -37.6543209877->      -35.1851851852
TARGETED[304] END fitness=      -35.1851851852 accepted=1
TARGETED[489] START fitness=-100000000.0000000000
TARGETED[489] iter=2 type=BINARY_OPERATOR codonPos=20 codon=154->152 rule=2->0 fitness=-100000000.0000000000->      -32.7160493827
TARGETED[489] iter=14 type=VARIABLE codonPos=6 codon=183->189 rule=3->9 fitness=      -32.7160493827->      -29.6296296296
TARGETED[489] END fitness=      -29.6296296296 accepted=2
TARGETED[362] START fitness=      -58.6419753086
TARGETED[362] iter=5 type=BINARY_OPERATOR codonPos=26 codon=50->48 rule=2->0 fitness=      -58.6419753086->      -27.1604938272
TARGETED[362] iter=13 type=VARIABLE codonPos=104 codon=59->61 rule=14->1 fitness=      -27.1604938272->      -17.2839506173
TARGETED[362] iter=44 type=VARIABLE codonPos=101 codon=80->86 rule=5->11 fitness=      -17.2839506173->       -9.8765432099
TARGETED[362] END fitness=       -9.8765432099 accepted=3
TARGETED[489] START fitness=      -29.6296296296
TARGETED[489] iter=29 type=VARIABLE codonPos=19 codon=171->175 rule=6->10 fitness=      -29.6296296296->       -9.2592592593
TARGETED[489] END fitness=       -9.2592592593 accepted=1
TARGETED[410] START fitness=      -67.2839506173
TARGETED[410] iter=16 type=BOOLEAN_OPERATOR codonPos=12 codon=97->98 rule=1->2 fitness=      -67.2839506173->      -32.7160493827
TARGETED[410] END fitness=      -32.7160493827 accepted=1
TARGETED[158] START fitness=      -28.3950617284
TARGETED[158] iter=15 type=UNKNOWN codonPos=29 codon=253->254 rule=3->4 fitness=      -28.3950617284->      -27.7777777778
TARGETED[158] iter=20 type=VARIABLE codonPos=102 codon=184->191 rule=4->11 fitness=      -27.7777777778->      -24.0740740741
TARGETED[158] iter=39 type=VARIABLE codonPos=105 codon=189->182 rule=9->2 fitness=      -24.0740740741->       -9.8765432099
TARGETED[158] END fitness=       -9.8765432099 accepted=3
TARGETED[193] START fitness=      -32.7160493827
TARGETED[193] iter=29 type=UNKNOWN codonPos=28 codon=135->134 rule=1->0 fitness=      -32.7160493827->      -10.4938271605
TARGETED[193] END fitness=      -10.4938271605 accepted=1
TARGETED[429] START fitness=-100000000.0000000000
TARGETED[429] iter=2 type=VARIABLE codonPos=2 codon=84->89 rule=9->14 fitness=-100000000.0000000000->      -67.2839506173
TARGETED[429] iter=10 type=UNKNOWN codonPos=22 codon=170->173 rule=0->3 fitness=      -67.2839506173->      -25.3086419753
TARGETED[429] iter=12 type=UNKNOWN codonPos=23 codon=39->38 rule=1->0 fitness=      -25.3086419753->      -24.6913580247
TARGETED[429] END fitness=      -24.6913580247 accepted=3
TARGETED[422] START fitness=-100000000.0000000000
TARGETED[422] iter=6 type=VARIABLE codonPos=55 codon=183->178 rule=3->13 fitness=-100000000.0000000000->       -9.2592592593
TARGETED[422] iter=45 type=UNKNOWN codonPos=29 codon=142->144 rule=2->4 fitness=       -9.2592592593->       -6.1728395062
TARGETED[422] iter=46 type=VARIABLE codonPos=61 codon=212->216 rule=2->6 fitness=       -6.1728395062->       -5.5555555556
TARGETED[422] END fitness=       -5.5555555556 accepted=3
TARGETED[220] START fitness=      -32.7160493827
TARGETED[220] END fitness=      -32.7160493827 accepted=0
TARGETED[403] START fitness=      -67.2839506173
TARGETED[403] iter=2 type=VARIABLE codonPos=14 codon=116->118 rule=11->13 fitness=      -67.2839506173->      -58.6419753086
TARGETED[403] END fitness=      -58.6419753086 accepted=1
TARGETED[369] START fitness=      -58.6419753086
TARGETED[369] iter=12 type=VARIABLE codonPos=104 codon=202->209 rule=7->14 fitness=      -58.6419753086->      -32.7160493827
TARGETED[369] END fitness=      -32.7160493827 accepted=1
TARGETED[330] START fitness=      -46.2962962963
TARGETED[330] iter=1 type=FUNCTION codonPos=50 codon=67->65 rule=3->1 fitness=      -46.2962962963->      -37.6543209877
TARGETED[330] iter=9 type=BINARY_OPERATOR codonPos=117 codon=61->63 rule=1->3 fitness=      -37.6543209877->      -34.5679012346
TARGETED[330] iter=14 type=VARIABLE codonPos=118 codon=155->152 rule=5->2 fitness=      -34.5679012346->      -33.3333333333
TARGETED[330] iter=16 type=VARIABLE codonPos=47 codon=217->219 rule=7->9 fitness=      -33.3333333333->      -28.3950617284
TARGETED[330] iter=21 type=UNKNOWN codonPos=38 codon=35->34 rule=5->4 fitness=      -28.3950617284->      -27.7777777778
TARGETED[330] iter=32 type=UNKNOWN codonPos=29 codon=174->172 rule=4->2 fitness=      -27.7777777778->      -27.1604938272
TARGETED[330] iter=34 type=VARIABLE codonPos=6 codon=202->195 rule=7->0 fitness=      -27.1604938272->      -20.9876543210
TARGETED[330] iter=36 type=VARIABLE codonPos=42 codon=141->148 rule=6->13 fitness=      -20.9876543210->       -9.2592592593
TARGETED[330] iter=47 type=BINARY_OPERATOR codonPos=106 codon=19->17 rule=3->1 fitness=       -9.2592592593->       -8.6419753086
TARGETED[330] iter=50 type=UNKNOWN codonPos=79 codon=234->238 rule=4->8 fitness=       -8.6419753086->       -8.0246913580
TARGETED[330] END fitness=       -8.0246913580 accepted=10
TARGETED[107] START fitness=      -12.9629629630
TARGETED[107] iter=1 type=VARIABLE codonPos=47 codon=147->142 rule=12->7 fitness=      -12.9629629630->       -9.8765432099
TARGETED[107] iter=6 type=BINARY_OPERATOR codonPos=33 codon=208->209 rule=0->1 fitness=       -9.8765432099->       -8.6419753086
TARGETED[107] iter=35 type=BINARY_OPERATOR codonPos=26 codon=228->229 rule=0->1 fitness=       -8.6419753086->       -7.4074074074
TARGETED[107] END fitness=       -7.4074074074 accepted=3
TEST REPORT=>
CLASS[  0 (  6)] FAIL=16.67% 
CLASS[  1 (  4)] FAIL=25.00% 
CLASS[  2 (  7)] FAIL= 0.00% 
GENERATION=  850 FITNESS=    -1.235% TEST_ERROR=     11.76%
PROGRAMS=
if(!(x7<(x1+sin((exp(((x13+sin((-5.49)))+(-44.81)))/(-9.94))))|x7<x9|x8<=cos((cos((-1.25))+x2)))) CLASS=0.00
else 
if(x6>=x10-x12|x7+x11>x3) CLASS=1.00
else 
CLASS=2.00
** CONFUSION MATRIX ** Number of classes: 3
   5    1    0 
   0    3    1 
   0    0    7 
TEST REPORT=>
CLASS[  0 (  6)] FAIL=16.67% 
CLASS[  1 (  4)] FAIL=25.00% 
CLASS[  2 (  7)] FAIL= 0.00% 
CLASS_ERROR:   11.7647058824 PRECISION:    0.8750000000 RECALL:    0.8611111111 F1SCORE:    0.8680000000
 50:1.2346  100:1.2346  150:1.2346  200:1.2346  250:1.2346  300:1.2346  350:1.2346  400:1.2346  450:1.2346  500:1.2346 TEST REPORT=>
CLASS[  0 (  6)] FAIL=16.67% 
CLASS[  1 (  4)] FAIL=25.00% 
CLASS[  2 (  7)] FAIL= 0.00% 
GENERATION=  851 FITNESS=    -1.235% TEST_ERROR=     11.76%
PROGRAMS=
if(!(x7<(x1+sin((exp(((x13+sin((-5.49)))+(-44.81)))/(-9.94))))|x7<x9|x8<=cos((cos((-1.25))+x2)))) CLASS=0.00
else 
if(x6>=x10-x12|x7+x11>x3) CLASS=1.00
else 
CLASS=2.00
** CONFUSION MATRIX ** Number of classes: 3
   5    1    0 
   0    3    1 
   0    0    7 
TEST REPORT=>
CLASS[  0 (  6)] FAIL=16.67% 
CLASS[  1 (  4)] FAIL=25.00% 
CLASS[  2 (  7)] FAIL= 0.00% 
CLASS_ERROR:   11.7647058824 PRECISION:    0.8750000000 RECALL:    0.8611111111 F1SCORE:    0.8680000000
 50:1.2346  100:1.2346  150:1.2346  200:1.2346  250:1.2346  300:1.2346  350:1.2346  400:1.2346  450:1.2346  500:1.2346 
TARGETED STAGNATION BURST generation=852 stagnation=20
TARGETED_BEST[0] START fitness=-1.2345679012
TARGETED_BEST[0] END fitness=-1.2345679012 accepted=0
TARGETED_BEST[1] START fitness=-1.2345679012
TARGETED_BEST[1] END fitness=-1.2345679012 accepted=0
TARGETED_BEST[2] START fitness=-1.2345679012
TARGETED_BEST[2] END fitness=-1.2345679012 accepted=0
TARGETED_BEST[3] START fitness=-1.2345679012
TARGETED_BEST[3] END fitness=-1.2345679012 accepted=0
TARGETED_BEST[4] START fitness=-1.2345679012
TARGETED_BEST[4] END fitness=-1.2345679012 accepted=0
TARGETED_BEST[5] START fitness=-1.2345679012
TARGETED_BEST[5] END fitness=-1.2345679012 accepted=0
TARGETED_BEST[6] START fitness=-1.2345679012
TARGETED_BEST[6] END fitness=-1.2345679012 accepted=0
TARGETED_BEST[7] START fitness=-1.2345679012
TARGETED_BEST[7] END fitness=-1.2345679012 accepted=0
TARGETED_BEST[8] START fitness=-1.2345679012
TARGETED_BEST[8] END fitness=-1.2345679012 accepted=0
TARGETED_BEST[9] START fitness=-1.2345679012
TARGETED_BEST[9] END fitness=-1.2345679012 accepted=0
TARGETED_BEST[10] START fitness=-1.2345679012
TARGETED_BEST[10] END fitness=-1.2345679012 accepted=0
TARGETED_BEST[11] START fitness=-1.2345679012
TARGETED_BEST[11] END fitness=-1.2345679012 accepted=0
TARGETED_BEST[12] START fitness=-1.2345679012
TARGETED_BEST[12] END fitness=-1.2345679012 accepted=0
TARGETED_BEST[13] START fitness=-1.2345679012
TARGETED_BEST[13] END fitness=-1.2345679012 accepted=0
TARGETED_BEST[14] START fitness=-1.2345679012
TARGETED_BEST[14] END fitness=-1.2345679012 accepted=0
TARGETED_BEST[15] START fitness=-1.2345679012
TARGETED_BEST[15] END fitness=-1.2345679012 accepted=0
TARGETED_BEST[16] START fitness=-1.2345679012
TARGETED_BEST[16] END fitness=-1.2345679012 accepted=0
TARGETED_BEST[17] START fitness=-1.2345679012
TARGETED_BEST[17] END fitness=-1.2345679012 accepted=0
TARGETED_BEST[18] START fitness=-1.2345679012
TARGETED_BEST[18] END fitness=-1.2345679012 accepted=0
TARGETED_BEST[19] START fitness=-1.2345679012
TARGETED_BEST[19] END fitness=-1.2345679012 accepted=0
TEST REPORT=>
CLASS[  0 (  6)] FAIL=16.67% 
CLASS[  1 (  4)] FAIL=25.00% 
CLASS[  2 (  7)] FAIL= 0.00% 
GENERATION=  852 FITNESS=    -1.235% TEST_ERROR=     11.76%
PROGRAMS=
if(!(x7<(x1+sin((exp(((x13+sin((-5.49)))+(-44.81)))/(-9.94))))|x7<x9|x8<=cos((cos((-1.25))+x2)))) CLASS=0.00
else 
if(x6>=x10-x12|x7+x11>x3) CLASS=1.00
else 
CLASS=2.00
** CONFUSION MATRIX ** Number of classes: 3
   5    1    0 
   0    3    1 
   0    0    7 
TEST REPORT=>
CLASS[  0 (  6)] FAIL=16.67% 
CLASS[  1 (  4)] FAIL=25.00% 
CLASS[  2 (  7)] FAIL= 0.00% 
CLASS_ERROR:   11.7647058824 PRECISION:    0.8750000000 RECALL:    0.8611111111 F1SCORE:    0.8680000000
 50:1.2346  100:1.2346  150:1.2346  200:1.2346  250:1.2346  300:1.2346  350:1.2346  400:1.2346  450:1.2346  500:1.2346 TEST REPORT=>
CLASS[  0 (  6)] FAIL=16.67% 
CLASS[  1 (  4)] FAIL=25.00% 
CLASS[  2 (  7)] FAIL= 0.00% 
GENERATION=  853 FITNESS=    -1.235% TEST_ERROR=     11.76%
PROGRAMS=
if(!(x7<(x1+sin((exp(((x13+sin((-5.49)))+(-44.81)))/(-9.94))))|x7<x9|x8<=cos((cos((-1.25))+x2)))) CLASS=0.00
else 
if(x6>=x10-x12|x7+x11>x3) CLASS=1.00
else 
CLASS=2.00
** CONFUSION MATRIX ** Number of classes: 3
   5    1    0 
   0    3    1 
   0    0    7 
TEST REPORT=>
CLASS[  0 (  6)] FAIL=16.67% 
CLASS[  1 (  4)] FAIL=25.00% 
CLASS[  2 (  7)] FAIL= 0.00% 
CLASS_ERROR:   11.7647058824 PRECISION:    0.8750000000 RECALL:    0.8611111111 F1SCORE:    0.8680000000
 50:1.2346  100:1.2346  150:1.2346  200:1.2346  250:1.2346  300:1.2346  350:1.2346  400:1.2346  450:1.2346  500:1.2346 TEST REPORT=>
CLASS[  0 (  6)] FAIL=16.67% 
CLASS[  1 (  4)] FAIL=25.00% 
CLASS[  2 (  7)] FAIL= 0.00% 
GENERATION=  854 FITNESS=    -1.235% TEST_ERROR=     11.76%
PROGRAMS=
if(!(x7<(x1+sin((exp(((x13+sin((-5.49)))+(-44.81)))/(-9.94))))|x7<x9|x8<=cos((cos((-1.25))+x2)))) CLASS=0.00
else 
if(x6>=x10-x12|x7+x11>x3) CLASS=1.00
else 
CLASS=2.00
** CONFUSION MATRIX ** Number of classes: 3
   5    1    0 
   0    3    1 
   0    0    7 
TEST REPORT=>
CLASS[  0 (  6)] FAIL=16.67% 
CLASS[  1 (  4)] FAIL=25.00% 
CLASS[  2 (  7)] FAIL= 0.00% 
CLASS_ERROR:   11.7647058824 PRECISION:    0.8750000000 RECALL:    0.8611111111 F1SCORE:    0.8680000000
 50:1.2346  100:1.2346  150:1.2346  200:1.2346  250:1.2346  300:1.2346  350:1.2346  400:1.2346  450:1.2346  500:1.2346 TEST REPORT=>
CLASS[  0 (  6)] FAIL=16.67% 
CLASS[  1 (  4)] FAIL=25.00% 
CLASS[  2 (  7)] FAIL= 0.00% 
GENERATION=  855 FITNESS=    -1.235% TEST_ERROR=     11.76%
PROGRAMS=
if(!(x7<(x1+sin((exp(((x13+sin((-5.49)))+(-44.81)))/(-9.94))))|x7<x9|x8<=cos((cos((-1.25))+x2)))) CLASS=0.00
else 
if(x6>=x10-x12|x7+x11>x3) CLASS=1.00
else 
CLASS=2.00
** CONFUSION MATRIX ** Number of classes: 3
   5    1    0 
   0    3    1 
   0    0    7 
TEST REPORT=>
CLASS[  0 (  6)] FAIL=16.67% 
CLASS[  1 (  4)] FAIL=25.00% 
CLASS[  2 (  7)] FAIL= 0.00% 
CLASS_ERROR:   11.7647058824 PRECISION:    0.8750000000 RECALL:    0.8611111111 F1SCORE:    0.8680000000
 50:1.2346  100:1.2346  150:1.2346  200:1.2346  250:1.2346  300:1.2346  350:1.2346  400:1.2346  450:1.2346  500:1.2346 TEST REPORT=>
CLASS[  0 (  6)] FAIL=16.67% 
CLASS[  1 (  4)] FAIL=25.00% 
CLASS[  2 (  7)] FAIL= 0.00% 
GENERATION=  856 FITNESS=    -1.235% TEST_ERROR=     11.76%
PROGRAMS=
if(!(x7<(x1+sin((exp(((x13+sin((-5.49)))+(-44.81)))/(-9.94))))|x7<x9|x8<=cos((cos((-1.25))+x2)))) CLASS=0.00
else 
if(x6>=x10-x12|x7+x11>x3) CLASS=1.00
else 
CLASS=2.00
** CONFUSION MATRIX ** Number of classes: 3
   5    1    0 
   0    3    1 
   0    0    7 
TEST REPORT=>
CLASS[  0 (  6)] FAIL=16.67% 
CLASS[  1 (  4)] FAIL=25.00% 
CLASS[  2 (  7)] FAIL= 0.00% 
CLASS_ERROR:   11.7647058824 PRECISION:    0.8750000000 RECALL:    0.8611111111 F1SCORE:    0.8680000000
 50:1.2346  100:1.2346  150:1.2346  200:1.2346  250:1.2346  300:1.2346  350:1.2346  400:1.2346  450:1.2346  500:1.2346 TEST REPORT=>
CLASS[  0 (  6)] FAIL=16.67% 
CLASS[  1 (  4)] FAIL=25.00% 
CLASS[  2 (  7)] FAIL= 0.00% 
GENERATION=  857 FITNESS=    -1.235% TEST_ERROR=     11.76%
PROGRAMS=
if(!(x7<(x1+sin((exp(((x13+sin((-5.49)))+(-44.81)))/(-9.94))))|x7<x9|x8<=cos((cos((-1.25))+x2)))) CLASS=0.00
else 
if(x6>=x10-x12|x7+x11>x3) CLASS=1.00
else 
CLASS=2.00
** CONFUSION MATRIX ** Number of classes: 3
   5    1    0 
   0    3    1 
   0    0    7 
TEST REPORT=>
CLASS[  0 (  6)] FAIL=16.67% 
CLASS[  1 (  4)] FAIL=25.00% 
CLASS[  2 (  7)] FAIL= 0.00% 
CLASS_ERROR:   11.7647058824 PRECISION:    0.8750000000 RECALL:    0.8611111111 F1SCORE:    0.8680000000
 50:1.2346  100:1.2346  150:1.2346  200:1.2346  250:1.2346  300:1.2346  350:1.2346  400:1.2346  450:1.2346  500:1.2346 TEST REPORT=>
CLASS[  0 (  6)] FAIL=16.67% 
CLASS[  1 (  4)] FAIL=25.00% 
CLASS[  2 (  7)] FAIL= 0.00% 
GENERATION=  858 FITNESS=    -1.235% TEST_ERROR=     11.76%
PROGRAMS=
if(!(x7<(x1+sin((exp(((x13+sin((-5.49)))+(-44.81)))/(-9.94))))|x7<x9|x8<=cos((cos((-1.25))+x2)))) CLASS=0.00
else 
if(x6>=x10-x12|x7+x11>x3) CLASS=1.00
else 
CLASS=2.00
** CONFUSION MATRIX ** Number of classes: 3
   5    1    0 
   0    3    1 
   0    0    7 
TEST REPORT=>
CLASS[  0 (  6)] FAIL=16.67% 
CLASS[  1 (  4)] FAIL=25.00% 
CLASS[  2 (  7)] FAIL= 0.00% 
CLASS_ERROR:   11.7647058824 PRECISION:    0.8750000000 RECALL:    0.8611111111 F1SCORE:    0.8680000000
 50:1.2346  100:1.2346  150:1.2346  200:1.2346  250:1.2346  300:1.2346  350:1.2346  400:1.2346  450:1.2346  500:1.2346 TEST REPORT=>
CLASS[  0 (  6)] FAIL=16.67% 
CLASS[  1 (  4)] FAIL=25.00% 
CLASS[  2 (  7)] FAIL= 0.00% 
GENERATION=  859 FITNESS=    -1.235% TEST_ERROR=     11.76%
PROGRAMS=
if(!(x7<(x1+sin((exp(((x13+sin((-5.49)))+(-44.81)))/(-9.94))))|x7<x9|x8<=cos((cos((-1.25))+x2)))) CLASS=0.00
else 
if(x6>=x10-x12|x7+x11>x3) CLASS=1.00
else 
CLASS=2.00
** CONFUSION MATRIX ** Number of classes: 3
   5    1    0 
   0    3    1 
   0    0    7 
TEST REPORT=>
CLASS[  0 (  6)] FAIL=16.67% 
CLASS[  1 (  4)] FAIL=25.00% 
CLASS[  2 (  7)] FAIL= 0.00% 
CLASS_ERROR:   11.7647058824 PRECISION:    0.8750000000 RECALL:    0.8611111111 F1SCORE:    0.8680000000
 50:1.2346  100:1.2346  150:1.2346  200:1.2346  250:1.2346  300:1.2346  350:1.2346  400:1.2346  450:1.2346  500:1.2346 TEST REPORT=>
CLASS[  0 (  6)] FAIL=16.67% 
CLASS[  1 (  4)] FAIL=25.00% 
CLASS[  2 (  7)] FAIL= 0.00% 
GENERATION=  860 FITNESS=    -1.235% TEST_ERROR=     11.76%
PROGRAMS=
if(!(x7<(x1+sin((exp(((x13+sin((-5.49)))+(-44.81)))/(-9.94))))|x7<x9|x8<=cos((cos((-1.25))+x2)))) CLASS=0.00
else 
if(x6>=x10-x12|x7+x11>x3) CLASS=1.00
else 
CLASS=2.00
** CONFUSION MATRIX ** Number of classes: 3
   5    1    0 
   0    3    1 
   0    0    7 
TEST REPORT=>
CLASS[  0 (  6)] FAIL=16.67% 
CLASS[  1 (  4)] FAIL=25.00% 
CLASS[  2 (  7)] FAIL= 0.00% 
CLASS_ERROR:   11.7647058824 PRECISION:    0.8750000000 RECALL:    0.8611111111 F1SCORE:    0.8680000000
 50:1.2346  100:1.2346  150:1.2346  200:1.2346  250:1.2346  300:1.2346  350:1.2346  400:1.2346  450:1.2346  500:1.2346 TEST REPORT=>
CLASS[  0 (  6)] FAIL=16.67% 
CLASS[  1 (  4)] FAIL=25.00% 
CLASS[  2 (  7)] FAIL= 0.00% 
GENERATION=  861 FITNESS=    -1.235% TEST_ERROR=     11.76%
PROGRAMS=
if(!(x7<(x1+sin((exp(((x13+sin((-5.49)))+(-44.81)))/(-9.94))))|x7<x9|x8<=cos((cos((-1.25))+x2)))) CLASS=0.00
else 
if(x6>=x10-x12|x7+x11>x3) CLASS=1.00
else 
CLASS=2.00
** CONFUSION MATRIX ** Number of classes: 3
   5    1    0 
   0    3    1 
   0    0    7 
TEST REPORT=>
CLASS[  0 (  6)] FAIL=16.67% 
CLASS[  1 (  4)] FAIL=25.00% 
CLASS[  2 (  7)] FAIL= 0.00% 
CLASS_ERROR:   11.7647058824 PRECISION:    0.8750000000 RECALL:    0.8611111111 F1SCORE:    0.8680000000
 50:1.2346  100:1.2346  150:1.2346  200:1.2346  250:1.2346  300:1.2346  350:1.2346  400:1.2346  450:1.2346  500:1.2346 TEST REPORT=>
CLASS[  0 (  6)] FAIL=16.67% 
CLASS[  1 (  4)] FAIL=25.00% 
CLASS[  2 (  7)] FAIL= 0.00% 
GENERATION=  862 FITNESS=    -1.235% TEST_ERROR=     11.76%
PROGRAMS=
if(!(x7<(x1+sin((exp(((x13+sin((-5.49)))+(-44.81)))/(-9.94))))|x7<x9|x8<=cos((cos((-1.25))+x2)))) CLASS=0.00
else 
if(x6>=x10-x12|x7+x11>x3) CLASS=1.00
else 
CLASS=2.00
** CONFUSION MATRIX ** Number of classes: 3
   5    1    0 
   0    3    1 
   0    0    7 
TEST REPORT=>
CLASS[  0 (  6)] FAIL=16.67% 
CLASS[  1 (  4)] FAIL=25.00% 
CLASS[  2 (  7)] FAIL= 0.00% 
CLASS_ERROR:   11.7647058824 PRECISION:    0.8750000000 RECALL:    0.8611111111 F1SCORE:    0.8680000000
 50:1.2346  100:1.2346  150:1.2346  200:1.2346  250:1.2346  300:1.2346  350:1.2346  400:1.2346  450:1.2346  500:1.2346 TEST REPORT=>
CLASS[  0 (  6)] FAIL=16.67% 
CLASS[  1 (  4)] FAIL=25.00% 
CLASS[  2 (  7)] FAIL= 0.00% 
GENERATION=  863 FITNESS=    -1.235% TEST_ERROR=     11.76%
PROGRAMS=
if(!(x7<(x1+sin((exp(((x13+sin((-5.49)))+(-44.81)))/(-9.94))))|x7<x9|x8<=cos((cos((-1.25))+x2)))) CLASS=0.00
else 
if(x6>=x10-x12|x7+x11>x3) CLASS=1.00
else 
CLASS=2.00
** CONFUSION MATRIX ** Number of classes: 3
   5    1    0 
   0    3    1 
   0    0    7 
TEST REPORT=>
CLASS[  0 (  6)] FAIL=16.67% 
CLASS[  1 (  4)] FAIL=25.00% 
CLASS[  2 (  7)] FAIL= 0.00% 
CLASS_ERROR:   11.7647058824 PRECISION:    0.8750000000 RECALL:    0.8611111111 F1SCORE:    0.8680000000
 50:1.2346  100:1.2346  150:1.2346  200:1.2346  250:1.2346  300:1.2346  350:1.2346  400:1.2346  450:1.2346  500:1.2346 TEST REPORT=>
CLASS[  0 (  6)] FAIL=16.67% 
CLASS[  1 (  4)] FAIL=25.00% 
CLASS[  2 (  7)] FAIL= 0.00% 
GENERATION=  864 FITNESS=    -1.235% TEST_ERROR=     11.76%
PROGRAMS=
if(!(x7<(x1+sin((exp(((x13+sin((-5.49)))+(-44.81)))/(-9.94))))|x7<x9|x8<=cos((cos((-1.25))+x2)))) CLASS=0.00
else 
if(x6>=x10-x12|x7+x11>x3) CLASS=1.00
else 
CLASS=2.00
** CONFUSION MATRIX ** Number of classes: 3
   5    1    0 
   0    3    1 
   0    0    7 
TEST REPORT=>
CLASS[  0 (  6)] FAIL=16.67% 
CLASS[  1 (  4)] FAIL=25.00% 
CLASS[  2 (  7)] FAIL= 0.00% 
CLASS_ERROR:   11.7647058824 PRECISION:    0.8750000000 RECALL:    0.8611111111 F1SCORE:    0.8680000000
 50:1.2346  100:1.2346  150:1.2346  200:1.2346  250:1.2346  300:1.2346  350:1.2346  400:1.2346  450:1.2346  500:1.2346 TEST REPORT=>
CLASS[  0 (  6)] FAIL=16.67% 
CLASS[  1 (  4)] FAIL=25.00% 
CLASS[  2 (  7)] FAIL= 0.00% 
GENERATION=  865 FITNESS=    -1.235% TEST_ERROR=     11.76%
PROGRAMS=
if(!(x7<(x1+sin((exp(((x13+sin((-5.49)))+(-44.81)))/(-9.94))))|x7<x9|x8<=cos((cos((-1.25))+x2)))) CLASS=0.00
else 
if(x6>=x10-x12|x7+x11>x3) CLASS=1.00
else 
CLASS=2.00
** CONFUSION MATRIX ** Number of classes: 3
   5    1    0 
   0    3    1 
   0    0    7 
TEST REPORT=>
CLASS[  0 (  6)] FAIL=16.67% 
CLASS[  1 (  4)] FAIL=25.00% 
CLASS[  2 (  7)] FAIL= 0.00% 
CLASS_ERROR:   11.7647058824 PRECISION:    0.8750000000 RECALL:    0.8611111111 F1SCORE:    0.8680000000
 50:1.2346  100:1.2346  150:1.2346  200:1.2346  250:1.2346  300:1.2346  350:1.2346  400:1.2346  450:1.2346  500:1.2346 TEST REPORT=>
CLASS[  0 (  6)] FAIL=16.67% 
CLASS[  1 (  4)] FAIL=25.00% 
CLASS[  2 (  7)] FAIL= 0.00% 
GENERATION=  866 FITNESS=    -1.235% TEST_ERROR=     11.76%
PROGRAMS=
if(!(x7<(x1+sin((exp(((x13+sin((-5.49)))+(-44.81)))/(-9.94))))|x7<x9|x8<=cos((cos((-1.25))+x2)))) CLASS=0.00
else 
if(x6>=x10-x12|x7+x11>x3) CLASS=1.00
else 
CLASS=2.00
** CONFUSION MATRIX ** Number of classes: 3
   5    1    0 
   0    3    1 
   0    0    7 
TEST REPORT=>
CLASS[  0 (  6)] FAIL=16.67% 
CLASS[  1 (  4)] FAIL=25.00% 
CLASS[  2 (  7)] FAIL= 0.00% 
CLASS_ERROR:   11.7647058824 PRECISION:    0.8750000000 RECALL:    0.8611111111 F1SCORE:    0.8680000000
 50:1.2346  100:1.2346  150:1.2346  200:1.2346  250:1.2346  300:1.2346  350:1.2346  400:1.2346  450:1.2346  500:1.2346 TEST REPORT=>
CLASS[  0 (  6)] FAIL=16.67% 
CLASS[  1 (  4)] FAIL=25.00% 
CLASS[  2 (  7)] FAIL= 0.00% 
GENERATION=  867 FITNESS=    -1.235% TEST_ERROR=     11.76%
PROGRAMS=
if(!(x7<(x1+sin((exp(((x13+sin((-5.49)))+(-44.81)))/(-9.94))))|x7<x9|x8<=cos((cos((-1.25))+x2)))) CLASS=0.00
else 
if(x6>=x10-x12|x7+x11>x3) CLASS=1.00
else 
CLASS=2.00
** CONFUSION MATRIX ** Number of classes: 3
   5    1    0 
   0    3    1 
   0    0    7 
TEST REPORT=>
CLASS[  0 (  6)] FAIL=16.67% 
CLASS[  1 (  4)] FAIL=25.00% 
CLASS[  2 (  7)] FAIL= 0.00% 
CLASS_ERROR:   11.7647058824 PRECISION:    0.8750000000 RECALL:    0.8611111111 F1SCORE:    0.8680000000
 50:1.2346  100:1.2346  150:1.2346  200:1.2346  250:1.2346  300:1.2346  350:1.2346  400:1.2346  450:1.2346  500:1.2346 TEST REPORT=>
CLASS[  0 (  6)] FAIL=16.67% 
CLASS[  1 (  4)] FAIL=25.00% 
CLASS[  2 (  7)] FAIL= 0.00% 
GENERATION=  868 FITNESS=    -1.235% TEST_ERROR=     11.76%
PROGRAMS=
if(!(x7<(x1+sin((exp(((x13+sin((-5.49)))+(-44.81)))/(-9.94))))|x7<x9|x8<=cos((cos((-1.25))+x2)))) CLASS=0.00
else 
if(x6>=x10-x12|x7+x11>x3) CLASS=1.00
else 
CLASS=2.00
** CONFUSION MATRIX ** Number of classes: 3
   5    1    0 
   0    3    1 
   0    0    7 
TEST REPORT=>
CLASS[  0 (  6)] FAIL=16.67% 
CLASS[  1 (  4)] FAIL=25.00% 
CLASS[  2 (  7)] FAIL= 0.00% 
CLASS_ERROR:   11.7647058824 PRECISION:    0.8750000000 RECALL:    0.8611111111 F1SCORE:    0.8680000000
 50:1.2346  100:1.2346  150:1.2346  200:1.2346  250:1.2346  300:1.2346  350:1.2346  400:1.2346  450:1.2346  500:1.2346 TEST REPORT=>
CLASS[  0 (  6)] FAIL=16.67% 
CLASS[  1 (  4)] FAIL=25.00% 
CLASS[  2 (  7)] FAIL= 0.00% 
GENERATION=  869 FITNESS=    -1.235% TEST_ERROR=     11.76%
PROGRAMS=
if(!(x7<(x1+sin((exp(((x13+sin((-5.49)))+(-44.81)))/(-9.94))))|x7<x9|x8<=cos((cos((-1.25))+x2)))) CLASS=0.00
else 
if(x6>=x10-x12|x7+x11>x3) CLASS=1.00
else 
CLASS=2.00
** CONFUSION MATRIX ** Number of classes: 3
   5    1    0 
   0    3    1 
   0    0    7 
TEST REPORT=>
CLASS[  0 (  6)] FAIL=16.67% 
CLASS[  1 (  4)] FAIL=25.00% 
CLASS[  2 (  7)] FAIL= 0.00% 
CLASS_ERROR:   11.7647058824 PRECISION:    0.8750000000 RECALL:    0.8611111111 F1SCORE:    0.8680000000
 50:1.2346  100:1.2346  150:1.2346  200:1.2346  250:1.2346  300:1.2346  350:1.2346  400:1.2346  450:1.2346  500:1.2346 TEST REPORT=>
CLASS[  0 (  6)] FAIL=16.67% 
CLASS[  1 (  4)] FAIL=25.00% 
CLASS[  2 (  7)] FAIL= 0.00% 
GENERATION=  870 FITNESS=    -1.235% TEST_ERROR=     11.76%
PROGRAMS=
if(!(x7<(x1+sin((exp(((x13+sin((-5.49)))+(-44.81)))/(-9.94))))|x7<x9|x8<=cos((cos((-1.25))+x2)))) CLASS=0.00
else 
if(x6>=x10-x12|x7+x11>x3) CLASS=1.00
else 
CLASS=2.00
** CONFUSION MATRIX ** Number of classes: 3
   5    1    0 
   0    3    1 
   0    0    7 
TEST REPORT=>
CLASS[  0 (  6)] FAIL=16.67% 
CLASS[  1 (  4)] FAIL=25.00% 
CLASS[  2 (  7)] FAIL= 0.00% 
CLASS_ERROR:   11.7647058824 PRECISION:    0.8750000000 RECALL:    0.8611111111 F1SCORE:    0.8680000000
 50:1.2346  100:1.2346  150:1.2346  200:1.2346  250:1.2346  300:1.2346  350:1.2346  400:1.2346  450:1.2346  500:1.2346 TEST REPORT=>
CLASS[  0 (  6)] FAIL=16.67% 
CLASS[  1 (  4)] FAIL=25.00% 
CLASS[  2 (  7)] FAIL= 0.00% 
GENERATION=  871 FITNESS=    -1.235% TEST_ERROR=     11.76%
PROGRAMS=
if(!(x7<(x1+sin((exp(((x13+sin((-5.49)))+(-44.81)))/(-9.94))))|x7<x9|x8<=cos((cos((-1.25))+x2)))) CLASS=0.00
else 
if(x6>=x10-x12|x7+x11>x3) CLASS=1.00
else 
CLASS=2.00
** CONFUSION MATRIX ** Number of classes: 3
   5    1    0 
   0    3    1 
   0    0    7 
TEST REPORT=>
CLASS[  0 (  6)] FAIL=16.67% 
CLASS[  1 (  4)] FAIL=25.00% 
CLASS[  2 (  7)] FAIL= 0.00% 
CLASS_ERROR:   11.7647058824 PRECISION:    0.8750000000 RECALL:    0.8611111111 F1SCORE:    0.8680000000
 50:1.2346  100:1.2346  150:1.2346  200:1.2346  250:1.2346  300:1.2346  350:1.2346  400:1.2346  450:1.2346  500:1.2346 
TARGETED STAGNATION BURST generation=872 stagnation=20
TARGETED_BEST[0] START fitness=-1.2345679012
TARGETED_BEST[0] END fitness=-1.2345679012 accepted=0
TARGETED_BEST[1] START fitness=-1.2345679012
TARGETED_BEST[1] END fitness=-1.2345679012 accepted=0
TARGETED_BEST[2] START fitness=-1.2345679012
TARGETED_BEST[2] END fitness=-1.2345679012 accepted=0
TARGETED_BEST[3] START fitness=-1.2345679012
TARGETED_BEST[3] END fitness=-1.2345679012 accepted=0
TARGETED_BEST[4] START fitness=-1.2345679012
TARGETED_BEST[4] END fitness=-1.2345679012 accepted=0
TARGETED_BEST[5] START fitness=-1.2345679012
TARGETED_BEST[5] END fitness=-1.2345679012 accepted=0
TARGETED_BEST[6] START fitness=-1.2345679012
TARGETED_BEST[6] END fitness=-1.2345679012 accepted=0
TARGETED_BEST[7] START fitness=-1.2345679012
TARGETED_BEST[7] END fitness=-1.2345679012 accepted=0
TARGETED_BEST[8] START fitness=-1.2345679012
TARGETED_BEST[8] END fitness=-1.2345679012 accepted=0
TARGETED_BEST[9] START fitness=-1.2345679012
TARGETED_BEST[9] END fitness=-1.2345679012 accepted=0
TARGETED_BEST[10] START fitness=-1.2345679012
TARGETED_BEST[10] END fitness=-1.2345679012 accepted=0
TARGETED_BEST[11] START fitness=-1.2345679012
TARGETED_BEST[11] END fitness=-1.2345679012 accepted=0
TARGETED_BEST[12] START fitness=-1.2345679012
TARGETED_BEST[12] END fitness=-1.2345679012 accepted=0
TARGETED_BEST[13] START fitness=-1.2345679012
TARGETED_BEST[13] END fitness=-1.2345679012 accepted=0
TARGETED_BEST[14] START fitness=-1.2345679012
TARGETED_BEST[14] END fitness=-1.2345679012 accepted=0
TARGETED_BEST[15] START fitness=-1.2345679012
TARGETED_BEST[15] END fitness=-1.2345679012 accepted=0
TARGETED_BEST[16] START fitness=-1.2345679012
TARGETED_BEST[16] END fitness=-1.2345679012 accepted=0
TARGETED_BEST[17] START fitness=-1.2345679012
TARGETED_BEST[17] END fitness=-1.2345679012 accepted=0
TARGETED_BEST[18] START fitness=-1.2345679012
TARGETED_BEST[18] END fitness=-1.2345679012 accepted=0
TARGETED_BEST[19] START fitness=-1.2345679012
TARGETED_BEST[19] END fitness=-1.2345679012 accepted=0
TEST REPORT=>
CLASS[  0 (  6)] FAIL=16.67% 
CLASS[  1 (  4)] FAIL=25.00% 
CLASS[  2 (  7)] FAIL= 0.00% 
GENERATION=  872 FITNESS=    -1.235% TEST_ERROR=     11.76%
PROGRAMS=
if(!(x7<(x1+sin((exp(((x13+sin((-5.49)))+(-44.81)))/(-9.94))))|x7<x9|x8<=cos((cos((-1.25))+x2)))) CLASS=0.00
else 
if(x6>=x10-x12|x7+x11>x3) CLASS=1.00
else 
CLASS=2.00
** CONFUSION MATRIX ** Number of classes: 3
   5    1    0 
   0    3    1 
   0    0    7 
TEST REPORT=>
CLASS[  0 (  6)] FAIL=16.67% 
CLASS[  1 (  4)] FAIL=25.00% 
CLASS[  2 (  7)] FAIL= 0.00% 
CLASS_ERROR:   11.7647058824 PRECISION:    0.8750000000 RECALL:    0.8611111111 F1SCORE:    0.8680000000
 50:1.2346  100:1.2346  150:1.2346  200:1.2346  250:1.2346  300:1.2346  350:1.2346  400:1.2346  450:1.2346  500:1.2346 TEST REPORT=>
CLASS[  0 (  6)] FAIL=16.67% 
CLASS[  1 (  4)] FAIL=25.00% 
CLASS[  2 (  7)] FAIL= 0.00% 
GENERATION=  873 FITNESS=    -1.235% TEST_ERROR=     11.76%
PROGRAMS=
if(!(x7<(x1+sin((exp(((x13+sin((-5.49)))+(-44.81)))/(-9.94))))|x7<x9|x8<=cos((cos((-1.25))+x2)))) CLASS=0.00
else 
if(x6>=x10-x12|x7+x11>x3) CLASS=1.00
else 
CLASS=2.00
** CONFUSION MATRIX ** Number of classes: 3
   5    1    0 
   0    3    1 
   0    0    7 
TEST REPORT=>
CLASS[  0 (  6)] FAIL=16.67% 
CLASS[  1 (  4)] FAIL=25.00% 
CLASS[  2 (  7)] FAIL= 0.00% 
CLASS_ERROR:   11.7647058824 PRECISION:    0.8750000000 RECALL:    0.8611111111 F1SCORE:    0.8680000000
 50:1.2346  100:1.2346  150:1.2346  200:1.2346  250:1.2346  300:1.2346  350:1.2346  400:1.2346  450:1.2346  500:1.2346 TEST REPORT=>
CLASS[  0 (  6)] FAIL=16.67% 
CLASS[  1 (  4)] FAIL=25.00% 
CLASS[  2 (  7)] FAIL= 0.00% 
GENERATION=  874 FITNESS=    -1.235% TEST_ERROR=     11.76%
PROGRAMS=
if(!(x7<(x1+sin((exp(((x13+sin((-5.49)))+(-44.81)))/(-9.94))))|x7<x9|x8<=cos((cos((-1.25))+x2)))) CLASS=0.00
else 
if(x6>=x10-x12|x7+x11>x3) CLASS=1.00
else 
CLASS=2.00
** CONFUSION MATRIX ** Number of classes: 3
   5    1    0 
   0    3    1 
   0    0    7 
TEST REPORT=>
CLASS[  0 (  6)] FAIL=16.67% 
CLASS[  1 (  4)] FAIL=25.00% 
CLASS[  2 (  7)] FAIL= 0.00% 
CLASS_ERROR:   11.7647058824 PRECISION:    0.8750000000 RECALL:    0.8611111111 F1SCORE:    0.8680000000
 50:1.2346  100:1.2346  150:1.2346  200:1.2346  250:1.2346  300:1.2346  350:1.2346  400:1.2346  450:1.2346  500:1.2346 TEST REPORT=>
CLASS[  0 (  6)] FAIL=16.67% 
CLASS[  1 (  4)] FAIL=25.00% 
CLASS[  2 (  7)] FAIL= 0.00% 
GENERATION=  875 FITNESS=    -1.235% TEST_ERROR=     11.76%
PROGRAMS=
if(!(x7<(x1+sin((exp(((x13+sin((-5.49)))+(-44.81)))/(-9.94))))|x7<x9|x8<=cos((cos((-1.25))+x2)))) CLASS=0.00
else 
if(x6>=x10-x12|x7+x11>x3) CLASS=1.00
else 
CLASS=2.00
** CONFUSION MATRIX ** Number of classes: 3
   5    1    0 
   0    3    1 
   0    0    7 
TEST REPORT=>
CLASS[  0 (  6)] FAIL=16.67% 
CLASS[  1 (  4)] FAIL=25.00% 
CLASS[  2 (  7)] FAIL= 0.00% 
CLASS_ERROR:   11.7647058824 PRECISION:    0.8750000000 RECALL:    0.8611111111 F1SCORE:    0.8680000000
 50:1.2346  100:1.2346  150:1.2346  200:1.2346  250:1.2346  300:1.2346  350:1.2346  400:1.2346  450:1.2346  500:1.2346 TEST REPORT=>
CLASS[  0 (  6)] FAIL=16.67% 
CLASS[  1 (  4)] FAIL=25.00% 
CLASS[  2 (  7)] FAIL= 0.00% 
GENERATION=  876 FITNESS=    -1.235% TEST_ERROR=     11.76%
PROGRAMS=
if(!(x7<(x1+sin((exp(((x13+sin((-5.49)))+(-44.81)))/(-9.94))))|x7<x9|x8<=cos((cos((-1.25))+x2)))) CLASS=0.00
else 
if(x6>=x10-x12|x7+x11>x3) CLASS=1.00
else 
CLASS=2.00
** CONFUSION MATRIX ** Number of classes: 3
   5    1    0 
   0    3    1 
   0    0    7 
TEST REPORT=>
CLASS[  0 (  6)] FAIL=16.67% 
CLASS[  1 (  4)] FAIL=25.00% 
CLASS[  2 (  7)] FAIL= 0.00% 
CLASS_ERROR:   11.7647058824 PRECISION:    0.8750000000 RECALL:    0.8611111111 F1SCORE:    0.8680000000
 50:1.2346  100:1.2346  150:1.2346  200:1.2346  250:1.2346  300:1.2346  350:1.2346  400:1.2346  450:1.2346  500:1.2346 TEST REPORT=>
CLASS[  0 (  6)] FAIL=16.67% 
CLASS[  1 (  4)] FAIL=25.00% 
CLASS[  2 (  7)] FAIL= 0.00% 
GENERATION=  877 FITNESS=    -1.235% TEST_ERROR=     11.76%
PROGRAMS=
if(!(x7<(x1+sin((exp(((x13+sin((-5.49)))+(-44.81)))/(-9.94))))|x7<x9|x8<=cos((cos((-1.25))+x2)))) CLASS=0.00
else 
if(x6>=x10-x12|x7+x11>x3) CLASS=1.00
else 
CLASS=2.00
** CONFUSION MATRIX ** Number of classes: 3
   5    1    0 
   0    3    1 
   0    0    7 
TEST REPORT=>
CLASS[  0 (  6)] FAIL=16.67% 
CLASS[  1 (  4)] FAIL=25.00% 
CLASS[  2 (  7)] FAIL= 0.00% 
CLASS_ERROR:   11.7647058824 PRECISION:    0.8750000000 RECALL:    0.8611111111 F1SCORE:    0.8680000000
 50:1.2346  100:1.2346  150:1.2346  200:1.2346  250:1.2346  300:1.2346  350:1.2346  400:1.2346  450:1.2346  500:1.2346 TEST REPORT=>
CLASS[  0 (  6)] FAIL=16.67% 
CLASS[  1 (  4)] FAIL=25.00% 
CLASS[  2 (  7)] FAIL= 0.00% 
GENERATION=  878 FITNESS=    -1.235% TEST_ERROR=     11.76%
PROGRAMS=
if(!(x7<(x1+sin((exp(((x13+sin((-5.49)))+(-44.81)))/(-9.94))))|x7<x9|x8<=cos((cos((-1.25))+x2)))) CLASS=0.00
else 
if(x6>=x10-x12|x7+x11>x3) CLASS=1.00
else 
CLASS=2.00
** CONFUSION MATRIX ** Number of classes: 3
   5    1    0 
   0    3    1 
   0    0    7 
TEST REPORT=>
CLASS[  0 (  6)] FAIL=16.67% 
CLASS[  1 (  4)] FAIL=25.00% 
CLASS[  2 (  7)] FAIL= 0.00% 
CLASS_ERROR:   11.7647058824 PRECISION:    0.8750000000 RECALL:    0.8611111111 F1SCORE:    0.8680000000
 50:1.2346  100:1.2346  150:1.2346  200:1.2346  250:1.2346  300:1.2346  350:1.2346  400:1.2346  450:1.2346  500:1.2346 TEST REPORT=>
CLASS[  0 (  6)] FAIL=16.67% 
CLASS[  1 (  4)] FAIL=25.00% 
CLASS[  2 (  7)] FAIL= 0.00% 
GENERATION=  879 FITNESS=    -1.235% TEST_ERROR=     11.76%
PROGRAMS=
if(!(x7<(x1+sin((exp(((x13+sin((-5.49)))+(-44.81)))/(-9.94))))|x7<x9|x8<=cos((cos((-1.25))+x2)))) CLASS=0.00
else 
if(x6>=x10-x12|x7+x11>x3) CLASS=1.00
else 
CLASS=2.00
** CONFUSION MATRIX ** Number of classes: 3
   5    1    0 
   0    3    1 
   0    0    7 
TEST REPORT=>
CLASS[  0 (  6)] FAIL=16.67% 
CLASS[  1 (  4)] FAIL=25.00% 
CLASS[  2 (  7)] FAIL= 0.00% 
CLASS_ERROR:   11.7647058824 PRECISION:    0.8750000000 RECALL:    0.8611111111 F1SCORE:    0.8680000000
 50:1.2346  100:1.2346  150:1.2346  200:1.2346  250:1.2346  300:1.2346  350:1.2346  400:1.2346  450:1.2346  500:1.2346 TEST REPORT=>
CLASS[  0 (  6)] FAIL=16.67% 
CLASS[  1 (  4)] FAIL=25.00% 
CLASS[  2 (  7)] FAIL= 0.00% 
GENERATION=  880 FITNESS=    -1.235% TEST_ERROR=     11.76%
PROGRAMS=
if(!(x7<(x1+sin((exp(((x13+sin((-5.49)))+(-44.81)))/(-9.94))))|x7<x9|x8<=cos((cos((-1.25))+x2)))) CLASS=0.00
else 
if(x6>=x10-x12|x7+x11>x3) CLASS=1.00
else 
CLASS=2.00
** CONFUSION MATRIX ** Number of classes: 3
   5    1    0 
   0    3    1 
   0    0    7 
TEST REPORT=>
CLASS[  0 (  6)] FAIL=16.67% 
CLASS[  1 (  4)] FAIL=25.00% 
CLASS[  2 (  7)] FAIL= 0.00% 
CLASS_ERROR:   11.7647058824 PRECISION:    0.8750000000 RECALL:    0.8611111111 F1SCORE:    0.8680000000
 50:1.2346  100:1.2346  150:1.2346  200:1.2346  250:1.2346  300:1.2346  350:1.2346  400:1.2346  450:1.2346  500:1.2346 TEST REPORT=>
CLASS[  0 (  6)] FAIL=16.67% 
CLASS[  1 (  4)] FAIL=25.00% 
CLASS[  2 (  7)] FAIL= 0.00% 
GENERATION=  881 FITNESS=    -1.235% TEST_ERROR=     11.76%
PROGRAMS=
if(!(x7<(x1+sin((exp(((x13+sin((-5.49)))+(-44.81)))/(-9.94))))|x7<x9|x8<=cos((cos((-1.25))+x2)))) CLASS=0.00
else 
if(x6>=x10-x12|x7+x11>x3) CLASS=1.00
else 
CLASS=2.00
** CONFUSION MATRIX ** Number of classes: 3
   5    1    0 
   0    3    1 
   0    0    7 
TEST REPORT=>
CLASS[  0 (  6)] FAIL=16.67% 
CLASS[  1 (  4)] FAIL=25.00% 
CLASS[  2 (  7)] FAIL= 0.00% 
CLASS_ERROR:   11.7647058824 PRECISION:    0.8750000000 RECALL:    0.8611111111 F1SCORE:    0.8680000000
 50:1.2346  100:1.2346  150:1.2346  200:1.2346  250:1.2346  300:1.2346  350:1.2346  400:1.2346  450:1.2346  500:1.2346 TEST REPORT=>
CLASS[  0 (  6)] FAIL=16.67% 
CLASS[  1 (  4)] FAIL=25.00% 
CLASS[  2 (  7)] FAIL= 0.00% 
GENERATION=  882 FITNESS=    -1.235% TEST_ERROR=     11.76%
PROGRAMS=
if(!(x7<(x1+sin((exp(((x13+sin((-5.49)))+(-44.81)))/(-9.94))))|x7<x9|x8<=cos((cos((-1.25))+x2)))) CLASS=0.00
else 
if(x6>=x10-x12|x7+x11>x3) CLASS=1.00
else 
CLASS=2.00
** CONFUSION MATRIX ** Number of classes: 3
   5    1    0 
   0    3    1 
   0    0    7 
TEST REPORT=>
CLASS[  0 (  6)] FAIL=16.67% 
CLASS[  1 (  4)] FAIL=25.00% 
CLASS[  2 (  7)] FAIL= 0.00% 
CLASS_ERROR:   11.7647058824 PRECISION:    0.8750000000 RECALL:    0.8611111111 F1SCORE:    0.8680000000
 50:1.2346  100:1.2346  150:1.2346  200:1.2346  250:1.2346  300:1.2346  350:1.2346  400:1.2346  450:1.2346  500:1.2346 TEST REPORT=>
CLASS[  0 (  6)] FAIL=16.67% 
CLASS[  1 (  4)] FAIL=25.00% 
CLASS[  2 (  7)] FAIL= 0.00% 
GENERATION=  883 FITNESS=    -1.235% TEST_ERROR=     11.76%
PROGRAMS=
if(!(x7<(x1+sin((exp(((x13+sin((-5.49)))+(-44.81)))/(-9.94))))|x7<x9|x8<=cos((cos((-1.25))+x2)))) CLASS=0.00
else 
if(x6>=x10-x12|x7+x11>x3) CLASS=1.00
else 
CLASS=2.00
** CONFUSION MATRIX ** Number of classes: 3
   5    1    0 
   0    3    1 
   0    0    7 
TEST REPORT=>
CLASS[  0 (  6)] FAIL=16.67% 
CLASS[  1 (  4)] FAIL=25.00% 
CLASS[  2 (  7)] FAIL= 0.00% 
CLASS_ERROR:   11.7647058824 PRECISION:    0.8750000000 RECALL:    0.8611111111 F1SCORE:    0.8680000000
 50:1.2346  100:1.2346  150:1.2346  200:1.2346  250:1.2346  300:1.2346  350:1.2346  400:1.2346  450:1.2346  500:1.2346 TEST REPORT=>
CLASS[  0 (  6)] FAIL=16.67% 
CLASS[  1 (  4)] FAIL=25.00% 
CLASS[  2 (  7)] FAIL= 0.00% 
GENERATION=  884 FITNESS=    -1.235% TEST_ERROR=     11.76%
PROGRAMS=
if(!(x7<(x1+sin((exp(((x13+sin((-5.49)))+(-44.81)))/(-9.94))))|x7<x9|x8<=cos((cos((-1.25))+x2)))) CLASS=0.00
else 
if(x6>=x10-x12|x7+x11>x3) CLASS=1.00
else 
CLASS=2.00
** CONFUSION MATRIX ** Number of classes: 3
   5    1    0 
   0    3    1 
   0    0    7 
TEST REPORT=>
CLASS[  0 (  6)] FAIL=16.67% 
CLASS[  1 (  4)] FAIL=25.00% 
CLASS[  2 (  7)] FAIL= 0.00% 
CLASS_ERROR:   11.7647058824 PRECISION:    0.8750000000 RECALL:    0.8611111111 F1SCORE:    0.8680000000
 50:1.2346  100:1.2346  150:1.2346  200:1.2346  250:1.2346  300:1.2346  350:1.2346  400:1.2346  450:1.2346  500:1.2346 TEST REPORT=>
CLASS[  0 (  6)] FAIL=16.67% 
CLASS[  1 (  4)] FAIL=25.00% 
CLASS[  2 (  7)] FAIL= 0.00% 
GENERATION=  885 FITNESS=    -1.235% TEST_ERROR=     11.76%
PROGRAMS=
if(!(x7<(x1+sin((exp(((x13+sin((-5.49)))+(-44.81)))/(-9.94))))|x7<x9|x8<=cos((cos((-1.25))+x2)))) CLASS=0.00
else 
if(x6>=x10-x12|x7+x11>x3) CLASS=1.00
else 
CLASS=2.00
** CONFUSION MATRIX ** Number of classes: 3
   5    1    0 
   0    3    1 
   0    0    7 
TEST REPORT=>
CLASS[  0 (  6)] FAIL=16.67% 
CLASS[  1 (  4)] FAIL=25.00% 
CLASS[  2 (  7)] FAIL= 0.00% 
CLASS_ERROR:   11.7647058824 PRECISION:    0.8750000000 RECALL:    0.8611111111 F1SCORE:    0.8680000000
 50:1.2346  100:1.2346  150:1.2346  200:1.2346  250:1.2346  300:1.2346  350:1.2346  400:1.2346  450:1.2346  500:1.2346 TEST REPORT=>
CLASS[  0 (  6)] FAIL=16.67% 
CLASS[  1 (  4)] FAIL=25.00% 
CLASS[  2 (  7)] FAIL= 0.00% 
GENERATION=  886 FITNESS=    -1.235% TEST_ERROR=     11.76%
PROGRAMS=
if(!(x7<(x1+sin((exp(((x13+sin((-5.49)))+(-44.81)))/(-9.94))))|x7<x9|x8<=cos((cos((-1.25))+x2)))) CLASS=0.00
else 
if(x6>=x10-x12|x7+x11>x3) CLASS=1.00
else 
CLASS=2.00
** CONFUSION MATRIX ** Number of classes: 3
   5    1    0 
   0    3    1 
   0    0    7 
TEST REPORT=>
CLASS[  0 (  6)] FAIL=16.67% 
CLASS[  1 (  4)] FAIL=25.00% 
CLASS[  2 (  7)] FAIL= 0.00% 
CLASS_ERROR:   11.7647058824 PRECISION:    0.8750000000 RECALL:    0.8611111111 F1SCORE:    0.8680000000
 50:1.2346  100:1.2346  150:1.2346  200:1.2346  250:1.2346  300:1.2346  350:1.2346  400:1.2346  450:1.2346  500:1.2346 TEST REPORT=>
CLASS[  0 (  6)] FAIL=16.67% 
CLASS[  1 (  4)] FAIL=25.00% 
CLASS[  2 (  7)] FAIL= 0.00% 
GENERATION=  887 FITNESS=    -1.235% TEST_ERROR=     11.76%
PROGRAMS=
if(!(x7<(x1+sin((exp(((x13+sin((-5.49)))+(-44.81)))/(-9.94))))|x7<x9|x8<=cos((cos((-1.25))+x2)))) CLASS=0.00
else 
if(x6>=x10-x12|x7+x11>x3) CLASS=1.00
else 
CLASS=2.00
** CONFUSION MATRIX ** Number of classes: 3
   5    1    0 
   0    3    1 
   0    0    7 
TEST REPORT=>
CLASS[  0 (  6)] FAIL=16.67% 
CLASS[  1 (  4)] FAIL=25.00% 
CLASS[  2 (  7)] FAIL= 0.00% 
CLASS_ERROR:   11.7647058824 PRECISION:    0.8750000000 RECALL:    0.8611111111 F1SCORE:    0.8680000000
 50:1.2346  100:1.2346  150:1.2346  200:1.2346  250:1.2346  300:1.2346  350:1.2346  400:1.2346  450:1.2346  500:1.2346 TEST REPORT=>
CLASS[  0 (  6)] FAIL=16.67% 
CLASS[  1 (  4)] FAIL=25.00% 
CLASS[  2 (  7)] FAIL= 0.00% 
GENERATION=  888 FITNESS=    -1.235% TEST_ERROR=     11.76%
PROGRAMS=
if(!(x7<(x1+sin((exp(((x13+sin((-5.49)))+(-44.81)))/(-9.94))))|x7<x9|x8<=cos((cos((-1.25))+x2)))) CLASS=0.00
else 
if(x6>=x10-x12|x7+x11>x3) CLASS=1.00
else 
CLASS=2.00
** CONFUSION MATRIX ** Number of classes: 3
   5    1    0 
   0    3    1 
   0    0    7 
TEST REPORT=>
CLASS[  0 (  6)] FAIL=16.67% 
CLASS[  1 (  4)] FAIL=25.00% 
CLASS[  2 (  7)] FAIL= 0.00% 
CLASS_ERROR:   11.7647058824 PRECISION:    0.8750000000 RECALL:    0.8611111111 F1SCORE:    0.8680000000
 50:1.2346  100:1.2346  150:1.2346  200:1.2346  250:1.2346  300:1.2346  350:1.2346  400:1.2346  450:1.2346  500:1.2346 TEST REPORT=>
CLASS[  0 (  6)] FAIL=16.67% 
CLASS[  1 (  4)] FAIL=25.00% 
CLASS[  2 (  7)] FAIL= 0.00% 
GENERATION=  889 FITNESS=    -1.235% TEST_ERROR=     11.76%
PROGRAMS=
if(!(x7<(x1+sin((exp(((x13+sin((-5.49)))+(-44.81)))/(-9.94))))|x7<x9|x8<=cos((cos((-1.25))+x2)))) CLASS=0.00
else 
if(x6>=x10-x12|x7+x11>x3) CLASS=1.00
else 
CLASS=2.00
** CONFUSION MATRIX ** Number of classes: 3
   5    1    0 
   0    3    1 
   0    0    7 
TEST REPORT=>
CLASS[  0 (  6)] FAIL=16.67% 
CLASS[  1 (  4)] FAIL=25.00% 
CLASS[  2 (  7)] FAIL= 0.00% 
CLASS_ERROR:   11.7647058824 PRECISION:    0.8750000000 RECALL:    0.8611111111 F1SCORE:    0.8680000000
 50:1.2346  100:1.2346  150:1.2346  200:1.2346  250:1.2346  300:1.2346  350:1.2346  400:1.2346  450:1.2346  500:1.2346 TEST REPORT=>
CLASS[  0 (  6)] FAIL=16.67% 
CLASS[  1 (  4)] FAIL=25.00% 
CLASS[  2 (  7)] FAIL= 0.00% 
GENERATION=  890 FITNESS=    -1.235% TEST_ERROR=     11.76%
PROGRAMS=
if(!(x7<(x1+sin((exp(((x13+sin((-5.49)))+(-44.81)))/(-9.94))))|x7<x9|x8<=cos((cos((-1.25))+x2)))) CLASS=0.00
else 
if(x6>=x10-x12|x7+x11>x3) CLASS=1.00
else 
CLASS=2.00
** CONFUSION MATRIX ** Number of classes: 3
   5    1    0 
   0    3    1 
   0    0    7 
TEST REPORT=>
CLASS[  0 (  6)] FAIL=16.67% 
CLASS[  1 (  4)] FAIL=25.00% 
CLASS[  2 (  7)] FAIL= 0.00% 
CLASS_ERROR:   11.7647058824 PRECISION:    0.8750000000 RECALL:    0.8611111111 F1SCORE:    0.8680000000
 50:1.2346  100:1.2346  150:1.2346  200:1.2346  250:1.2346  300:1.2346  350:1.2346  400:1.2346  450:1.2346  500:1.2346 TEST REPORT=>
CLASS[  0 (  6)] FAIL=16.67% 
CLASS[  1 (  4)] FAIL=25.00% 
CLASS[  2 (  7)] FAIL= 0.00% 
GENERATION=  891 FITNESS=    -1.235% TEST_ERROR=     11.76%
PROGRAMS=
if(!(x7<(x1+sin((exp(((x13+sin((-5.49)))+(-44.81)))/(-9.94))))|x7<x9|x8<=cos((cos((-1.25))+x2)))) CLASS=0.00
else 
if(x6>=x10-x12|x7+x11>x3) CLASS=1.00
else 
CLASS=2.00
** CONFUSION MATRIX ** Number of classes: 3
   5    1    0 
   0    3    1 
   0    0    7 
TEST REPORT=>
CLASS[  0 (  6)] FAIL=16.67% 
CLASS[  1 (  4)] FAIL=25.00% 
CLASS[  2 (  7)] FAIL= 0.00% 
CLASS_ERROR:   11.7647058824 PRECISION:    0.8750000000 RECALL:    0.8611111111 F1SCORE:    0.8680000000
 50:1.2346  100:1.2346  150:1.2346  200:1.2346  250:1.2346  300:1.2346  350:1.2346  400:1.2346  450:1.2346  500:1.2346 
TARGETED STAGNATION BURST generation=892 stagnation=20
TARGETED_BEST[0] START fitness=-1.2345679012
TARGETED_BEST[0] END fitness=-1.2345679012 accepted=0
TARGETED_BEST[1] START fitness=-1.2345679012
TARGETED_BEST[1] END fitness=-1.2345679012 accepted=0
TARGETED_BEST[2] START fitness=-1.2345679012
TARGETED_BEST[2] END fitness=-1.2345679012 accepted=0
TARGETED_BEST[3] START fitness=-1.2345679012
TARGETED_BEST[3] END fitness=-1.2345679012 accepted=0
TARGETED_BEST[4] START fitness=-1.2345679012
TARGETED_BEST[4] END fitness=-1.2345679012 accepted=0
TARGETED_BEST[5] START fitness=-1.2345679012
TARGETED_BEST[5] END fitness=-1.2345679012 accepted=0
TARGETED_BEST[6] START fitness=-1.2345679012
TARGETED_BEST[6] END fitness=-1.2345679012 accepted=0
TARGETED_BEST[7] START fitness=-1.2345679012
TARGETED_BEST[7] END fitness=-1.2345679012 accepted=0
TARGETED_BEST[8] START fitness=-1.2345679012
TARGETED_BEST[8] END fitness=-1.2345679012 accepted=0
TARGETED_BEST[9] START fitness=-1.2345679012
TARGETED_BEST[9] END fitness=-1.2345679012 accepted=0
TARGETED_BEST[10] START fitness=-1.2345679012
TARGETED_BEST[10] END fitness=-1.2345679012 accepted=0
TARGETED_BEST[11] START fitness=-1.2345679012
TARGETED_BEST[11] END fitness=-1.2345679012 accepted=0
TARGETED_BEST[12] START fitness=-1.2345679012
TARGETED_BEST[12] END fitness=-1.2345679012 accepted=0
TARGETED_BEST[13] START fitness=-1.2345679012
TARGETED_BEST[13] END fitness=-1.2345679012 accepted=0
TARGETED_BEST[14] START fitness=-1.2345679012
TARGETED_BEST[14] END fitness=-1.2345679012 accepted=0
TARGETED_BEST[15] START fitness=-1.2345679012
TARGETED_BEST[15] END fitness=-1.2345679012 accepted=0
TARGETED_BEST[16] START fitness=-1.2345679012
TARGETED_BEST[16] END fitness=-1.2345679012 accepted=0
TARGETED_BEST[17] START fitness=-1.2345679012
TARGETED_BEST[17] END fitness=-1.2345679012 accepted=0
TARGETED_BEST[18] START fitness=-1.2345679012
TARGETED_BEST[18] END fitness=-1.2345679012 accepted=0
TARGETED_BEST[19] START fitness=-1.2345679012
TARGETED_BEST[19] END fitness=-1.2345679012 accepted=0
TEST REPORT=>
CLASS[  0 (  6)] FAIL=16.67% 
CLASS[  1 (  4)] FAIL=25.00% 
CLASS[  2 (  7)] FAIL= 0.00% 
GENERATION=  892 FITNESS=    -1.235% TEST_ERROR=     11.76%
PROGRAMS=
if(!(x7<(x1+sin((exp(((x13+sin((-5.49)))+(-44.81)))/(-9.94))))|x7<x9|x8<=cos((cos((-1.25))+x2)))) CLASS=0.00
else 
if(x6>=x10-x12|x7+x11>x3) CLASS=1.00
else 
CLASS=2.00
** CONFUSION MATRIX ** Number of classes: 3
   5    1    0 
   0    3    1 
   0    0    7 
TEST REPORT=>
CLASS[  0 (  6)] FAIL=16.67% 
CLASS[  1 (  4)] FAIL=25.00% 
CLASS[  2 (  7)] FAIL= 0.00% 
CLASS_ERROR:   11.7647058824 PRECISION:    0.8750000000 RECALL:    0.8611111111 F1SCORE:    0.8680000000
 50:1.2346  100:1.2346  150:1.2346  200:1.2346  250:1.2346  300:1.2346  350:1.2346  400:1.2346  450:1.2346  500:1.2346 TEST REPORT=>
CLASS[  0 (  6)] FAIL=16.67% 
CLASS[  1 (  4)] FAIL=25.00% 
CLASS[  2 (  7)] FAIL= 0.00% 
GENERATION=  893 FITNESS=    -1.235% TEST_ERROR=     11.76%
PROGRAMS=
if(!(x7<(x1+sin((exp(((x13+sin((-5.49)))+(-44.81)))/(-9.94))))|x7<x9|x8<=cos((cos((-1.25))+x2)))) CLASS=0.00
else 
if(x6>=x10-x12|x7+x11>x3) CLASS=1.00
else 
CLASS=2.00
** CONFUSION MATRIX ** Number of classes: 3
   5    1    0 
   0    3    1 
   0    0    7 
TEST REPORT=>
CLASS[  0 (  6)] FAIL=16.67% 
CLASS[  1 (  4)] FAIL=25.00% 
CLASS[  2 (  7)] FAIL= 0.00% 
CLASS_ERROR:   11.7647058824 PRECISION:    0.8750000000 RECALL:    0.8611111111 F1SCORE:    0.8680000000
 50:1.2346  100:1.2346  150:1.2346  200:1.2346  250:1.2346  300:1.2346  350:1.2346  400:1.2346  450:1.2346  500:1.2346 TEST REPORT=>
CLASS[  0 (  6)] FAIL=16.67% 
CLASS[  1 (  4)] FAIL=25.00% 
CLASS[  2 (  7)] FAIL= 0.00% 
GENERATION=  894 FITNESS=    -1.235% TEST_ERROR=     11.76%
PROGRAMS=
if(!(x7<(x1+sin((exp(((x13+sin((-5.49)))+(-44.81)))/(-9.94))))|x7<x9|x8<=cos((cos((-1.25))+x2)))) CLASS=0.00
else 
if(x6>=x10-x12|x7+x11>x3) CLASS=1.00
else 
CLASS=2.00
** CONFUSION MATRIX ** Number of classes: 3
   5    1    0 
   0    3    1 
   0    0    7 
TEST REPORT=>
CLASS[  0 (  6)] FAIL=16.67% 
CLASS[  1 (  4)] FAIL=25.00% 
CLASS[  2 (  7)] FAIL= 0.00% 
CLASS_ERROR:   11.7647058824 PRECISION:    0.8750000000 RECALL:    0.8611111111 F1SCORE:    0.8680000000
 50:1.2346  100:1.2346  150:1.2346  200:1.2346  250:1.2346  300:1.2346  350:1.2346  400:1.2346  450:1.2346  500:1.2346 TEST REPORT=>
CLASS[  0 (  6)] FAIL=16.67% 
CLASS[  1 (  4)] FAIL=25.00% 
CLASS[  2 (  7)] FAIL= 0.00% 
GENERATION=  895 FITNESS=    -1.235% TEST_ERROR=     11.76%
PROGRAMS=
if(!(x7<(x1+sin((exp(((x13+sin((-5.49)))+(-44.81)))/(-9.94))))|x7<x9|x8<=cos((cos((-1.25))+x2)))) CLASS=0.00
else 
if(x6>=x10-x12|x7+x11>x3) CLASS=1.00
else 
CLASS=2.00
** CONFUSION MATRIX ** Number of classes: 3
   5    1    0 
   0    3    1 
   0    0    7 
TEST REPORT=>
CLASS[  0 (  6)] FAIL=16.67% 
CLASS[  1 (  4)] FAIL=25.00% 
CLASS[  2 (  7)] FAIL= 0.00% 
CLASS_ERROR:   11.7647058824 PRECISION:    0.8750000000 RECALL:    0.8611111111 F1SCORE:    0.8680000000
 50:1.2346  100:1.2346  150:1.2346  200:1.2346  250:1.2346  300:1.2346  350:1.2346  400:1.2346  450:1.2346  500:1.2346 TEST REPORT=>
CLASS[  0 (  6)] FAIL=16.67% 
CLASS[  1 (  4)] FAIL=25.00% 
CLASS[  2 (  7)] FAIL= 0.00% 
GENERATION=  896 FITNESS=    -1.235% TEST_ERROR=     11.76%
PROGRAMS=
if(!(x7<(x1+sin((exp(((x13+sin((-5.49)))+(-44.81)))/(-9.94))))|x7<x9|x8<=cos((cos((-1.25))+x2)))) CLASS=0.00
else 
if(x6>=x10-x12|x7+x11>x3) CLASS=1.00
else 
CLASS=2.00
** CONFUSION MATRIX ** Number of classes: 3
   5    1    0 
   0    3    1 
   0    0    7 
TEST REPORT=>
CLASS[  0 (  6)] FAIL=16.67% 
CLASS[  1 (  4)] FAIL=25.00% 
CLASS[  2 (  7)] FAIL= 0.00% 
CLASS_ERROR:   11.7647058824 PRECISION:    0.8750000000 RECALL:    0.8611111111 F1SCORE:    0.8680000000
 50:1.2346  100:1.2346  150:1.2346  200:1.2346  250:1.2346  300:1.2346  350:1.2346  400:1.2346  450:1.2346  500:1.2346 TEST REPORT=>
CLASS[  0 (  6)] FAIL=16.67% 
CLASS[  1 (  4)] FAIL=25.00% 
CLASS[  2 (  7)] FAIL= 0.00% 
GENERATION=  897 FITNESS=    -1.235% TEST_ERROR=     11.76%
PROGRAMS=
if(!(x7<(x1+sin((exp(((x13+sin((-5.49)))+(-44.81)))/(-9.94))))|x7<x9|x8<=cos((cos((-1.25))+x2)))) CLASS=0.00
else 
if(x6>=x10-x12|x7+x11>x3) CLASS=1.00
else 
CLASS=2.00
** CONFUSION MATRIX ** Number of classes: 3
   5    1    0 
   0    3    1 
   0    0    7 
TEST REPORT=>
CLASS[  0 (  6)] FAIL=16.67% 
CLASS[  1 (  4)] FAIL=25.00% 
CLASS[  2 (  7)] FAIL= 0.00% 
CLASS_ERROR:   11.7647058824 PRECISION:    0.8750000000 RECALL:    0.8611111111 F1SCORE:    0.8680000000
 50:1.2346  100:1.2346  150:1.2346  200:1.2346  250:1.2346  300:1.2346  350:1.2346  400:1.2346  450:1.2346  500:1.2346 TEST REPORT=>
CLASS[  0 (  6)] FAIL=16.67% 
CLASS[  1 (  4)] FAIL=25.00% 
CLASS[  2 (  7)] FAIL= 0.00% 
GENERATION=  898 FITNESS=    -1.235% TEST_ERROR=     11.76%
PROGRAMS=
if(!(x7<(x1+sin((exp(((x13+sin((-5.49)))+(-44.81)))/(-9.94))))|x7<x9|x8<=cos((cos((-1.25))+x2)))) CLASS=0.00
else 
if(x6>=x10-x12|x7+x11>x3) CLASS=1.00
else 
CLASS=2.00
** CONFUSION MATRIX ** Number of classes: 3
   5    1    0 
   0    3    1 
   0    0    7 
TEST REPORT=>
CLASS[  0 (  6)] FAIL=16.67% 
CLASS[  1 (  4)] FAIL=25.00% 
CLASS[  2 (  7)] FAIL= 0.00% 
CLASS_ERROR:   11.7647058824 PRECISION:    0.8750000000 RECALL:    0.8611111111 F1SCORE:    0.8680000000
 50:1.2346  100:1.2346  150:1.2346  200:1.2346  250:1.2346  300:1.2346  350:1.2346  400:1.2346  450:1.2346  500:1.2346 TEST REPORT=>
CLASS[  0 (  6)] FAIL=16.67% 
CLASS[  1 (  4)] FAIL=25.00% 
CLASS[  2 (  7)] FAIL= 0.00% 
GENERATION=  899 FITNESS=    -1.235% TEST_ERROR=     11.76%
PROGRAMS=
if(!(x7<(x1+sin((exp(((x13+sin((-5.49)))+(-44.81)))/(-9.94))))|x7<x9|x8<=cos((cos((-1.25))+x2)))) CLASS=0.00
else 
if(x6>=x10-x12|x7+x11>x3) CLASS=1.00
else 
CLASS=2.00
** CONFUSION MATRIX ** Number of classes: 3
   5    1    0 
   0    3    1 
   0    0    7 
TEST REPORT=>
CLASS[  0 (  6)] FAIL=16.67% 
CLASS[  1 (  4)] FAIL=25.00% 
CLASS[  2 (  7)] FAIL= 0.00% 
CLASS_ERROR:   11.7647058824 PRECISION:    0.8750000000 RECALL:    0.8611111111 F1SCORE:    0.8680000000
 50:1.2346  100:1.2346  150:1.2346  200:1.2346  250:1.2346  300:1.2346  350:1.2346  400:1.2346  450:1.2346  500:1.2346 TARGETED[0] START fitness=       -1.2345679012
TARGETED[0] END fitness=       -1.2345679012 accepted=0
TARGETED[39] START fitness=       -1.2345679012
TARGETED[39] END fitness=       -1.2345679012 accepted=0
TARGETED[215] START fitness=      -32.7160493827
TARGETED[215] END fitness=      -32.7160493827 accepted=0
TARGETED[265] START fitness=      -35.1851851852
TARGETED[265] iter=5 type=BOOLEAN_OPERATOR codonPos=43 codon=111->112 rule=3->0 fitness=      -35.1851851852->       -9.2592592593
TARGETED[265] iter=10 type=UNKNOWN codonPos=29 codon=2->4 rule=2->4 fitness=       -9.2592592593->       -8.0246913580
TARGETED[265] iter=15 type=VARIABLE codonPos=52 codon=181->186 rule=1->6 fitness=       -8.0246913580->       -4.9382716049
TARGETED[265] iter=31 type=VARIABLE codonPos=105 codon=54->58 rule=9->13 fitness=       -4.9382716049->       -3.0864197531
TARGETED[265] END fitness=       -3.0864197531 accepted=4
TARGETED[261] START fitness=      -35.1851851852
TARGETED[261] iter=3 type=VARIABLE codonPos=52 codon=181->187 rule=1->7 fitness=      -35.1851851852->       -9.2592592593
TARGETED[261] iter=10 type=UNKNOWN codonPos=29 codon=52->54 rule=2->4 fitness=       -9.2592592593->       -6.1728395062
TARGETED[261] iter=40 type=VARIABLE codonPos=47 codon=22->28 rule=7->13 fitness=       -6.1728395062->       -5.5555555556
TARGETED[261] END fitness=       -5.5555555556 accepted=3
TARGETED[45] START fitness=       -1.2345679012
TARGETED[45] END fitness=       -1.2345679012 accepted=0
TARGETED[400] START fitness=-100000000.0000000000
TARGETED[400] END fitness=-100000000.0000000000 accepted=0
TARGETED[0] START fitness=       -1.2345679012
TARGETED[0] END fitness=       -1.2345679012 accepted=0
TARGETED[204] START fitness=      -32.7160493827
TARGETED[204] END fitness=      -32.7160493827 accepted=0
TARGETED[31] START fitness=       -1.2345679012
TARGETED[31] END fitness=       -1.2345679012 accepted=0
TARGETED[340] START fitness=      -60.4938271605
TARGETED[340] iter=2 type=FUNCTION codonPos=50 codon=27->28 rule=3->0 fitness=      -60.4938271605->      -28.3950617284
TARGETED[340] iter=27 type=VARIABLE codonPos=42 codon=15->21 rule=0->6 fitness=      -28.3950617284->      -27.7777777778
TARGETED[340] END fitness=      -27.7777777778 accepted=2
TARGETED[1] START fitness=       -1.2345679012
TARGETED[1] END fitness=       -1.2345679012 accepted=0
TARGETED[109] START fitness=      -14.8148148148
TARGETED[109] iter=19 type=VARIABLE codonPos=115 codon=152->151 rule=2->1 fitness=      -14.8148148148->      -12.9629629630
TARGETED[109] iter=21 type=VARIABLE codonPos=105 codon=225->219 rule=0->9 fitness=      -12.9629629630->      -10.4938271605
TARGETED[109] iter=22 type=BINARY_OPERATOR codonPos=111 codon=252->254 rule=0->2 fitness=      -10.4938271605->       -5.5555555556
TARGETED[109] iter=32 type=BINARY_OPERATOR codonPos=26 codon=49->48 rule=1->0 fitness=       -5.5555555556->       -1.8518518519
TARGETED[109] END fitness=       -1.8518518519 accepted=4
TARGETED[249] START fitness=      -32.7160493827
TARGETED[249] END fitness=      -32.7160493827 accepted=0
TARGETED[381] START fitness=-100000000.0000000000
TARGETED[381] END fitness=-100000000.0000000000 accepted=0
TARGETED[373] START fitness=      -76.5432098765
TARGETED[373] iter=4 type=FUNCTION codonPos=108 codon=236->235 rule=0->3 fitness=      -76.5432098765->      -51.2345679012
TARGETED[373] iter=10 type=FUNCTION codonPos=106 codon=245->246 rule=1->2 fitness=      -51.2345679012->      -40.7407407407
TARGETED[373] iter=17 type=VARIABLE codonPos=112 codon=235->230 rule=10->5 fitness=      -40.7407407407->      -40.1234567901
TARGETED[373] iter=21 type=VARIABLE codonPos=101 codon=80->81 rule=5->6 fitness=      -40.1234567901->      -36.4197530864
TARGETED[373] END fitness=      -36.4197530864 accepted=4
TARGETED[354] START fitness=      -67.2839506173
TARGETED[354] iter=3 type=VARIABLE codonPos=31 codon=53->52 rule=8->7 fitness=      -67.2839506173->      -45.0617283951
TARGETED[354] iter=11 type=UNKNOWN codonPos=21 codon=237->236 rule=1->0 fitness=      -45.0617283951->      -38.2716049383
TARGETED[354] iter=46 type=VARIABLE codonPos=37 codon=139->134 rule=4->14 fitness=      -38.2716049383->      -11.7283950617
TARGETED[354] iter=50 type=BINARY_OPERATOR codonPos=106 codon=245->244 rule=1->0 fitness=      -11.7283950617->       -8.6419753086
TARGETED[354] END fitness=       -8.6419753086 accepted=4
TARGETED[226] START fitness=      -32.7160493827
TARGETED[226] END fitness=      -32.7160493827 accepted=0
TARGETED[204] START fitness=      -32.7160493827
TARGETED[204] END fitness=      -32.7160493827 accepted=0
TARGETED[63] START fitness=       -3.7037037037
TARGETED[63] iter=14 type=BOOLEAN_OPERATOR codonPos=118 codon=192->194 rule=0->2 fitness=       -3.7037037037->       -1.2345679012
TARGETED[63] END fitness=       -1.2345679012 accepted=1
TEST REPORT=>
CLASS[  0 (  6)] FAIL=16.67% 
CLASS[  1 (  4)] FAIL=25.00% 
CLASS[  2 (  7)] FAIL= 0.00% 
GENERATION=  900 FITNESS=    -1.235% TEST_ERROR=     11.76%
PROGRAMS=
if(!(x7<(x1+sin((exp(((x13+sin((-5.49)))+(-44.81)))/(-9.94))))|x7<x9|x8<=cos((cos((-1.25))+x2)))) CLASS=0.00
else 
if(x6>=x10-x12|x7+x11>x3) CLASS=1.00
else 
CLASS=2.00
** CONFUSION MATRIX ** Number of classes: 3
   5    1    0 
   0    3    1 
   0    0    7 
TEST REPORT=>
CLASS[  0 (  6)] FAIL=16.67% 
CLASS[  1 (  4)] FAIL=25.00% 
CLASS[  2 (  7)] FAIL= 0.00% 
CLASS_ERROR:   11.7647058824 PRECISION:    0.8750000000 RECALL:    0.8611111111 F1SCORE:    0.8680000000
 50:1.2346  100:1.2346  150:1.2346  200:1.2346  250:1.2346  300:1.2346  350:1.2346  400:1.2346  450:1.2346  500:1.2346 TEST REPORT=>
CLASS[  0 (  6)] FAIL=16.67% 
CLASS[  1 (  4)] FAIL=25.00% 
CLASS[  2 (  7)] FAIL= 0.00% 
GENERATION=  901 FITNESS=    -1.235% TEST_ERROR=     11.76%
PROGRAMS=
if(!(x7<(x1+sin((exp(((x13+sin((-5.49)))+(-44.81)))/(-9.94))))|x7<x9|x8<=cos((cos((-1.25))+x2)))) CLASS=0.00
else 
if(x6>=x10-x12|x7+x11>x3) CLASS=1.00
else 
CLASS=2.00
** CONFUSION MATRIX ** Number of classes: 3
   5    1    0 
   0    3    1 
   0    0    7 
TEST REPORT=>
CLASS[  0 (  6)] FAIL=16.67% 
CLASS[  1 (  4)] FAIL=25.00% 
CLASS[  2 (  7)] FAIL= 0.00% 
CLASS_ERROR:   11.7647058824 PRECISION:    0.8750000000 RECALL:    0.8611111111 F1SCORE:    0.8680000000
 50:1.2346  100:1.2346  150:1.2346  200:1.2346  250:1.2346  300:1.2346  350:1.2346  400:1.2346  450:1.2346  500:1.2346 TEST REPORT=>
CLASS[  0 (  6)] FAIL=16.67% 
CLASS[  1 (  4)] FAIL=25.00% 
CLASS[  2 (  7)] FAIL= 0.00% 
GENERATION=  902 FITNESS=    -1.235% TEST_ERROR=     11.76%
PROGRAMS=
if(!(x7<(x1+sin((exp(((x13+sin((-5.49)))+(-44.81)))/(-9.94))))|x7<x9|x8<=cos((cos((-1.25))+x2)))) CLASS=0.00
else 
if(x6>=x10-x12|x7+x11>x3) CLASS=1.00
else 
CLASS=2.00
** CONFUSION MATRIX ** Number of classes: 3
   5    1    0 
   0    3    1 
   0    0    7 
TEST REPORT=>
CLASS[  0 (  6)] FAIL=16.67% 
CLASS[  1 (  4)] FAIL=25.00% 
CLASS[  2 (  7)] FAIL= 0.00% 
CLASS_ERROR:   11.7647058824 PRECISION:    0.8750000000 RECALL:    0.8611111111 F1SCORE:    0.8680000000
 50:1.2346  100:1.2346  150:1.2346  200:1.2346  250:1.2346  300:1.2346  350:1.2346  400:1.2346  450:1.2346  500:1.2346 TEST REPORT=>
CLASS[  0 (  6)] FAIL=16.67% 
CLASS[  1 (  4)] FAIL=25.00% 
CLASS[  2 (  7)] FAIL= 0.00% 
GENERATION=  903 FITNESS=    -1.235% TEST_ERROR=     11.76%
PROGRAMS=
if(!(x7<(x1+sin((exp(((x13+sin((-5.49)))+(-44.81)))/(-9.94))))|x7<x9|x8<=cos((cos((-1.25))+x2)))) CLASS=0.00
else 
if(x6>=x10-x12|x7+x11>x3) CLASS=1.00
else 
CLASS=2.00
** CONFUSION MATRIX ** Number of classes: 3
   5    1    0 
   0    3    1 
   0    0    7 
TEST REPORT=>
CLASS[  0 (  6)] FAIL=16.67% 
CLASS[  1 (  4)] FAIL=25.00% 
CLASS[  2 (  7)] FAIL= 0.00% 
CLASS_ERROR:   11.7647058824 PRECISION:    0.8750000000 RECALL:    0.8611111111 F1SCORE:    0.8680000000
 50:1.2346  100:1.2346  150:1.2346  200:1.2346  250:1.2346  300:1.2346  350:1.2346  400:1.2346  450:1.2346  500:1.2346 TEST REPORT=>
CLASS[  0 (  6)] FAIL=16.67% 
CLASS[  1 (  4)] FAIL=25.00% 
CLASS[  2 (  7)] FAIL= 0.00% 
GENERATION=  904 FITNESS=    -1.235% TEST_ERROR=     11.76%
PROGRAMS=
if(!(x7<(x1+sin((exp(((x13+sin((-5.49)))+(-44.81)))/(-9.94))))|x7<x9|x8<=cos((cos((-1.25))+x2)))) CLASS=0.00
else 
if(x6>=x10-x12|x7+x11>x3) CLASS=1.00
else 
CLASS=2.00
** CONFUSION MATRIX ** Number of classes: 3
   5    1    0 
   0    3    1 
   0    0    7 
TEST REPORT=>
CLASS[  0 (  6)] FAIL=16.67% 
CLASS[  1 (  4)] FAIL=25.00% 
CLASS[  2 (  7)] FAIL= 0.00% 
CLASS_ERROR:   11.7647058824 PRECISION:    0.8750000000 RECALL:    0.8611111111 F1SCORE:    0.8680000000
 50:1.2346  100:1.2346  150:1.2346  200:1.2346  250:1.2346  300:1.2346  350:1.2346  400:1.2346  450:1.2346  500:1.2346 TEST REPORT=>
CLASS[  0 (  6)] FAIL=16.67% 
CLASS[  1 (  4)] FAIL=25.00% 
CLASS[  2 (  7)] FAIL= 0.00% 
GENERATION=  905 FITNESS=    -1.235% TEST_ERROR=     11.76%
PROGRAMS=
if(!(x7<(x1+sin((exp(((x13+sin((-5.49)))+(-44.81)))/(-9.94))))|x7<x9|x8<=cos((cos((-1.25))+x2)))) CLASS=0.00
else 
if(x6>=x10-x12|x7+x11>x3) CLASS=1.00
else 
CLASS=2.00
** CONFUSION MATRIX ** Number of classes: 3
   5    1    0 
   0    3    1 
   0    0    7 
TEST REPORT=>
CLASS[  0 (  6)] FAIL=16.67% 
CLASS[  1 (  4)] FAIL=25.00% 
CLASS[  2 (  7)] FAIL= 0.00% 
CLASS_ERROR:   11.7647058824 PRECISION:    0.8750000000 RECALL:    0.8611111111 F1SCORE:    0.8680000000
 50:1.2346  100:1.2346  150:1.2346  200:1.2346  250:1.2346  300:1.2346  350:1.2346  400:1.2346  450:1.2346  500:1.2346 TEST REPORT=>
CLASS[  0 (  6)] FAIL=16.67% 
CLASS[  1 (  4)] FAIL=25.00% 
CLASS[  2 (  7)] FAIL= 0.00% 
GENERATION=  906 FITNESS=    -1.235% TEST_ERROR=     11.76%
PROGRAMS=
if(!(x7<(x1+sin((exp(((x13+sin((-5.49)))+(-44.81)))/(-9.94))))|x7<x9|x8<=cos((cos((-1.25))+x2)))) CLASS=0.00
else 
if(x6>=x10-x12|x7+x11>x3) CLASS=1.00
else 
CLASS=2.00
** CONFUSION MATRIX ** Number of classes: 3
   5    1    0 
   0    3    1 
   0    0    7 
TEST REPORT=>
CLASS[  0 (  6)] FAIL=16.67% 
CLASS[  1 (  4)] FAIL=25.00% 
CLASS[  2 (  7)] FAIL= 0.00% 
CLASS_ERROR:   11.7647058824 PRECISION:    0.8750000000 RECALL:    0.8611111111 F1SCORE:    0.8680000000
 50:1.2346  100:1.2346  150:1.2346  200:1.2346  250:1.2346  300:1.2346  350:1.2346  400:1.2346  450:1.2346  500:1.2346 TEST REPORT=>
CLASS[  0 (  6)] FAIL=16.67% 
CLASS[  1 (  4)] FAIL=25.00% 
CLASS[  2 (  7)] FAIL= 0.00% 
GENERATION=  907 FITNESS=    -1.235% TEST_ERROR=     11.76%
PROGRAMS=
if(!(x7<(x1+sin((exp(((x13+sin((-5.49)))+(-44.81)))/(-9.94))))|x7<x9|x8<=cos((cos((-1.25))+x2)))) CLASS=0.00
else 
if(x6>=x10-x12|x7+x11>x3) CLASS=1.00
else 
CLASS=2.00
** CONFUSION MATRIX ** Number of classes: 3
   5    1    0 
   0    3    1 
   0    0    7 
TEST REPORT=>
CLASS[  0 (  6)] FAIL=16.67% 
CLASS[  1 (  4)] FAIL=25.00% 
CLASS[  2 (  7)] FAIL= 0.00% 
CLASS_ERROR:   11.7647058824 PRECISION:    0.8750000000 RECALL:    0.8611111111 F1SCORE:    0.8680000000
 50:1.2346  100:1.2346  150:1.2346  200:1.2346  250:1.2346  300:1.2346  350:1.2346  400:1.2346  450:1.2346  500:1.2346 TEST REPORT=>
CLASS[  0 (  6)] FAIL=16.67% 
CLASS[  1 (  4)] FAIL=25.00% 
CLASS[  2 (  7)] FAIL= 0.00% 
GENERATION=  908 FITNESS=    -1.235% TEST_ERROR=     11.76%
PROGRAMS=
if(!(x7<(x1+sin((exp(((x13+sin((-5.49)))+(-44.81)))/(-9.94))))|x7<x9|x8<=cos((cos((-1.25))+x2)))) CLASS=0.00
else 
if(x6>=x10-x12|x7+x11>x3) CLASS=1.00
else 
CLASS=2.00
** CONFUSION MATRIX ** Number of classes: 3
   5    1    0 
   0    3    1 
   0    0    7 
TEST REPORT=>
CLASS[  0 (  6)] FAIL=16.67% 
CLASS[  1 (  4)] FAIL=25.00% 
CLASS[  2 (  7)] FAIL= 0.00% 
CLASS_ERROR:   11.7647058824 PRECISION:    0.8750000000 RECALL:    0.8611111111 F1SCORE:    0.8680000000
 50:1.2346  100:1.2346  150:1.2346  200:1.2346  250:1.2346  300:1.2346  350:1.2346  400:1.2346  450:1.2346  500:1.2346 TEST REPORT=>
CLASS[  0 (  6)] FAIL=16.67% 
CLASS[  1 (  4)] FAIL=25.00% 
CLASS[  2 (  7)] FAIL= 0.00% 
GENERATION=  909 FITNESS=    -1.235% TEST_ERROR=     11.76%
PROGRAMS=
if(!(x7<(x1+sin((exp(((x13+sin((-5.49)))+(-44.81)))/(-9.94))))|x7<x9|x8<=cos((cos((-1.25))+x2)))) CLASS=0.00
else 
if(x6>=x10-x12|x7+x11>x3) CLASS=1.00
else 
CLASS=2.00
** CONFUSION MATRIX ** Number of classes: 3
   5    1    0 
   0    3    1 
   0    0    7 
TEST REPORT=>
CLASS[  0 (  6)] FAIL=16.67% 
CLASS[  1 (  4)] FAIL=25.00% 
CLASS[  2 (  7)] FAIL= 0.00% 
CLASS_ERROR:   11.7647058824 PRECISION:    0.8750000000 RECALL:    0.8611111111 F1SCORE:    0.8680000000
 50:1.2346  100:1.2346  150:1.2346  200:1.2346  250:1.2346  300:1.2346  350:1.2346  400:1.2346  450:1.2346  500:1.2346 TEST REPORT=>
CLASS[  0 (  6)] FAIL=16.67% 
CLASS[  1 (  4)] FAIL=25.00% 
CLASS[  2 (  7)] FAIL= 0.00% 
GENERATION=  910 FITNESS=    -1.235% TEST_ERROR=     11.76%
PROGRAMS=
if(!(x7<(x1+sin((exp(((x13+sin((-5.49)))+(-44.81)))/(-9.94))))|x7<x9|x8<=cos((cos((-1.25))+x2)))) CLASS=0.00
else 
if(x6>=x10-x12|x7+x11>x3) CLASS=1.00
else 
CLASS=2.00
** CONFUSION MATRIX ** Number of classes: 3
   5    1    0 
   0    3    1 
   0    0    7 
TEST REPORT=>
CLASS[  0 (  6)] FAIL=16.67% 
CLASS[  1 (  4)] FAIL=25.00% 
CLASS[  2 (  7)] FAIL= 0.00% 
CLASS_ERROR:   11.7647058824 PRECISION:    0.8750000000 RECALL:    0.8611111111 F1SCORE:    0.8680000000
 50:1.2346  100:1.2346  150:1.2346  200:1.2346  250:1.2346  300:1.2346  350:1.2346  400:1.2346  450:1.2346  500:1.2346 TEST REPORT=>
CLASS[  0 (  6)] FAIL=16.67% 
CLASS[  1 (  4)] FAIL=25.00% 
CLASS[  2 (  7)] FAIL= 0.00% 
GENERATION=  911 FITNESS=    -1.235% TEST_ERROR=     11.76%
PROGRAMS=
if(!(x7<(x1+sin((exp(((x13+sin((-5.49)))+(-44.81)))/(-9.94))))|x7<x9|x8<=cos((cos((-1.25))+x2)))) CLASS=0.00
else 
if(x6>=x10-x12|x7+x11>x3) CLASS=1.00
else 
CLASS=2.00
** CONFUSION MATRIX ** Number of classes: 3
   5    1    0 
   0    3    1 
   0    0    7 
TEST REPORT=>
CLASS[  0 (  6)] FAIL=16.67% 
CLASS[  1 (  4)] FAIL=25.00% 
CLASS[  2 (  7)] FAIL= 0.00% 
CLASS_ERROR:   11.7647058824 PRECISION:    0.8750000000 RECALL:    0.8611111111 F1SCORE:    0.8680000000
 50:1.2346  100:1.2346  150:1.2346  200:1.2346  250:1.2346  300:1.2346  350:1.2346  400:1.2346  450:1.2346  500:1.2346 
TARGETED STAGNATION BURST generation=912 stagnation=20
TARGETED_BEST[0] START fitness=-1.2345679012
TARGETED_BEST[0] END fitness=-1.2345679012 accepted=0
TARGETED_BEST[1] START fitness=-1.2345679012
TARGETED_BEST[1] END fitness=-1.2345679012 accepted=0
TARGETED_BEST[2] START fitness=-1.2345679012
TARGETED_BEST[2] END fitness=-1.2345679012 accepted=0
TARGETED_BEST[3] START fitness=-1.2345679012
TARGETED_BEST[3] END fitness=-1.2345679012 accepted=0
TARGETED_BEST[4] START fitness=-1.2345679012
TARGETED_BEST[4] END fitness=-1.2345679012 accepted=0
TARGETED_BEST[5] START fitness=-1.2345679012
TARGETED_BEST[5] END fitness=-1.2345679012 accepted=0
TARGETED_BEST[6] START fitness=-1.2345679012
TARGETED_BEST[6] END fitness=-1.2345679012 accepted=0
TARGETED_BEST[7] START fitness=-1.2345679012
TARGETED_BEST[7] END fitness=-1.2345679012 accepted=0
TARGETED_BEST[8] START fitness=-1.2345679012
TARGETED_BEST[8] END fitness=-1.2345679012 accepted=0
TARGETED_BEST[9] START fitness=-1.2345679012
TARGETED_BEST[9] END fitness=-1.2345679012 accepted=0
TARGETED_BEST[10] START fitness=-1.2345679012
TARGETED_BEST[10] END fitness=-1.2345679012 accepted=0
TARGETED_BEST[11] START fitness=-1.2345679012
TARGETED_BEST[11] END fitness=-1.2345679012 accepted=0
TARGETED_BEST[12] START fitness=-1.2345679012
TARGETED_BEST[12] END fitness=-1.2345679012 accepted=0
TARGETED_BEST[13] START fitness=-1.2345679012
TARGETED_BEST[13] END fitness=-1.2345679012 accepted=0
TARGETED_BEST[14] START fitness=-1.2345679012
TARGETED_BEST[14] END fitness=-1.2345679012 accepted=0
TARGETED_BEST[15] START fitness=-1.2345679012
TARGETED_BEST[15] END fitness=-1.2345679012 accepted=0
TARGETED_BEST[16] START fitness=-1.2345679012
TARGETED_BEST[16] END fitness=-1.2345679012 accepted=0
TARGETED_BEST[17] START fitness=-1.2345679012
TARGETED_BEST[17] END fitness=-1.2345679012 accepted=0
TARGETED_BEST[18] START fitness=-1.2345679012
TARGETED_BEST[18] END fitness=-1.2345679012 accepted=0
TARGETED_BEST[19] START fitness=-1.2345679012
TARGETED_BEST[19] END fitness=-1.2345679012 accepted=0
TEST REPORT=>
CLASS[  0 (  6)] FAIL=16.67% 
CLASS[  1 (  4)] FAIL=25.00% 
CLASS[  2 (  7)] FAIL= 0.00% 
GENERATION=  912 FITNESS=    -1.235% TEST_ERROR=     11.76%
PROGRAMS=
if(!(x7<(x1+sin((exp(((x13+sin((-5.49)))+(-44.81)))/(-9.94))))|x7<x9|x8<=cos((cos((-1.25))+x2)))) CLASS=0.00
else 
if(x6>=x10-x12|x7+x11>x3) CLASS=1.00
else 
CLASS=2.00
** CONFUSION MATRIX ** Number of classes: 3
   5    1    0 
   0    3    1 
   0    0    7 
TEST REPORT=>
CLASS[  0 (  6)] FAIL=16.67% 
CLASS[  1 (  4)] FAIL=25.00% 
CLASS[  2 (  7)] FAIL= 0.00% 
CLASS_ERROR:   11.7647058824 PRECISION:    0.8750000000 RECALL:    0.8611111111 F1SCORE:    0.8680000000
 50:1.2346  100:1.2346  150:1.2346  200:1.2346  250:1.2346  300:1.2346  350:1.2346  400:1.2346  450:1.2346  500:1.2346 TEST REPORT=>
CLASS[  0 (  6)] FAIL=16.67% 
CLASS[  1 (  4)] FAIL=25.00% 
CLASS[  2 (  7)] FAIL= 0.00% 
GENERATION=  913 FITNESS=    -1.235% TEST_ERROR=     11.76%
PROGRAMS=
if(!(x7<(x1+sin((exp(((x13+sin((-5.49)))+(-44.81)))/(-9.94))))|x7<x9|x8<=cos((cos((-1.25))+x2)))) CLASS=0.00
else 
if(x6>=x10-x12|x7+x11>x3) CLASS=1.00
else 
CLASS=2.00
** CONFUSION MATRIX ** Number of classes: 3
   5    1    0 
   0    3    1 
   0    0    7 
TEST REPORT=>
CLASS[  0 (  6)] FAIL=16.67% 
CLASS[  1 (  4)] FAIL=25.00% 
CLASS[  2 (  7)] FAIL= 0.00% 
CLASS_ERROR:   11.7647058824 PRECISION:    0.8750000000 RECALL:    0.8611111111 F1SCORE:    0.8680000000
 50:1.2346  100:1.2346  150:1.2346  200:1.2346  250:1.2346  300:1.2346  350:1.2346  400:1.2346  450:1.2346  500:1.2346 TEST REPORT=>
CLASS[  0 (  6)] FAIL=16.67% 
CLASS[  1 (  4)] FAIL=25.00% 
CLASS[  2 (  7)] FAIL= 0.00% 
GENERATION=  914 FITNESS=    -1.235% TEST_ERROR=     11.76%
PROGRAMS=
if(!(x7<(x1+sin((exp(((x13+sin((-5.49)))+(-44.81)))/(-9.94))))|x7<x9|x8<=cos((cos((-1.25))+x2)))) CLASS=0.00
else 
if(x6>=x10-x12|x7+x11>x3) CLASS=1.00
else 
CLASS=2.00
** CONFUSION MATRIX ** Number of classes: 3
   5    1    0 
   0    3    1 
   0    0    7 
TEST REPORT=>
CLASS[  0 (  6)] FAIL=16.67% 
CLASS[  1 (  4)] FAIL=25.00% 
CLASS[  2 (  7)] FAIL= 0.00% 
CLASS_ERROR:   11.7647058824 PRECISION:    0.8750000000 RECALL:    0.8611111111 F1SCORE:    0.8680000000
 50:1.2346  100:1.2346  150:1.2346  200:1.2346  250:1.2346  300:1.2346  350:1.2346  400:1.2346  450:1.2346  500:1.2346 TEST REPORT=>
CLASS[  0 (  6)] FAIL=16.67% 
CLASS[  1 (  4)] FAIL=25.00% 
CLASS[  2 (  7)] FAIL= 0.00% 
GENERATION=  915 FITNESS=    -1.235% TEST_ERROR=     11.76%
PROGRAMS=
if(!(x7<(x1+sin((exp(((x13+sin((-5.49)))+(-44.81)))/(-9.94))))|x7<x9|x8<=cos((cos((-1.25))+x2)))) CLASS=0.00
else 
if(x6>=x10-x12|x7+x11>x3) CLASS=1.00
else 
CLASS=2.00
** CONFUSION MATRIX ** Number of classes: 3
   5    1    0 
   0    3    1 
   0    0    7 
TEST REPORT=>
CLASS[  0 (  6)] FAIL=16.67% 
CLASS[  1 (  4)] FAIL=25.00% 
CLASS[  2 (  7)] FAIL= 0.00% 
CLASS_ERROR:   11.7647058824 PRECISION:    0.8750000000 RECALL:    0.8611111111 F1SCORE:    0.8680000000
 50:1.2346  100:1.2346  150:1.2346  200:1.2346  250:1.2346  300:1.2346  350:1.2346  400:1.2346  450:1.2346  500:1.2346 TEST REPORT=>
CLASS[  0 (  6)] FAIL=16.67% 
CLASS[  1 (  4)] FAIL=25.00% 
CLASS[  2 (  7)] FAIL= 0.00% 
GENERATION=  916 FITNESS=    -1.235% TEST_ERROR=     11.76%
PROGRAMS=
if(!(x7<(x1+sin((exp(((x13+sin((-5.49)))+(-44.81)))/(-9.94))))|x7<x9|x8<=cos((cos((-1.25))+x2)))) CLASS=0.00
else 
if(x6>=x10-x12|x7+x11>x3) CLASS=1.00
else 
CLASS=2.00
** CONFUSION MATRIX ** Number of classes: 3
   5    1    0 
   0    3    1 
   0    0    7 
TEST REPORT=>
CLASS[  0 (  6)] FAIL=16.67% 
CLASS[  1 (  4)] FAIL=25.00% 
CLASS[  2 (  7)] FAIL= 0.00% 
CLASS_ERROR:   11.7647058824 PRECISION:    0.8750000000 RECALL:    0.8611111111 F1SCORE:    0.8680000000
 50:1.2346  100:1.2346  150:1.2346  200:1.2346  250:1.2346  300:1.2346  350:1.2346  400:1.2346  450:1.2346  500:1.2346 TEST REPORT=>
CLASS[  0 (  6)] FAIL=16.67% 
CLASS[  1 (  4)] FAIL=25.00% 
CLASS[  2 (  7)] FAIL= 0.00% 
GENERATION=  917 FITNESS=    -1.235% TEST_ERROR=     11.76%
PROGRAMS=
if(!(x7<(x1+sin((exp(((x13+sin((-5.49)))+(-44.81)))/(-9.94))))|x7<x9|x8<=cos((cos((-1.25))+x2)))) CLASS=0.00
else 
if(x6>=x10-x12|x7+x11>x3) CLASS=1.00
else 
CLASS=2.00
** CONFUSION MATRIX ** Number of classes: 3
   5    1    0 
   0    3    1 
   0    0    7 
TEST REPORT=>
CLASS[  0 (  6)] FAIL=16.67% 
CLASS[  1 (  4)] FAIL=25.00% 
CLASS[  2 (  7)] FAIL= 0.00% 
CLASS_ERROR:   11.7647058824 PRECISION:    0.8750000000 RECALL:    0.8611111111 F1SCORE:    0.8680000000
 50:1.2346  100:1.2346  150:1.2346  200:1.2346  250:1.2346  300:1.2346  350:1.2346  400:1.2346  450:1.2346  500:1.2346 TEST REPORT=>
CLASS[  0 (  6)] FAIL=16.67% 
CLASS[  1 (  4)] FAIL=25.00% 
CLASS[  2 (  7)] FAIL= 0.00% 
GENERATION=  918 FITNESS=    -1.235% TEST_ERROR=     11.76%
PROGRAMS=
if(!(x7<(x1+sin((exp(((x13+sin((-5.49)))+(-44.81)))/(-9.94))))|x7<x9|x8<=cos((cos((-1.25))+x2)))) CLASS=0.00
else 
if(x6>=x10-x12|x7+x11>x3) CLASS=1.00
else 
CLASS=2.00
** CONFUSION MATRIX ** Number of classes: 3
   5    1    0 
   0    3    1 
   0    0    7 
TEST REPORT=>
CLASS[  0 (  6)] FAIL=16.67% 
CLASS[  1 (  4)] FAIL=25.00% 
CLASS[  2 (  7)] FAIL= 0.00% 
CLASS_ERROR:   11.7647058824 PRECISION:    0.8750000000 RECALL:    0.8611111111 F1SCORE:    0.8680000000
 50:1.2346  100:1.2346  150:1.2346  200:1.2346  250:1.2346  300:1.2346  350:1.2346  400:1.2346  450:1.2346  500:1.2346 TEST REPORT=>
CLASS[  0 (  6)] FAIL=16.67% 
CLASS[  1 (  4)] FAIL=25.00% 
CLASS[  2 (  7)] FAIL= 0.00% 
GENERATION=  919 FITNESS=    -1.235% TEST_ERROR=     11.76%
PROGRAMS=
if(!(x7<(x1+sin((exp(((x13+sin((-5.49)))+(-44.81)))/(-9.94))))|x7<x9|x8<=cos((cos((-1.25))+x2)))) CLASS=0.00
else 
if(x6>=x10-x12|x7+x11>x3) CLASS=1.00
else 
CLASS=2.00
** CONFUSION MATRIX ** Number of classes: 3
   5    1    0 
   0    3    1 
   0    0    7 
TEST REPORT=>
CLASS[  0 (  6)] FAIL=16.67% 
CLASS[  1 (  4)] FAIL=25.00% 
CLASS[  2 (  7)] FAIL= 0.00% 
CLASS_ERROR:   11.7647058824 PRECISION:    0.8750000000 RECALL:    0.8611111111 F1SCORE:    0.8680000000
 50:1.2346  100:1.2346  150:1.2346  200:1.2346  250:1.2346  300:1.2346  350:1.2346  400:1.2346  450:1.2346  500:1.2346 TEST REPORT=>
CLASS[  0 (  6)] FAIL=16.67% 
CLASS[  1 (  4)] FAIL=25.00% 
CLASS[  2 (  7)] FAIL= 0.00% 
GENERATION=  920 FITNESS=    -1.235% TEST_ERROR=     11.76%
PROGRAMS=
if(!(x7<(x1+sin((exp(((x13+sin((-5.49)))+(-44.81)))/(-9.94))))|x7<x9|x8<=cos((cos((-1.25))+x2)))) CLASS=0.00
else 
if(x6>=x10-x12|x7+x11>x3) CLASS=1.00
else 
CLASS=2.00
** CONFUSION MATRIX ** Number of classes: 3
   5    1    0 
   0    3    1 
   0    0    7 
TEST REPORT=>
CLASS[  0 (  6)] FAIL=16.67% 
CLASS[  1 (  4)] FAIL=25.00% 
CLASS[  2 (  7)] FAIL= 0.00% 
CLASS_ERROR:   11.7647058824 PRECISION:    0.8750000000 RECALL:    0.8611111111 F1SCORE:    0.8680000000
 50:1.2346  100:1.2346  150:1.2346  200:1.2346  250:1.2346  300:1.2346  350:1.2346  400:1.2346  450:1.2346  500:1.2346 TEST REPORT=>
CLASS[  0 (  6)] FAIL=16.67% 
CLASS[  1 (  4)] FAIL=25.00% 
CLASS[  2 (  7)] FAIL= 0.00% 
GENERATION=  921 FITNESS=    -1.235% TEST_ERROR=     11.76%
PROGRAMS=
if(!(x7<(x1+sin((exp(((x13+sin((-5.49)))+(-44.81)))/(-9.94))))|x7<x9|x8<=cos((cos((-1.25))+x2)))) CLASS=0.00
else 
if(x6>=x10-x12|x7+x11>x3) CLASS=1.00
else 
CLASS=2.00
** CONFUSION MATRIX ** Number of classes: 3
   5    1    0 
   0    3    1 
   0    0    7 
TEST REPORT=>
CLASS[  0 (  6)] FAIL=16.67% 
CLASS[  1 (  4)] FAIL=25.00% 
CLASS[  2 (  7)] FAIL= 0.00% 
CLASS_ERROR:   11.7647058824 PRECISION:    0.8750000000 RECALL:    0.8611111111 F1SCORE:    0.8680000000
 50:1.2346  100:1.2346  150:1.2346  200:1.2346  250:1.2346  300:1.2346  350:1.2346  400:1.2346  450:1.2346  500:1.2346 TEST REPORT=>
CLASS[  0 (  6)] FAIL=16.67% 
CLASS[  1 (  4)] FAIL=25.00% 
CLASS[  2 (  7)] FAIL= 0.00% 
GENERATION=  922 FITNESS=    -1.235% TEST_ERROR=     11.76%
PROGRAMS=
if(!(x7<(x1+sin((exp(((x13+sin((-5.49)))+(-44.81)))/(-9.94))))|x7<x9|x8<=cos((cos((-1.25))+x2)))) CLASS=0.00
else 
if(x6>=x10-x12|x7+x11>x3) CLASS=1.00
else 
CLASS=2.00
** CONFUSION MATRIX ** Number of classes: 3
   5    1    0 
   0    3    1 
   0    0    7 
TEST REPORT=>
CLASS[  0 (  6)] FAIL=16.67% 
CLASS[  1 (  4)] FAIL=25.00% 
CLASS[  2 (  7)] FAIL= 0.00% 
CLASS_ERROR:   11.7647058824 PRECISION:    0.8750000000 RECALL:    0.8611111111 F1SCORE:    0.8680000000
 50:1.2346  100:1.2346  150:1.2346  200:1.2346  250:1.2346  300:1.2346  350:1.2346  400:1.2346  450:1.2346  500:1.2346 TEST REPORT=>
CLASS[  0 (  6)] FAIL=16.67% 
CLASS[  1 (  4)] FAIL=25.00% 
CLASS[  2 (  7)] FAIL= 0.00% 
GENERATION=  923 FITNESS=    -1.235% TEST_ERROR=     11.76%
PROGRAMS=
if(!(x7<(x1+sin((exp(((x13+sin((-5.49)))+(-44.81)))/(-9.94))))|x7<x9|x8<=cos((cos((-1.25))+x2)))) CLASS=0.00
else 
if(x6>=x10-x12|x7+x11>x3) CLASS=1.00
else 
CLASS=2.00
** CONFUSION MATRIX ** Number of classes: 3
   5    1    0 
   0    3    1 
   0    0    7 
TEST REPORT=>
CLASS[  0 (  6)] FAIL=16.67% 
CLASS[  1 (  4)] FAIL=25.00% 
CLASS[  2 (  7)] FAIL= 0.00% 
CLASS_ERROR:   11.7647058824 PRECISION:    0.8750000000 RECALL:    0.8611111111 F1SCORE:    0.8680000000
 50:1.2346  100:1.2346  150:1.2346  200:1.2346  250:1.2346  300:1.2346  350:1.2346  400:1.2346  450:1.2346  500:1.2346 TEST REPORT=>
CLASS[  0 (  6)] FAIL=16.67% 
CLASS[  1 (  4)] FAIL=25.00% 
CLASS[  2 (  7)] FAIL= 0.00% 
GENERATION=  924 FITNESS=    -1.235% TEST_ERROR=     11.76%
PROGRAMS=
if(!(x7<(x1+sin((exp(((x13+sin((-5.49)))+(-44.81)))/(-9.94))))|x7<x9|x8<=cos((cos((-1.25))+x2)))) CLASS=0.00
else 
if(x6>=x10-x12|x7+x11>x3) CLASS=1.00
else 
CLASS=2.00
** CONFUSION MATRIX ** Number of classes: 3
   5    1    0 
   0    3    1 
   0    0    7 
TEST REPORT=>
CLASS[  0 (  6)] FAIL=16.67% 
CLASS[  1 (  4)] FAIL=25.00% 
CLASS[  2 (  7)] FAIL= 0.00% 
CLASS_ERROR:   11.7647058824 PRECISION:    0.8750000000 RECALL:    0.8611111111 F1SCORE:    0.8680000000
 50:1.2346  100:1.2346  150:1.2346  200:1.2346  250:1.2346  300:1.2346  350:1.2346  400:1.2346  450:1.2346  500:1.2346 TEST REPORT=>
CLASS[  0 (  6)] FAIL=16.67% 
CLASS[  1 (  4)] FAIL=25.00% 
CLASS[  2 (  7)] FAIL= 0.00% 
GENERATION=  925 FITNESS=    -1.235% TEST_ERROR=     11.76%
PROGRAMS=
if(!(x7<(x1+sin((exp(((x13+sin((-5.49)))+(-44.81)))/(-9.94))))|x7<x9|x8<=cos((cos((-1.25))+x2)))) CLASS=0.00
else 
if(x6>=x10-x12|x7+x11>x3) CLASS=1.00
else 
CLASS=2.00
** CONFUSION MATRIX ** Number of classes: 3
   5    1    0 
   0    3    1 
   0    0    7 
TEST REPORT=>
CLASS[  0 (  6)] FAIL=16.67% 
CLASS[  1 (  4)] FAIL=25.00% 
CLASS[  2 (  7)] FAIL= 0.00% 
CLASS_ERROR:   11.7647058824 PRECISION:    0.8750000000 RECALL:    0.8611111111 F1SCORE:    0.8680000000
 50:1.2346  100:1.2346  150:1.2346  200:1.2346  250:1.2346  300:1.2346  350:1.2346  400:1.2346  450:1.2346  500:1.2346 TEST REPORT=>
CLASS[  0 (  6)] FAIL=16.67% 
CLASS[  1 (  4)] FAIL=25.00% 
CLASS[  2 (  7)] FAIL= 0.00% 
GENERATION=  926 FITNESS=    -1.235% TEST_ERROR=     11.76%
PROGRAMS=
if(!(x7<(x1+sin((exp(((x13+sin((-5.49)))+(-44.81)))/(-9.94))))|x7<x9|x8<=cos((cos((-1.25))+x2)))) CLASS=0.00
else 
if(x6>=x10-x12|x7+x11>x3) CLASS=1.00
else 
CLASS=2.00
** CONFUSION MATRIX ** Number of classes: 3
   5    1    0 
   0    3    1 
   0    0    7 
TEST REPORT=>
CLASS[  0 (  6)] FAIL=16.67% 
CLASS[  1 (  4)] FAIL=25.00% 
CLASS[  2 (  7)] FAIL= 0.00% 
CLASS_ERROR:   11.7647058824 PRECISION:    0.8750000000 RECALL:    0.8611111111 F1SCORE:    0.8680000000
 50:1.2346  100:1.2346  150:1.2346  200:1.2346  250:1.2346  300:1.2346  350:1.2346  400:1.2346  450:1.2346  500:1.2346 TEST REPORT=>
CLASS[  0 (  6)] FAIL=16.67% 
CLASS[  1 (  4)] FAIL=25.00% 
CLASS[  2 (  7)] FAIL= 0.00% 
GENERATION=  927 FITNESS=    -1.235% TEST_ERROR=     11.76%
PROGRAMS=
if(!(x7<(x1+sin((exp(((x13+sin((-5.49)))+(-44.81)))/(-9.94))))|x7<x9|x8<=cos((cos((-1.25))+x2)))) CLASS=0.00
else 
if(x6>=x10-x12|x7+x11>x3) CLASS=1.00
else 
CLASS=2.00
** CONFUSION MATRIX ** Number of classes: 3
   5    1    0 
   0    3    1 
   0    0    7 
TEST REPORT=>
CLASS[  0 (  6)] FAIL=16.67% 
CLASS[  1 (  4)] FAIL=25.00% 
CLASS[  2 (  7)] FAIL= 0.00% 
CLASS_ERROR:   11.7647058824 PRECISION:    0.8750000000 RECALL:    0.8611111111 F1SCORE:    0.8680000000
 50:1.2346  100:1.2346  150:1.2346  200:1.2346  250:1.2346  300:1.2346  350:1.2346  400:1.2346  450:1.2346  500:1.2346 TEST REPORT=>
CLASS[  0 (  6)] FAIL=16.67% 
CLASS[  1 (  4)] FAIL=25.00% 
CLASS[  2 (  7)] FAIL= 0.00% 
GENERATION=  928 FITNESS=    -1.235% TEST_ERROR=     11.76%
PROGRAMS=
if(!(x7<(x1+sin((exp(((x13+sin((-5.49)))+(-44.81)))/(-9.94))))|x7<x9|x8<=cos((cos((-1.25))+x2)))) CLASS=0.00
else 
if(x6>=x10-x12|x7+x11>x3) CLASS=1.00
else 
CLASS=2.00
** CONFUSION MATRIX ** Number of classes: 3
   5    1    0 
   0    3    1 
   0    0    7 
TEST REPORT=>
CLASS[  0 (  6)] FAIL=16.67% 
CLASS[  1 (  4)] FAIL=25.00% 
CLASS[  2 (  7)] FAIL= 0.00% 
CLASS_ERROR:   11.7647058824 PRECISION:    0.8750000000 RECALL:    0.8611111111 F1SCORE:    0.8680000000
 50:1.2346  100:1.2346  150:1.2346  200:1.2346  250:1.2346  300:1.2346  350:1.2346  400:1.2346  450:1.2346  500:1.2346 TEST REPORT=>
CLASS[  0 (  6)] FAIL=16.67% 
CLASS[  1 (  4)] FAIL=25.00% 
CLASS[  2 (  7)] FAIL= 0.00% 
GENERATION=  929 FITNESS=    -1.235% TEST_ERROR=     11.76%
PROGRAMS=
if(!(x7<(x1+sin((exp(((x13+sin((-5.49)))+(-44.81)))/(-9.94))))|x7<x9|x8<=cos((cos((-1.25))+x2)))) CLASS=0.00
else 
if(x6>=x10-x12|x7+x11>x3) CLASS=1.00
else 
CLASS=2.00
** CONFUSION MATRIX ** Number of classes: 3
   5    1    0 
   0    3    1 
   0    0    7 
TEST REPORT=>
CLASS[  0 (  6)] FAIL=16.67% 
CLASS[  1 (  4)] FAIL=25.00% 
CLASS[  2 (  7)] FAIL= 0.00% 
CLASS_ERROR:   11.7647058824 PRECISION:    0.8750000000 RECALL:    0.8611111111 F1SCORE:    0.8680000000
 50:1.2346  100:1.2346  150:1.2346  200:1.2346  250:1.2346  300:1.2346  350:1.2346  400:1.2346  450:1.2346  500:1.2346 TEST REPORT=>
CLASS[  0 (  6)] FAIL=16.67% 
CLASS[  1 (  4)] FAIL=25.00% 
CLASS[  2 (  7)] FAIL= 0.00% 
GENERATION=  930 FITNESS=    -1.235% TEST_ERROR=     11.76%
PROGRAMS=
if(!(x7<(x1+sin((exp(((x13+sin((-5.49)))+(-44.81)))/(-9.94))))|x7<x9|x8<=cos((cos((-1.25))+x2)))) CLASS=0.00
else 
if(x6>=x10-x12|x7+x11>x3) CLASS=1.00
else 
CLASS=2.00
** CONFUSION MATRIX ** Number of classes: 3
   5    1    0 
   0    3    1 
   0    0    7 
TEST REPORT=>
CLASS[  0 (  6)] FAIL=16.67% 
CLASS[  1 (  4)] FAIL=25.00% 
CLASS[  2 (  7)] FAIL= 0.00% 
CLASS_ERROR:   11.7647058824 PRECISION:    0.8750000000 RECALL:    0.8611111111 F1SCORE:    0.8680000000
 50:1.2346  100:1.2346  150:1.2346  200:1.2346  250:1.2346  300:1.2346  350:1.2346  400:1.2346  450:1.2346  500:1.2346 TEST REPORT=>
CLASS[  0 (  6)] FAIL=16.67% 
CLASS[  1 (  4)] FAIL=25.00% 
CLASS[  2 (  7)] FAIL= 0.00% 
GENERATION=  931 FITNESS=    -1.235% TEST_ERROR=     11.76%
PROGRAMS=
if(!(x7<(x1+sin((exp(((x13+sin((-5.49)))+(-44.81)))/(-9.94))))|x7<x9|x8<=cos((cos((-1.25))+x2)))) CLASS=0.00
else 
if(x6>=x10-x12|x7+x11>x3) CLASS=1.00
else 
CLASS=2.00
** CONFUSION MATRIX ** Number of classes: 3
   5    1    0 
   0    3    1 
   0    0    7 
TEST REPORT=>
CLASS[  0 (  6)] FAIL=16.67% 
CLASS[  1 (  4)] FAIL=25.00% 
CLASS[  2 (  7)] FAIL= 0.00% 
CLASS_ERROR:   11.7647058824 PRECISION:    0.8750000000 RECALL:    0.8611111111 F1SCORE:    0.8680000000
 50:1.2346  100:1.2346  150:1.2346  200:1.2346  250:1.2346  300:1.2346  350:1.2346  400:1.2346  450:1.2346  500:1.2346 
TARGETED STAGNATION BURST generation=932 stagnation=20
TARGETED_BEST[0] START fitness=-1.2345679012
TARGETED_BEST[0] END fitness=-1.2345679012 accepted=0
TARGETED_BEST[1] START fitness=-1.2345679012
TARGETED_BEST[1] END fitness=-1.2345679012 accepted=0
TARGETED_BEST[2] START fitness=-1.2345679012
TARGETED_BEST[2] END fitness=-1.2345679012 accepted=0
TARGETED_BEST[3] START fitness=-1.2345679012
TARGETED_BEST[3] END fitness=-1.2345679012 accepted=0
TARGETED_BEST[4] START fitness=-1.2345679012
TARGETED_BEST[4] END fitness=-1.2345679012 accepted=0
TARGETED_BEST[5] START fitness=-1.2345679012
TARGETED_BEST[5] END fitness=-1.2345679012 accepted=0
TARGETED_BEST[6] START fitness=-1.2345679012
TARGETED_BEST[6] END fitness=-1.2345679012 accepted=0
TARGETED_BEST[7] START fitness=-1.2345679012
TARGETED_BEST[7] END fitness=-1.2345679012 accepted=0
TARGETED_BEST[8] START fitness=-1.2345679012
TARGETED_BEST[8] END fitness=-1.2345679012 accepted=0
TARGETED_BEST[9] START fitness=-1.2345679012
TARGETED_BEST[9] END fitness=-1.2345679012 accepted=0
TARGETED_BEST[10] START fitness=-1.2345679012
TARGETED_BEST[10] END fitness=-1.2345679012 accepted=0
TARGETED_BEST[11] START fitness=-1.2345679012
TARGETED_BEST[11] END fitness=-1.2345679012 accepted=0
TARGETED_BEST[12] START fitness=-1.2345679012
TARGETED_BEST[12] END fitness=-1.2345679012 accepted=0
TARGETED_BEST[13] START fitness=-1.2345679012
TARGETED_BEST[13] END fitness=-1.2345679012 accepted=0
TARGETED_BEST[14] START fitness=-1.2345679012
TARGETED_BEST[14] END fitness=-1.2345679012 accepted=0
TARGETED_BEST[15] START fitness=-1.2345679012
TARGETED_BEST[15] END fitness=-1.2345679012 accepted=0
TARGETED_BEST[16] START fitness=-1.2345679012
TARGETED_BEST[16] END fitness=-1.2345679012 accepted=0
TARGETED_BEST[17] START fitness=-1.2345679012
TARGETED_BEST[17] END fitness=-1.2345679012 accepted=0
TARGETED_BEST[18] START fitness=-1.2345679012
TARGETED_BEST[18] END fitness=-1.2345679012 accepted=0
TARGETED_BEST[19] START fitness=-1.2345679012
TARGETED_BEST[19] END fitness=-1.2345679012 accepted=0
TEST REPORT=>
CLASS[  0 (  6)] FAIL=16.67% 
CLASS[  1 (  4)] FAIL=25.00% 
CLASS[  2 (  7)] FAIL= 0.00% 
GENERATION=  932 FITNESS=    -1.235% TEST_ERROR=     11.76%
PROGRAMS=
if(!(x7<(x1+sin((exp(((x13+sin((-5.49)))+(-44.81)))/(-9.94))))|x7<x9|x8<=cos((cos((-1.25))+x2)))) CLASS=0.00
else 
if(x6>=x10-x12|x7+x11>x3) CLASS=1.00
else 
CLASS=2.00
** CONFUSION MATRIX ** Number of classes: 3
   5    1    0 
   0    3    1 
   0    0    7 
TEST REPORT=>
CLASS[  0 (  6)] FAIL=16.67% 
CLASS[  1 (  4)] FAIL=25.00% 
CLASS[  2 (  7)] FAIL= 0.00% 
CLASS_ERROR:   11.7647058824 PRECISION:    0.8750000000 RECALL:    0.8611111111 F1SCORE:    0.8680000000
 50:1.2346  100:1.2346  150:1.2346  200:1.2346  250:1.2346  300:1.2346  350:1.2346  400:1.2346  450:1.2346  500:1.2346 TEST REPORT=>
CLASS[  0 (  6)] FAIL=16.67% 
CLASS[  1 (  4)] FAIL=25.00% 
CLASS[  2 (  7)] FAIL= 0.00% 
GENERATION=  933 FITNESS=    -1.235% TEST_ERROR=     11.76%
PROGRAMS=
if(!(x7<(x1+sin((exp(((x13+sin((-5.49)))+(-44.81)))/(-9.94))))|x7<x9|x8<=cos((cos((-1.25))+x2)))) CLASS=0.00
else 
if(x6>=x10-x12|x7+x11>x3) CLASS=1.00
else 
CLASS=2.00
** CONFUSION MATRIX ** Number of classes: 3
   5    1    0 
   0    3    1 
   0    0    7 
TEST REPORT=>
CLASS[  0 (  6)] FAIL=16.67% 
CLASS[  1 (  4)] FAIL=25.00% 
CLASS[  2 (  7)] FAIL= 0.00% 
CLASS_ERROR:   11.7647058824 PRECISION:    0.8750000000 RECALL:    0.8611111111 F1SCORE:    0.8680000000
 50:1.2346  100:1.2346  150:1.2346  200:1.2346  250:1.2346  300:1.2346  350:1.2346  400:1.2346  450:1.2346  500:1.2346 TEST REPORT=>
CLASS[  0 (  6)] FAIL=16.67% 
CLASS[  1 (  4)] FAIL=25.00% 
CLASS[  2 (  7)] FAIL= 0.00% 
GENERATION=  934 FITNESS=    -1.235% TEST_ERROR=     11.76%
PROGRAMS=
if(!(x7<(x1+sin((exp(((x13+sin((-5.49)))+(-44.81)))/(-9.94))))|x7<x9|x8<=cos((cos((-1.25))+x2)))) CLASS=0.00
else 
if(x6>=x10-x12|x7+x11>x3) CLASS=1.00
else 
CLASS=2.00
** CONFUSION MATRIX ** Number of classes: 3
   5    1    0 
   0    3    1 
   0    0    7 
TEST REPORT=>
CLASS[  0 (  6)] FAIL=16.67% 
CLASS[  1 (  4)] FAIL=25.00% 
CLASS[  2 (  7)] FAIL= 0.00% 
CLASS_ERROR:   11.7647058824 PRECISION:    0.8750000000 RECALL:    0.8611111111 F1SCORE:    0.8680000000
 50:1.2346  100:1.2346  150:1.2346  200:1.2346  250:1.2346  300:0.61728  350:0.61728  400:0.61728  450:0.61728  500:0.61728 TEST REPORT=>
CLASS[  0 (  6)] FAIL=16.67% 
CLASS[  1 (  4)] FAIL=25.00% 
CLASS[  2 (  7)] FAIL= 0.00% 
GENERATION=  935 FITNESS=   -0.6173% TEST_ERROR=     11.76%
PROGRAMS=
if(!(x9<=(x4+cos((exp(((x13-cos((-5.19)))+(-41.81)))/(-9.94))))|x7<x9|x10-x6<=cos(sin((-4.57))))) CLASS=0.00
else 
if(x6>=x10-x12|x7+x11>=x3) CLASS=1.00
else 
CLASS=2.00
** CONFUSION MATRIX ** Number of classes: 3
   5    1    0 
   0    3    1 
   0    0    7 
TEST REPORT=>
CLASS[  0 (  6)] FAIL=16.67% 
CLASS[  1 (  4)] FAIL=25.00% 
CLASS[  2 (  7)] FAIL= 0.00% 
CLASS_ERROR:   11.7647058824 PRECISION:    0.8750000000 RECALL:    0.8611111111 F1SCORE:    0.8680000000
 50:0.61728  100:0.61728  150:0.61728  200:0.61728  250:0.61728  300:0.61728  350:0.61728  400:0.61728  450:0.61728  500:0.61728 TEST REPORT=>
CLASS[  0 (  6)] FAIL=16.67% 
CLASS[  1 (  4)] FAIL=25.00% 
CLASS[  2 (  7)] FAIL= 0.00% 
GENERATION=  936 FITNESS=   -0.6173% TEST_ERROR=     11.76%
PROGRAMS=
if(!(x9<=(x4+cos((exp(((x13-cos((-5.19)))+(-41.81)))/(-9.94))))|x7<x9|x10-x6<=cos(sin((-4.57))))) CLASS=0.00
else 
if(x6>=x10-x12|x7+x11>=x3) CLASS=1.00
else 
CLASS=2.00
** CONFUSION MATRIX ** Number of classes: 3
   5    1    0 
   0    3    1 
   0    0    7 
TEST REPORT=>
CLASS[  0 (  6)] FAIL=16.67% 
CLASS[  1 (  4)] FAIL=25.00% 
CLASS[  2 (  7)] FAIL= 0.00% 
CLASS_ERROR:   11.7647058824 PRECISION:    0.8750000000 RECALL:    0.8611111111 F1SCORE:    0.8680000000
 50:0.61728  100:0.61728  150:0.61728  200:0.61728  250:0.61728  300:0.61728  350:0.61728  400:0.61728  450:0.61728  500:0.61728 TEST REPORT=>
CLASS[  0 (  6)] FAIL=16.67% 
CLASS[  1 (  4)] FAIL=25.00% 
CLASS[  2 (  7)] FAIL= 0.00% 
GENERATION=  937 FITNESS=   -0.6173% TEST_ERROR=     11.76%
PROGRAMS=
if(!(x9<=(x4+cos((exp(((x13-cos((-5.19)))+(-41.81)))/(-9.94))))|x7<x9|x10-x6<=cos(sin((-4.57))))) CLASS=0.00
else 
if(x6>=x10-x12|x7+x11>=x3) CLASS=1.00
else 
CLASS=2.00
** CONFUSION MATRIX ** Number of classes: 3
   5    1    0 
   0    3    1 
   0    0    7 
TEST REPORT=>
CLASS[  0 (  6)] FAIL=16.67% 
CLASS[  1 (  4)] FAIL=25.00% 
CLASS[  2 (  7)] FAIL= 0.00% 
CLASS_ERROR:   11.7647058824 PRECISION:    0.8750000000 RECALL:    0.8611111111 F1SCORE:    0.8680000000
 50:0.61728  100:0.61728  150:0.61728  200:0.61728  250:0.61728  300:0.61728  350:0.61728  400:0.61728  450:0.61728  500:0.61728 TEST REPORT=>
CLASS[  0 (  6)] FAIL=16.67% 
CLASS[  1 (  4)] FAIL=25.00% 
CLASS[  2 (  7)] FAIL= 0.00% 
GENERATION=  938 FITNESS=   -0.6173% TEST_ERROR=     11.76%
PROGRAMS=
if(!(x9<=(x4+cos((exp(((x13-cos((-5.19)))+(-41.81)))/(-9.94))))|x7<x9|x10-x6<=cos(sin((-4.57))))) CLASS=0.00
else 
if(x6>=x10-x12|x7+x11>=x3) CLASS=1.00
else 
CLASS=2.00
** CONFUSION MATRIX ** Number of classes: 3
   5    1    0 
   0    3    1 
   0    0    7 
TEST REPORT=>
CLASS[  0 (  6)] FAIL=16.67% 
CLASS[  1 (  4)] FAIL=25.00% 
CLASS[  2 (  7)] FAIL= 0.00% 
CLASS_ERROR:   11.7647058824 PRECISION:    0.8750000000 RECALL:    0.8611111111 F1SCORE:    0.8680000000
 50:0.61728  100:0.61728  150:0.61728  200:0.61728  250:0.61728  300:0.61728  350:0.61728  400:0.61728  450:0.61728  500:0.61728 TEST REPORT=>
CLASS[  0 (  6)] FAIL=16.67% 
CLASS[  1 (  4)] FAIL=25.00% 
CLASS[  2 (  7)] FAIL= 0.00% 
GENERATION=  939 FITNESS=   -0.6173% TEST_ERROR=     11.76%
PROGRAMS=
if(!(x9<=(x4+cos((exp(((x13-cos((-5.19)))+(-41.81)))/(-9.94))))|x7<x9|x10-x6<=cos(sin((-4.57))))) CLASS=0.00
else 
if(x6>=x10-x12|x7+x11>=x3) CLASS=1.00
else 
CLASS=2.00
** CONFUSION MATRIX ** Number of classes: 3
   5    1    0 
   0    3    1 
   0    0    7 
TEST REPORT=>
CLASS[  0 (  6)] FAIL=16.67% 
CLASS[  1 (  4)] FAIL=25.00% 
CLASS[  2 (  7)] FAIL= 0.00% 
CLASS_ERROR:   11.7647058824 PRECISION:    0.8750000000 RECALL:    0.8611111111 F1SCORE:    0.8680000000
 50:0.61728  100:0.61728  150:0.61728  200:0.61728  250:0.61728  300:0.61728  350:0.61728  400:0.61728  450:0.61728  500:0.61728 TEST REPORT=>
CLASS[  0 (  6)] FAIL=16.67% 
CLASS[  1 (  4)] FAIL=25.00% 
CLASS[  2 (  7)] FAIL= 0.00% 
GENERATION=  940 FITNESS=   -0.6173% TEST_ERROR=     11.76%
PROGRAMS=
if(!(x9<=(x4+cos((exp(((x13-cos((-5.19)))+(-41.81)))/(-9.94))))|x7<x9|x10-x6<=cos(sin((-4.57))))) CLASS=0.00
else 
if(x6>=x10-x12|x7+x11>=x3) CLASS=1.00
else 
CLASS=2.00
** CONFUSION MATRIX ** Number of classes: 3
   5    1    0 
   0    3    1 
   0    0    7 
TEST REPORT=>
CLASS[  0 (  6)] FAIL=16.67% 
CLASS[  1 (  4)] FAIL=25.00% 
CLASS[  2 (  7)] FAIL= 0.00% 
CLASS_ERROR:   11.7647058824 PRECISION:    0.8750000000 RECALL:    0.8611111111 F1SCORE:    0.8680000000
 50:0.61728  100:0.61728  150:0.61728  200:0.61728  250:0.61728  300:0.61728  350:0.61728  400:0.61728  450:0.61728  500:0.61728 TEST REPORT=>
CLASS[  0 (  6)] FAIL=16.67% 
CLASS[  1 (  4)] FAIL=25.00% 
CLASS[  2 (  7)] FAIL= 0.00% 
GENERATION=  941 FITNESS=   -0.6173% TEST_ERROR=     11.76%
PROGRAMS=
if(!(x9<=(x4+cos((exp(((x13-cos((-5.19)))+(-41.81)))/(-9.94))))|x7<x9|x10-x6<=cos(sin((-4.57))))) CLASS=0.00
else 
if(x6>=x10-x12|x7+x11>=x3) CLASS=1.00
else 
CLASS=2.00
** CONFUSION MATRIX ** Number of classes: 3
   5    1    0 
   0    3    1 
   0    0    7 
TEST REPORT=>
CLASS[  0 (  6)] FAIL=16.67% 
CLASS[  1 (  4)] FAIL=25.00% 
CLASS[  2 (  7)] FAIL= 0.00% 
CLASS_ERROR:   11.7647058824 PRECISION:    0.8750000000 RECALL:    0.8611111111 F1SCORE:    0.8680000000
 50:0.61728  100:0.61728  150:0.61728  200:0.61728  250:0.61728  300:0.61728  350:0.61728  400:0.61728  450:0.61728  500:0.61728 TEST REPORT=>
CLASS[  0 (  6)] FAIL=16.67% 
CLASS[  1 (  4)] FAIL=25.00% 
CLASS[  2 (  7)] FAIL= 0.00% 
GENERATION=  942 FITNESS=   -0.6173% TEST_ERROR=     11.76%
PROGRAMS=
if(!(x9<=(x4+cos((exp(((x13-cos((-5.19)))+(-41.81)))/(-9.94))))|x7<x9|x10-x6<=cos(sin((-4.57))))) CLASS=0.00
else 
if(x6>=x10-x12|x7+x11>=x3) CLASS=1.00
else 
CLASS=2.00
** CONFUSION MATRIX ** Number of classes: 3
   5    1    0 
   0    3    1 
   0    0    7 
TEST REPORT=>
CLASS[  0 (  6)] FAIL=16.67% 
CLASS[  1 (  4)] FAIL=25.00% 
CLASS[  2 (  7)] FAIL= 0.00% 
CLASS_ERROR:   11.7647058824 PRECISION:    0.8750000000 RECALL:    0.8611111111 F1SCORE:    0.8680000000
 50:0.61728  100:0.61728  150:0.61728  200:0.61728  250:0.61728  300:0.61728  350:0.61728  400:0.61728  450:0.61728  500:0.61728 TEST REPORT=>
CLASS[  0 (  6)] FAIL=16.67% 
CLASS[  1 (  4)] FAIL=25.00% 
CLASS[  2 (  7)] FAIL= 0.00% 
GENERATION=  943 FITNESS=   -0.6173% TEST_ERROR=     11.76%
PROGRAMS=
if(!(x9<=(x4+cos((exp(((x13-cos((-5.19)))+(-41.81)))/(-9.94))))|x7<x9|x10-x6<=cos(sin((-4.57))))) CLASS=0.00
else 
if(x6>=x10-x12|x7+x11>=x3) CLASS=1.00
else 
CLASS=2.00
** CONFUSION MATRIX ** Number of classes: 3
   5    1    0 
   0    3    1 
   0    0    7 
TEST REPORT=>
CLASS[  0 (  6)] FAIL=16.67% 
CLASS[  1 (  4)] FAIL=25.00% 
CLASS[  2 (  7)] FAIL= 0.00% 
CLASS_ERROR:   11.7647058824 PRECISION:    0.8750000000 RECALL:    0.8611111111 F1SCORE:    0.8680000000
 50:0.61728  100:0.61728  150:0.61728  200:0.61728  250:0.61728  300:0.61728  350:0.61728  400:0.61728  450:0.61728  500:0.61728 TEST REPORT=>
CLASS[  0 (  6)] FAIL=16.67% 
CLASS[  1 (  4)] FAIL=25.00% 
CLASS[  2 (  7)] FAIL= 0.00% 
GENERATION=  944 FITNESS=   -0.6173% TEST_ERROR=     11.76%
PROGRAMS=
if(!(x9<=(x4+cos((exp(((x13-cos((-5.19)))+(-41.81)))/(-9.94))))|x7<x9|x10-x6<=cos(sin((-4.57))))) CLASS=0.00
else 
if(x6>=x10-x12|x7+x11>=x3) CLASS=1.00
else 
CLASS=2.00
** CONFUSION MATRIX ** Number of classes: 3
   5    1    0 
   0    3    1 
   0    0    7 
TEST REPORT=>
CLASS[  0 (  6)] FAIL=16.67% 
CLASS[  1 (  4)] FAIL=25.00% 
CLASS[  2 (  7)] FAIL= 0.00% 
CLASS_ERROR:   11.7647058824 PRECISION:    0.8750000000 RECALL:    0.8611111111 F1SCORE:    0.8680000000
 50:0.61728  100:0.61728  150:0.61728  200:0.61728  250:0.61728  300:0.61728  350:0.61728  400:0.61728  450:0.61728  500:0.61728 TEST REPORT=>
CLASS[  0 (  6)] FAIL=16.67% 
CLASS[  1 (  4)] FAIL=25.00% 
CLASS[  2 (  7)] FAIL= 0.00% 
GENERATION=  945 FITNESS=   -0.6173% TEST_ERROR=     11.76%
PROGRAMS=
if(!(x9<=(x4+cos((exp(((x13-cos((-5.19)))+(-41.81)))/(-9.94))))|x7<x9|x10-x6<=cos(sin((-4.57))))) CLASS=0.00
else 
if(x6>=x10-x12|x7+x11>=x3) CLASS=1.00
else 
CLASS=2.00
** CONFUSION MATRIX ** Number of classes: 3
   5    1    0 
   0    3    1 
   0    0    7 
TEST REPORT=>
CLASS[  0 (  6)] FAIL=16.67% 
CLASS[  1 (  4)] FAIL=25.00% 
CLASS[  2 (  7)] FAIL= 0.00% 
CLASS_ERROR:   11.7647058824 PRECISION:    0.8750000000 RECALL:    0.8611111111 F1SCORE:    0.8680000000
 50:0.61728  100:0.61728  150:0.61728  200:0.61728  250:0.61728  300:0.61728  350:0.61728  400:0.61728  450:0.61728  500:0.61728 TEST REPORT=>
CLASS[  0 (  6)] FAIL=16.67% 
CLASS[  1 (  4)] FAIL=25.00% 
CLASS[  2 (  7)] FAIL= 0.00% 
GENERATION=  946 FITNESS=   -0.6173% TEST_ERROR=     11.76%
PROGRAMS=
if(!(x9<=(x4+cos((exp(((x13-cos((-5.19)))+(-41.81)))/(-9.94))))|x7<x9|x10-x6<=cos(sin((-4.57))))) CLASS=0.00
else 
if(x6>=x10-x12|x7+x11>=x3) CLASS=1.00
else 
CLASS=2.00
** CONFUSION MATRIX ** Number of classes: 3
   5    1    0 
   0    3    1 
   0    0    7 
TEST REPORT=>
CLASS[  0 (  6)] FAIL=16.67% 
CLASS[  1 (  4)] FAIL=25.00% 
CLASS[  2 (  7)] FAIL= 0.00% 
CLASS_ERROR:   11.7647058824 PRECISION:    0.8750000000 RECALL:    0.8611111111 F1SCORE:    0.8680000000
 50:0.61728  100:0.61728  150:0.61728  200:0.61728  250:0.61728  300:0.61728  350:0.61728  400:0.61728  450:0.61728  500:0.61728 TEST REPORT=>
CLASS[  0 (  6)] FAIL=16.67% 
CLASS[  1 (  4)] FAIL=25.00% 
CLASS[  2 (  7)] FAIL= 0.00% 
GENERATION=  947 FITNESS=   -0.6173% TEST_ERROR=     11.76%
PROGRAMS=
if(!(x9<=(x4+cos((exp(((x13-cos((-5.19)))+(-41.81)))/(-9.94))))|x7<x9|x10-x6<=cos(sin((-4.57))))) CLASS=0.00
else 
if(x6>=x10-x12|x7+x11>=x3) CLASS=1.00
else 
CLASS=2.00
** CONFUSION MATRIX ** Number of classes: 3
   5    1    0 
   0    3    1 
   0    0    7 
TEST REPORT=>
CLASS[  0 (  6)] FAIL=16.67% 
CLASS[  1 (  4)] FAIL=25.00% 
CLASS[  2 (  7)] FAIL= 0.00% 
CLASS_ERROR:   11.7647058824 PRECISION:    0.8750000000 RECALL:    0.8611111111 F1SCORE:    0.8680000000
 50:0.61728  100:0.61728  150:0.61728  200:0.61728  250:0.61728  300:0.61728  350:0.61728  400:0.61728  450:0.61728  500:0.61728 TEST REPORT=>
CLASS[  0 (  6)] FAIL=16.67% 
CLASS[  1 (  4)] FAIL=25.00% 
CLASS[  2 (  7)] FAIL= 0.00% 
GENERATION=  948 FITNESS=   -0.6173% TEST_ERROR=     11.76%
PROGRAMS=
if(!(x9<=(x4+cos((exp(((x13-cos((-5.19)))+(-41.81)))/(-9.94))))|x7<x9|x10-x6<=cos(sin((-4.57))))) CLASS=0.00
else 
if(x6>=x10-x12|x7+x11>=x3) CLASS=1.00
else 
CLASS=2.00
** CONFUSION MATRIX ** Number of classes: 3
   5    1    0 
   0    3    1 
   0    0    7 
TEST REPORT=>
CLASS[  0 (  6)] FAIL=16.67% 
CLASS[  1 (  4)] FAIL=25.00% 
CLASS[  2 (  7)] FAIL= 0.00% 
CLASS_ERROR:   11.7647058824 PRECISION:    0.8750000000 RECALL:    0.8611111111 F1SCORE:    0.8680000000
 50:0.61728  100:0.61728  150:0.61728  200:0.61728  250:0.61728  300:0.61728  350:0.61728  400:0.61728  450:0.61728  500:0.61728 TEST REPORT=>
CLASS[  0 (  6)] FAIL=16.67% 
CLASS[  1 (  4)] FAIL=25.00% 
CLASS[  2 (  7)] FAIL= 0.00% 
GENERATION=  949 FITNESS=   -0.6173% TEST_ERROR=     11.76%
PROGRAMS=
if(!(x9<=(x4+cos((exp(((x13-cos((-5.19)))+(-41.81)))/(-9.94))))|x7<x9|x10-x6<=cos(sin((-4.57))))) CLASS=0.00
else 
if(x6>=x10-x12|x7+x11>=x3) CLASS=1.00
else 
CLASS=2.00
** CONFUSION MATRIX ** Number of classes: 3
   5    1    0 
   0    3    1 
   0    0    7 
TEST REPORT=>
CLASS[  0 (  6)] FAIL=16.67% 
CLASS[  1 (  4)] FAIL=25.00% 
CLASS[  2 (  7)] FAIL= 0.00% 
CLASS_ERROR:   11.7647058824 PRECISION:    0.8750000000 RECALL:    0.8611111111 F1SCORE:    0.8680000000
 50:0.61728  100:0.61728  150:0.61728  200:0.61728  250:0.61728  300:0.61728  350:0.61728  400:0.61728  450:0.61728  500:0.61728 TARGETED[0] START fitness=       -0.6172839506
TARGETED[0] END fitness=       -0.6172839506 accepted=0
TARGETED[369] START fitness=-100000000.0000000000
TARGETED[369] iter=6 type=UNKNOWN codonPos=165 codon=155->154 rule=1->0 fitness=-100000000.0000000000->      -58.6419753086
TARGETED[369] iter=17 type=VARIABLE codonPos=105 codon=111->114 rule=6->9 fitness=      -58.6419753086->      -35.1851851852
TARGETED[369] iter=18 type=VARIABLE codonPos=101 codon=80->86 rule=5->11 fitness=      -35.1851851852->      -34.5679012346
TARGETED[369] END fitness=      -34.5679012346 accepted=3
TARGETED[143] START fitness=      -26.5432098765
TARGETED[143] iter=1 type=BINARY_OPERATOR codonPos=106 codon=245->244 rule=1->0 fitness=      -26.5432098765->       -5.5555555556
TARGETED[143] iter=18 type=VARIABLE codonPos=107 codon=41->45 rule=11->0 fitness=       -5.5555555556->       -3.0864197531
TARGETED[143] END fitness=       -3.0864197531 accepted=2
TARGETED[73] START fitness=       -3.0864197531
TARGETED[73] iter=8 type=VARIABLE codonPos=47 codon=244->247 rule=4->7 fitness=       -3.0864197531->       -1.8518518519
TARGETED[73] END fitness=       -1.8518518519 accepted=1
TARGETED[138] START fitness=      -26.5432098765
TARGETED[138] iter=8 type=VARIABLE codonPos=105 codon=8->9 rule=8->9 fitness=      -26.5432098765->       -0.6172839506
TARGETED[138] END fitness=       -0.6172839506 accepted=1
TARGETED[190] START fitness=      -32.7160493827
TARGETED[190] END fitness=      -32.7160493827 accepted=0
TARGETED[203] START fitness=      -32.7160493827
TARGETED[203] iter=3 type=VARIABLE codonPos=10 codon=232->234 rule=7->9 fitness=      -32.7160493827->      -31.4814814815
TARGETED[203] iter=9 type=VARIABLE codonPos=2 codon=143->140 rule=8->5 fitness=      -31.4814814815->      -28.3950617284
TARGETED[203] iter=29 type=VARIABLE codonPos=16 codon=132->134 rule=12->14 fitness=      -28.3950617284->      -12.3456790123
TARGETED[203] iter=34 type=VARIABLE codonPos=31 codon=137->131 rule=2->11 fitness=      -12.3456790123->      -11.1111111111
TARGETED[203] iter=36 type=BOOLEAN_OPERATOR codonPos=3 codon=170->171 rule=2->3 fitness=      -11.1111111111->      -10.4938271605
TARGETED[203] iter=44 type=VARIABLE codonPos=31 codon=131->134 rule=11->14 fitness=      -10.4938271605->       -9.8765432099
TARGETED[203] END fitness=       -9.8765432099 accepted=6
TARGETED[397] START fitness=-100000000.0000000000
TARGETED[397] iter=8 type=VARIABLE codonPos=80 codon=107->104 rule=2->14 fitness=-100000000.0000000000->      -61.1111111111
TARGETED[397] iter=14 type=VARIABLE codonPos=107 codon=71->75 rule=11->0 fitness=      -61.1111111111->      -35.1851851852
TARGETED[397] iter=37 type=VARIABLE codonPos=52 codon=181->179 rule=1->14 fitness=      -35.1851851852->      -30.2469135802
TARGETED[397] iter=41 type=VARIABLE codonPos=55 codon=189->187 rule=9->7 fitness=      -30.2469135802->      -19.7530864198
TARGETED[397] END fitness=      -19.7530864198 accepted=4
TARGETED[347] START fitness=      -67.2839506173
TARGETED[347] iter=22 type=VARIABLE codonPos=50 codon=159->163 rule=9->13 fitness=      -67.2839506173->      -63.5802469136
TARGETED[347] iter=23 type=VARIABLE codonPos=101 codon=80->75 rule=5->0 fitness=      -63.5802469136->      -57.4074074074
TARGETED[347] iter=26 type=VARIABLE codonPos=6 codon=93->92 rule=3->2 fitness=      -57.4074074074->      -55.5555555556
TARGETED[347] iter=27 type=UNKNOWN codonPos=59 codon=145->140 rule=5->0 fitness=      -55.5555555556->      -53.0864197531
TARGETED[347] iter=28 type=VARIABLE codonPos=53 codon=251->255 rule=11->0 fitness=      -53.0864197531->      -50.6172839506
TARGETED[347] iter=31 type=VARIABLE codonPos=52 codon=181->187 rule=1->7 fitness=      -50.6172839506->      -48.7654320988
TARGETED[347] END fitness=      -48.7654320988 accepted=6
TARGETED[490] START fitness=-100000000.0000000000
TARGETED[490] iter=1 type=VARIABLE codonPos=105 codon=103->99 rule=13->9 fitness=-100000000.0000000000->      -32.7160493827
TARGETED[490] iter=18 type=VARIABLE codonPos=2 codon=143->148 rule=8->13 fitness=      -32.7160493827->      -17.9012345679
TARGETED[490] iter=33 type=FUNCTION codonPos=53 codon=251->249 rule=3->1 fitness=      -17.9012345679->      -12.3456790123
TARGETED[490] iter=37 type=VARIABLE codonPos=60 codon=25->29 rule=10->14 fitness=      -12.3456790123->      -11.7283950617
TARGETED[490] iter=41 type=UNKNOWN codonPos=21 codon=167->166 rule=1->0 fitness=      -11.7283950617->       -5.5555555556
TARGETED[490] iter=44 type=UNKNOWN codonPos=33 codon=191->196 rule=1->6 fitness=       -5.5555555556->       -4.9382716049
TARGETED[490] END fitness=       -4.9382716049 accepted=6
TARGETED[46] START fitness=       -1.8518518519
TARGETED[46] iter=4 type=VARIABLE codonPos=107 codon=115->116 rule=10->11 fitness=       -1.8518518519->       -0.6172839506
TARGETED[46] END fitness=       -0.6172839506 accepted=1
TARGETED[332] START fitness=      -58.6419753086
TARGETED[332] iter=8 type=VARIABLE codonPos=6 codon=93->88 rule=3->13 fitness=      -58.6419753086->      -53.7037037037
TARGETED[332] iter=9 type=UNKNOWN codonPos=33 codon=191->187 rule=1->7 fitness=      -53.7037037037->      -46.9135802469
TARGETED[332] iter=13 type=VARIABLE codonPos=43 codon=18->12 rule=3->12 fitness=      -46.9135802469->      -41.3580246914
TARGETED[332] iter=25 type=FUNCTION codonPos=108 codon=64->63 rule=0->3 fitness=      -41.3580246914->      -40.7407407407
TARGETED[332] iter=36 type=BINARY_OPERATOR codonPos=40 codon=235->236 rule=3->0 fitness=      -40.7407407407->      -28.3950617284
TARGETED[332] iter=41 type=FUNCTION codonPos=9 codon=255->254 rule=3->2 fitness=      -28.3950617284->      -27.7777777778
TARGETED[332] iter=46 type=VARIABLE codonPos=101 codon=80->81 rule=5->6 fitness=      -27.7777777778->      -25.3086419753
TARGETED[332] iter=49 type=VARIABLE codonPos=110 codon=91->96 rule=1->6 fitness=      -25.3086419753->      -14.1975308642
TARGETED[332] iter=50 type=VARIABLE codonPos=42 codon=141->135 rule=6->0 fitness=      -14.1975308642->      -11.7283950617
TARGETED[332] END fitness=      -11.7283950617 accepted=9
TARGETED[253] START fitness=      -33.9506172840
TARGETED[253] iter=2 type=UNKNOWN codonPos=29 codon=14->10 rule=4->0 fitness=      -33.9506172840->      -32.0987654321
TARGETED[253] iter=3 type=UNKNOWN codonPos=37 codon=130->131 rule=0->1 fitness=      -32.0987654321->      -31.4814814815
TARGETED[253] iter=4 type=UNKNOWN codonPos=25 codon=82->81 rule=2->1 fitness=      -31.4814814815->      -29.6296296296
TARGETED[253] iter=11 type=VARIABLE codonPos=101 codon=80->82 rule=5->7 fitness=      -29.6296296296->      -11.1111111111
TARGETED[253] iter=18 type=VARIABLE codonPos=105 codon=32->30 rule=2->0 fitness=      -11.1111111111->       -7.4074074074
TARGETED[253] END fitness=       -7.4074074074 accepted=5
TARGETED[194] START fitness=      -32.7160493827
TARGETED[194] END fitness=      -32.7160493827 accepted=0
TARGETED[350] START fitness=      -67.2839506173
TARGETED[350] iter=28 type=UNKNOWN codonPos=6 codon=93->92 rule=1->0 fitness=      -67.2839506173->      -58.6419753086
TARGETED[350] iter=29 type=BOOLEAN_OPERATOR codonPos=113 codon=168->170 rule=0->2 fitness=      -58.6419753086->      -35.1851851852
TARGETED[350] END fitness=      -35.1851851852 accepted=2
TARGETED[106] START fitness=       -8.6419753086
TARGETED[106] iter=6 type=UNKNOWN codonPos=30 codon=122->119 rule=2->9 fitness=       -8.6419753086->       -8.0246913580
TARGETED[106] iter=9 type=VARIABLE codonPos=45 codon=23->30 rule=8->0 fitness=       -8.0246913580->       -6.1728395062
TARGETED[106] END fitness=       -6.1728395062 accepted=2
TARGETED[141] START fitness=      -26.5432098765
TARGETED[141] iter=24 type=VARIABLE codonPos=104 codon=104->101 rule=14->11 fitness=      -26.5432098765->      -20.9876543210
TARGETED[141] iter=42 type=VARIABLE codonPos=101 codon=80->77 rule=5->2 fitness=      -20.9876543210->       -8.6419753086
TARGETED[141] END fitness=       -8.6419753086 accepted=2
TARGETED[60] START fitness=       -1.8518518519
TARGETED[60] iter=2 type=VARIABLE codonPos=112 codon=25->26 rule=10->11 fitness=       -1.8518518519->       -0.6172839506
TARGETED[60] END fitness=       -0.6172839506 accepted=1
TARGETED[68] START fitness=       -2.4691358025
TARGETED[68] iter=9 type=VARIABLE codonPos=101 codon=80->77 rule=5->2 fitness=       -2.4691358025->       -1.8518518519
TARGETED[68] END fitness=       -1.8518518519 accepted=1
TARGETED[391] START fitness=-100000000.0000000000
TARGETED[391] iter=5 type=VARIABLE codonPos=136 codon=138->134 rule=3->14 fitness=-100000000.0000000000->      -26.5432098765
TARGETED[391] END fitness=      -26.5432098765 accepted=1
TEST REPORT=>
CLASS[  0 (  6)] FAIL=16.67% 
CLASS[  1 (  4)] FAIL=25.00% 
CLASS[  2 (  7)] FAIL= 0.00% 
GENERATION=  950 FITNESS=   -0.6173% TEST_ERROR=     11.76%
PROGRAMS=
if(!(x9<=(x4+cos((exp(((x13-cos((-5.19)))+(-41.81)))/(-9.94))))|x7<x9|x10-x6<=cos(sin((-4.57))))) CLASS=0.00
else 
if(x6>=x10-x12|x7+x11>=x3) CLASS=1.00
else 
CLASS=2.00
** CONFUSION MATRIX ** Number of classes: 3
   5    1    0 
   0    3    1 
   0    0    7 
TEST REPORT=>
CLASS[  0 (  6)] FAIL=16.67% 
CLASS[  1 (  4)] FAIL=25.00% 
CLASS[  2 (  7)] FAIL= 0.00% 
CLASS_ERROR:   11.7647058824 PRECISION:    0.8750000000 RECALL:    0.8611111111 F1SCORE:    0.8680000000
 50:0.61728  100:0.61728  150:0.61728  200:0.61728  250:0.61728  300:0.61728  350:0.61728  400:0.61728  450:0.61728  500:0.61728 TEST REPORT=>
CLASS[  0 (  6)] FAIL=16.67% 
CLASS[  1 (  4)] FAIL=25.00% 
CLASS[  2 (  7)] FAIL= 0.00% 
GENERATION=  951 FITNESS=   -0.6173% TEST_ERROR=     11.76%
PROGRAMS=
if(!(x9<=(x4+cos((exp(((x13-cos((-5.19)))+(-41.81)))/(-9.94))))|x7<x9|x10-x6<=cos(sin((-4.57))))) CLASS=0.00
else 
if(x6>=x10-x12|x7+x11>=x3) CLASS=1.00
else 
CLASS=2.00
** CONFUSION MATRIX ** Number of classes: 3
   5    1    0 
   0    3    1 
   0    0    7 
TEST REPORT=>
CLASS[  0 (  6)] FAIL=16.67% 
CLASS[  1 (  4)] FAIL=25.00% 
CLASS[  2 (  7)] FAIL= 0.00% 
CLASS_ERROR:   11.7647058824 PRECISION:    0.8750000000 RECALL:    0.8611111111 F1SCORE:    0.8680000000
 50:0.61728  100:0.61728  150:0.61728  200:0.61728  250:0.61728  300:0.61728  350:0.61728  400:0.61728  450:0.61728  500:0.61728 TEST REPORT=>
CLASS[  0 (  6)] FAIL=16.67% 
CLASS[  1 (  4)] FAIL=25.00% 
CLASS[  2 (  7)] FAIL= 0.00% 
GENERATION=  952 FITNESS=   -0.6173% TEST_ERROR=     11.76%
PROGRAMS=
if(!(x9<=(x4+cos((exp(((x13-cos((-5.19)))+(-41.81)))/(-9.94))))|x7<x9|x10-x6<=cos(sin((-4.57))))) CLASS=0.00
else 
if(x6>=x10-x12|x7+x11>=x3) CLASS=1.00
else 
CLASS=2.00
** CONFUSION MATRIX ** Number of classes: 3
   5    1    0 
   0    3    1 
   0    0    7 
TEST REPORT=>
CLASS[  0 (  6)] FAIL=16.67% 
CLASS[  1 (  4)] FAIL=25.00% 
CLASS[  2 (  7)] FAIL= 0.00% 
CLASS_ERROR:   11.7647058824 PRECISION:    0.8750000000 RECALL:    0.8611111111 F1SCORE:    0.8680000000
 50:0.61728  100:0.61728  150:0.61728  200:0.61728  250:0.61728  300:0.61728  350:0.61728  400:0.61728  450:0.61728  500:0.61728 TEST REPORT=>
CLASS[  0 (  6)] FAIL=16.67% 
CLASS[  1 (  4)] FAIL=25.00% 
CLASS[  2 (  7)] FAIL= 0.00% 
GENERATION=  953 FITNESS=   -0.6173% TEST_ERROR=     11.76%
PROGRAMS=
if(!(x9<=(x4+cos((exp(((x13-cos((-5.19)))+(-41.81)))/(-9.94))))|x7<x9|x10-x6<=cos(sin((-4.57))))) CLASS=0.00
else 
if(x6>=x10-x12|x7+x11>=x3) CLASS=1.00
else 
CLASS=2.00
** CONFUSION MATRIX ** Number of classes: 3
   5    1    0 
   0    3    1 
   0    0    7 
TEST REPORT=>
CLASS[  0 (  6)] FAIL=16.67% 
CLASS[  1 (  4)] FAIL=25.00% 
CLASS[  2 (  7)] FAIL= 0.00% 
CLASS_ERROR:   11.7647058824 PRECISION:    0.8750000000 RECALL:    0.8611111111 F1SCORE:    0.8680000000
 50:0.61728  100:0.61728  150:0.61728  200:0.61728  250:0.61728  300:0.61728  350:0.61728  400:0.61728  450:0.61728  500:0.61728 TEST REPORT=>
CLASS[  0 (  6)] FAIL=16.67% 
CLASS[  1 (  4)] FAIL=25.00% 
CLASS[  2 (  7)] FAIL= 0.00% 
GENERATION=  954 FITNESS=   -0.6173% TEST_ERROR=     11.76%
PROGRAMS=
if(!(x9<=(x4+cos((exp(((x13-cos((-5.19)))+(-41.81)))/(-9.94))))|x7<x9|x10-x6<=cos(sin((-4.57))))) CLASS=0.00
else 
if(x6>=x10-x12|x7+x11>=x3) CLASS=1.00
else 
CLASS=2.00
** CONFUSION MATRIX ** Number of classes: 3
   5    1    0 
   0    3    1 
   0    0    7 
TEST REPORT=>
CLASS[  0 (  6)] FAIL=16.67% 
CLASS[  1 (  4)] FAIL=25.00% 
CLASS[  2 (  7)] FAIL= 0.00% 
CLASS_ERROR:   11.7647058824 PRECISION:    0.8750000000 RECALL:    0.8611111111 F1SCORE:    0.8680000000
 50:0.61728  100:0.61728  150:0.61728  200:0.61728  250:0.61728  300:0.61728  350:0.61728  400:0.61728  450:0.61728  500:0.61728 
TARGETED STAGNATION BURST generation=955 stagnation=20
TARGETED_BEST[0] START fitness=-0.6172839506
TARGETED_BEST[0] END fitness=-0.6172839506 accepted=0
TARGETED_BEST[1] START fitness=-0.6172839506
TARGETED_BEST[1] END fitness=-0.6172839506 accepted=0
TARGETED_BEST[2] START fitness=-0.6172839506
TARGETED_BEST[2] END fitness=-0.6172839506 accepted=0
TARGETED_BEST[3] START fitness=-0.6172839506
TARGETED_BEST[3] END fitness=-0.6172839506 accepted=0
TARGETED_BEST[4] START fitness=-0.6172839506
TARGETED_BEST[4] END fitness=-0.6172839506 accepted=0
TARGETED_BEST[5] START fitness=-0.6172839506
TARGETED_BEST[5] END fitness=-0.6172839506 accepted=0
TARGETED_BEST[6] START fitness=-0.6172839506
TARGETED_BEST[6] END fitness=-0.6172839506 accepted=0
TARGETED_BEST[7] START fitness=-0.6172839506
TARGETED_BEST[7] END fitness=-0.6172839506 accepted=0
TARGETED_BEST[8] START fitness=-0.6172839506
TARGETED_BEST[8] END fitness=-0.6172839506 accepted=0
TARGETED_BEST[9] START fitness=-0.6172839506
TARGETED_BEST[9] END fitness=-0.6172839506 accepted=0
TARGETED_BEST[10] START fitness=-0.6172839506
TARGETED_BEST[10] END fitness=-0.6172839506 accepted=0
TARGETED_BEST[11] START fitness=-0.6172839506
TARGETED_BEST[11] END fitness=-0.6172839506 accepted=0
TARGETED_BEST[12] START fitness=-0.6172839506
TARGETED_BEST[12] END fitness=-0.6172839506 accepted=0
TARGETED_BEST[13] START fitness=-0.6172839506
TARGETED_BEST[13] END fitness=-0.6172839506 accepted=0
TARGETED_BEST[14] START fitness=-0.6172839506
TARGETED_BEST[14] END fitness=-0.6172839506 accepted=0
TARGETED_BEST[15] START fitness=-0.6172839506
TARGETED_BEST[15] END fitness=-0.6172839506 accepted=0
TARGETED_BEST[16] START fitness=-0.6172839506
TARGETED_BEST[16] END fitness=-0.6172839506 accepted=0
TARGETED_BEST[17] START fitness=-0.6172839506
TARGETED_BEST[17] END fitness=-0.6172839506 accepted=0
TARGETED_BEST[18] START fitness=-0.6172839506
TARGETED_BEST[18] END fitness=-0.6172839506 accepted=0
TARGETED_BEST[19] START fitness=-0.6172839506
TARGETED_BEST[19] END fitness=-0.6172839506 accepted=0
TEST REPORT=>
CLASS[  0 (  6)] FAIL=16.67% 
CLASS[  1 (  4)] FAIL=25.00% 
CLASS[  2 (  7)] FAIL= 0.00% 
GENERATION=  955 FITNESS=   -0.6173% TEST_ERROR=     11.76%
PROGRAMS=
if(!(x9<=(x4+cos((exp(((x13-cos((-5.19)))+(-41.81)))/(-9.94))))|x7<x9|x10-x6<=cos(sin((-4.57))))) CLASS=0.00
else 
if(x6>=x10-x12|x7+x11>=x3) CLASS=1.00
else 
CLASS=2.00
** CONFUSION MATRIX ** Number of classes: 3
   5    1    0 
   0    3    1 
   0    0    7 
TEST REPORT=>
CLASS[  0 (  6)] FAIL=16.67% 
CLASS[  1 (  4)] FAIL=25.00% 
CLASS[  2 (  7)] FAIL= 0.00% 
CLASS_ERROR:   11.7647058824 PRECISION:    0.8750000000 RECALL:    0.8611111111 F1SCORE:    0.8680000000
 50:0.61728  100:0.61728  150:0.61728  200:0.61728  250:0.61728  300:0.61728  350:0.61728  400:0.61728  450:0.61728  500:0.61728 TEST REPORT=>
CLASS[  0 (  6)] FAIL=16.67% 
CLASS[  1 (  4)] FAIL=25.00% 
CLASS[  2 (  7)] FAIL= 0.00% 
GENERATION=  956 FITNESS=   -0.6173% TEST_ERROR=     11.76%
PROGRAMS=
if(!(x9<=(x4+cos((exp(((x13-cos((-5.19)))+(-41.81)))/(-9.94))))|x7<x9|x10-x6<=cos(sin((-4.57))))) CLASS=0.00
else 
if(x6>=x10-x12|x7+x11>=x3) CLASS=1.00
else 
CLASS=2.00
** CONFUSION MATRIX ** Number of classes: 3
   5    1    0 
   0    3    1 
   0    0    7 
TEST REPORT=>
CLASS[  0 (  6)] FAIL=16.67% 
CLASS[  1 (  4)] FAIL=25.00% 
CLASS[  2 (  7)] FAIL= 0.00% 
CLASS_ERROR:   11.7647058824 PRECISION:    0.8750000000 RECALL:    0.8611111111 F1SCORE:    0.8680000000
 50:0.61728  100:0.61728  150:0.61728  200:0.61728  250:0.61728  300:0.61728  350:0.61728  400:0.61728  450:0.61728  500:0.61728 TEST REPORT=>
CLASS[  0 (  6)] FAIL=16.67% 
CLASS[  1 (  4)] FAIL=25.00% 
CLASS[  2 (  7)] FAIL= 0.00% 
GENERATION=  957 FITNESS=   -0.6173% TEST_ERROR=     11.76%
PROGRAMS=
if(!(x9<=(x4+cos((exp(((x13-cos((-5.19)))+(-41.81)))/(-9.94))))|x7<x9|x10-x6<=cos(sin((-4.57))))) CLASS=0.00
else 
if(x6>=x10-x12|x7+x11>=x3) CLASS=1.00
else 
CLASS=2.00
** CONFUSION MATRIX ** Number of classes: 3
   5    1    0 
   0    3    1 
   0    0    7 
TEST REPORT=>
CLASS[  0 (  6)] FAIL=16.67% 
CLASS[  1 (  4)] FAIL=25.00% 
CLASS[  2 (  7)] FAIL= 0.00% 
CLASS_ERROR:   11.7647058824 PRECISION:    0.8750000000 RECALL:    0.8611111111 F1SCORE:    0.8680000000
 50:0.61728  100:0.61728  150:0.61728  200:0.61728  250:0.61728  300:0.61728  350:0.61728  400:0.61728  450:0.61728  500:0.61728 TEST REPORT=>
CLASS[  0 (  6)] FAIL=16.67% 
CLASS[  1 (  4)] FAIL=25.00% 
CLASS[  2 (  7)] FAIL= 0.00% 
GENERATION=  958 FITNESS=   -0.6173% TEST_ERROR=     11.76%
PROGRAMS=
if(!(x9<=(x4+cos((exp(((x13-cos((-5.19)))+(-41.81)))/(-9.94))))|x7<x9|x10-x6<=cos(sin((-4.57))))) CLASS=0.00
else 
if(x6>=x10-x12|x7+x11>=x3) CLASS=1.00
else 
CLASS=2.00
** CONFUSION MATRIX ** Number of classes: 3
   5    1    0 
   0    3    1 
   0    0    7 
TEST REPORT=>
CLASS[  0 (  6)] FAIL=16.67% 
CLASS[  1 (  4)] FAIL=25.00% 
CLASS[  2 (  7)] FAIL= 0.00% 
CLASS_ERROR:   11.7647058824 PRECISION:    0.8750000000 RECALL:    0.8611111111 F1SCORE:    0.8680000000
 50:0.61728  100:0.61728  150:0.61728  200:0.61728  250:0.61728  300:0.61728  350:0.61728  400:0.61728  450:0.61728  500:0.61728 TEST REPORT=>
CLASS[  0 (  6)] FAIL=16.67% 
CLASS[  1 (  4)] FAIL=25.00% 
CLASS[  2 (  7)] FAIL= 0.00% 
GENERATION=  959 FITNESS=   -0.6173% TEST_ERROR=     11.76%
PROGRAMS=
if(!(x9<=(x4+cos((exp(((x13-cos((-5.19)))+(-41.81)))/(-9.94))))|x7<x9|x10-x6<=cos(sin((-4.57))))) CLASS=0.00
else 
if(x6>=x10-x12|x7+x11>=x3) CLASS=1.00
else 
CLASS=2.00
** CONFUSION MATRIX ** Number of classes: 3
   5    1    0 
   0    3    1 
   0    0    7 
TEST REPORT=>
CLASS[  0 (  6)] FAIL=16.67% 
CLASS[  1 (  4)] FAIL=25.00% 
CLASS[  2 (  7)] FAIL= 0.00% 
CLASS_ERROR:   11.7647058824 PRECISION:    0.8750000000 RECALL:    0.8611111111 F1SCORE:    0.8680000000
 50:0.61728  100:0.61728  150:0.61728  200:0.61728  250:0.61728  300:0.61728  350:0.61728  400:0.61728  450:0.61728  500:0.61728 TEST REPORT=>
CLASS[  0 (  6)] FAIL=16.67% 
CLASS[  1 (  4)] FAIL=25.00% 
CLASS[  2 (  7)] FAIL= 0.00% 
GENERATION=  960 FITNESS=   -0.6173% TEST_ERROR=     11.76%
PROGRAMS=
if(!(x9<=(x4+cos((exp(((x13-cos((-5.19)))+(-41.81)))/(-9.94))))|x7<x9|x10-x6<=cos(sin((-4.57))))) CLASS=0.00
else 
if(x6>=x10-x12|x7+x11>=x3) CLASS=1.00
else 
CLASS=2.00
** CONFUSION MATRIX ** Number of classes: 3
   5    1    0 
   0    3    1 
   0    0    7 
TEST REPORT=>
CLASS[  0 (  6)] FAIL=16.67% 
CLASS[  1 (  4)] FAIL=25.00% 
CLASS[  2 (  7)] FAIL= 0.00% 
CLASS_ERROR:   11.7647058824 PRECISION:    0.8750000000 RECALL:    0.8611111111 F1SCORE:    0.8680000000
 50:0.61728  100:0.61728  150:0.61728  200:0.61728  250:0.61728  300:0.61728  350:0.61728  400:0.61728  450:0.61728  500:0.61728 TEST REPORT=>
CLASS[  0 (  6)] FAIL=16.67% 
CLASS[  1 (  4)] FAIL=25.00% 
CLASS[  2 (  7)] FAIL= 0.00% 
GENERATION=  961 FITNESS=   -0.6173% TEST_ERROR=     11.76%
PROGRAMS=
if(!(x9<=(x4+cos((exp(((x13-cos((-5.19)))+(-41.81)))/(-9.94))))|x7<x9|x10-x6<=cos(sin((-4.57))))) CLASS=0.00
else 
if(x6>=x10-x12|x7+x11>=x3) CLASS=1.00
else 
CLASS=2.00
** CONFUSION MATRIX ** Number of classes: 3
   5    1    0 
   0    3    1 
   0    0    7 
TEST REPORT=>
CLASS[  0 (  6)] FAIL=16.67% 
CLASS[  1 (  4)] FAIL=25.00% 
CLASS[  2 (  7)] FAIL= 0.00% 
CLASS_ERROR:   11.7647058824 PRECISION:    0.8750000000 RECALL:    0.8611111111 F1SCORE:    0.8680000000
 50:0.61728  100:0.61728  150:0.61728  200:0.61728  250:0.61728  300:0.61728  350:0.61728  400:0.61728  450:0.61728  500:0.61728 TEST REPORT=>
CLASS[  0 (  6)] FAIL=16.67% 
CLASS[  1 (  4)] FAIL=25.00% 
CLASS[  2 (  7)] FAIL= 0.00% 
GENERATION=  962 FITNESS=   -0.6173% TEST_ERROR=     11.76%
PROGRAMS=
if(!(x9<=(x4+cos((exp(((x13-cos((-5.19)))+(-41.81)))/(-9.94))))|x7<x9|x10-x6<=cos(sin((-4.57))))) CLASS=0.00
else 
if(x6>=x10-x12|x7+x11>=x3) CLASS=1.00
else 
CLASS=2.00
** CONFUSION MATRIX ** Number of classes: 3
   5    1    0 
   0    3    1 
   0    0    7 
TEST REPORT=>
CLASS[  0 (  6)] FAIL=16.67% 
CLASS[  1 (  4)] FAIL=25.00% 
CLASS[  2 (  7)] FAIL= 0.00% 
CLASS_ERROR:   11.7647058824 PRECISION:    0.8750000000 RECALL:    0.8611111111 F1SCORE:    0.8680000000
 50:0.61728  100:0.61728  150:0.61728  200:0.61728  250:0.61728  300:0.61728  350:0.61728  400:0.61728  450:0.61728  500:0.61728 TEST REPORT=>
CLASS[  0 (  6)] FAIL=16.67% 
CLASS[  1 (  4)] FAIL=25.00% 
CLASS[  2 (  7)] FAIL= 0.00% 
GENERATION=  963 FITNESS=   -0.6173% TEST_ERROR=     11.76%
PROGRAMS=
if(!(x9<=(x4+cos((exp(((x13-cos((-5.19)))+(-41.81)))/(-9.94))))|x7<x9|x10-x6<=cos(sin((-4.57))))) CLASS=0.00
else 
if(x6>=x10-x12|x7+x11>=x3) CLASS=1.00
else 
CLASS=2.00
** CONFUSION MATRIX ** Number of classes: 3
   5    1    0 
   0    3    1 
   0    0    7 
TEST REPORT=>
CLASS[  0 (  6)] FAIL=16.67% 
CLASS[  1 (  4)] FAIL=25.00% 
CLASS[  2 (  7)] FAIL= 0.00% 
CLASS_ERROR:   11.7647058824 PRECISION:    0.8750000000 RECALL:    0.8611111111 F1SCORE:    0.8680000000
 50:0.61728  100:0.61728  150:0.61728  200:0.61728  250:0.61728  300:0.61728  350:0.61728  400:0.61728  450:0.61728  500:0.61728 TEST REPORT=>
CLASS[  0 (  6)] FAIL=16.67% 
CLASS[  1 (  4)] FAIL=25.00% 
CLASS[  2 (  7)] FAIL= 0.00% 
GENERATION=  964 FITNESS=   -0.6173% TEST_ERROR=     11.76%
PROGRAMS=
if(!(x9<=(x4+cos((exp(((x13-cos((-5.19)))+(-41.81)))/(-9.94))))|x7<x9|x10-x6<=cos(sin((-4.57))))) CLASS=0.00
else 
if(x6>=x10-x12|x7+x11>=x3) CLASS=1.00
else 
CLASS=2.00
** CONFUSION MATRIX ** Number of classes: 3
   5    1    0 
   0    3    1 
   0    0    7 
TEST REPORT=>
CLASS[  0 (  6)] FAIL=16.67% 
CLASS[  1 (  4)] FAIL=25.00% 
CLASS[  2 (  7)] FAIL= 0.00% 
CLASS_ERROR:   11.7647058824 PRECISION:    0.8750000000 RECALL:    0.8611111111 F1SCORE:    0.8680000000
 50:0.61728  100:0.61728  150:0.61728  200:0.61728  250:0.61728  300:0.61728  350:0.61728  400:0.61728  450:0.61728  500:0.61728 TEST REPORT=>
CLASS[  0 (  6)] FAIL=16.67% 
CLASS[  1 (  4)] FAIL=25.00% 
CLASS[  2 (  7)] FAIL= 0.00% 
GENERATION=  965 FITNESS=   -0.6173% TEST_ERROR=     11.76%
PROGRAMS=
if(!(x9<=(x4+cos((exp(((x13-cos((-5.19)))+(-41.81)))/(-9.94))))|x7<x9|x10-x6<=cos(sin((-4.57))))) CLASS=0.00
else 
if(x6>=x10-x12|x7+x11>=x3) CLASS=1.00
else 
CLASS=2.00
** CONFUSION MATRIX ** Number of classes: 3
   5    1    0 
   0    3    1 
   0    0    7 
TEST REPORT=>
CLASS[  0 (  6)] FAIL=16.67% 
CLASS[  1 (  4)] FAIL=25.00% 
CLASS[  2 (  7)] FAIL= 0.00% 
CLASS_ERROR:   11.7647058824 PRECISION:    0.8750000000 RECALL:    0.8611111111 F1SCORE:    0.8680000000
 50:0.61728  100:0.61728  150:0.61728  200:0.61728  250:0.61728  300:0.61728  350:0.61728  400:0.61728  450:0.61728  500:0.61728 TEST REPORT=>
CLASS[  0 (  6)] FAIL=16.67% 
CLASS[  1 (  4)] FAIL=25.00% 
CLASS[  2 (  7)] FAIL= 0.00% 
GENERATION=  966 FITNESS=   -0.6173% TEST_ERROR=     11.76%
PROGRAMS=
if(!(x9<=(x4+cos((exp(((x13-cos((-5.19)))+(-41.81)))/(-9.94))))|x7<x9|x10-x6<=cos(sin((-4.57))))) CLASS=0.00
else 
if(x6>=x10-x12|x7+x11>=x3) CLASS=1.00
else 
CLASS=2.00
** CONFUSION MATRIX ** Number of classes: 3
   5    1    0 
   0    3    1 
   0    0    7 
TEST REPORT=>
CLASS[  0 (  6)] FAIL=16.67% 
CLASS[  1 (  4)] FAIL=25.00% 
CLASS[  2 (  7)] FAIL= 0.00% 
CLASS_ERROR:   11.7647058824 PRECISION:    0.8750000000 RECALL:    0.8611111111 F1SCORE:    0.8680000000
 50:0.61728  100:0.61728  150:0.61728  200:0.61728  250:0.61728  300:0.61728  350:0.61728  400:0.61728  450:0.61728  500:0.61728 TEST REPORT=>
CLASS[  0 (  6)] FAIL=16.67% 
CLASS[  1 (  4)] FAIL=25.00% 
CLASS[  2 (  7)] FAIL= 0.00% 
GENERATION=  967 FITNESS=   -0.6173% TEST_ERROR=     11.76%
PROGRAMS=
if(!(x9<=(x4+cos((exp(((x13-cos((-5.19)))+(-41.81)))/(-9.94))))|x7<x9|x10-x6<=cos(sin((-4.57))))) CLASS=0.00
else 
if(x6>=x10-x12|x7+x11>=x3) CLASS=1.00
else 
CLASS=2.00
** CONFUSION MATRIX ** Number of classes: 3
   5    1    0 
   0    3    1 
   0    0    7 
TEST REPORT=>
CLASS[  0 (  6)] FAIL=16.67% 
CLASS[  1 (  4)] FAIL=25.00% 
CLASS[  2 (  7)] FAIL= 0.00% 
CLASS_ERROR:   11.7647058824 PRECISION:    0.8750000000 RECALL:    0.8611111111 F1SCORE:    0.8680000000
 50:0.61728  100:0.61728  150:0.61728  200:0.61728  250:0.61728  300:0.61728  350:0.61728  400:0.61728  450:0.61728  500:0.61728 TEST REPORT=>
CLASS[  0 (  6)] FAIL=16.67% 
CLASS[  1 (  4)] FAIL=25.00% 
CLASS[  2 (  7)] FAIL= 0.00% 
GENERATION=  968 FITNESS=   -0.6173% TEST_ERROR=     11.76%
PROGRAMS=
if(!(x9<=(x4+cos((exp(((x13-cos((-5.19)))+(-41.81)))/(-9.94))))|x7<x9|x10-x6<=cos(sin((-4.57))))) CLASS=0.00
else 
if(x6>=x10-x12|x7+x11>=x3) CLASS=1.00
else 
CLASS=2.00
** CONFUSION MATRIX ** Number of classes: 3
   5    1    0 
   0    3    1 
   0    0    7 
TEST REPORT=>
CLASS[  0 (  6)] FAIL=16.67% 
CLASS[  1 (  4)] FAIL=25.00% 
CLASS[  2 (  7)] FAIL= 0.00% 
CLASS_ERROR:   11.7647058824 PRECISION:    0.8750000000 RECALL:    0.8611111111 F1SCORE:    0.8680000000
 50:0.61728  100:0.61728  150:0.61728  200:0.61728  250:0.61728  300:0.61728  350:0.61728  400:0.61728  450:0.61728  500:0.61728 TEST REPORT=>
CLASS[  0 (  6)] FAIL=16.67% 
CLASS[  1 (  4)] FAIL=25.00% 
CLASS[  2 (  7)] FAIL= 0.00% 
GENERATION=  969 FITNESS=   -0.6173% TEST_ERROR=     11.76%
PROGRAMS=
if(!(x9<=(x4+cos((exp(((x13-cos((-5.19)))+(-41.81)))/(-9.94))))|x7<x9|x10-x6<=cos(sin((-4.57))))) CLASS=0.00
else 
if(x6>=x10-x12|x7+x11>=x3) CLASS=1.00
else 
CLASS=2.00
** CONFUSION MATRIX ** Number of classes: 3
   5    1    0 
   0    3    1 
   0    0    7 
TEST REPORT=>
CLASS[  0 (  6)] FAIL=16.67% 
CLASS[  1 (  4)] FAIL=25.00% 
CLASS[  2 (  7)] FAIL= 0.00% 
CLASS_ERROR:   11.7647058824 PRECISION:    0.8750000000 RECALL:    0.8611111111 F1SCORE:    0.8680000000
 50:0.61728  100:0.61728  150:0.61728  200:0.61728  250:0.61728  300:0.61728  350:0.61728  400:0.61728  450:0.61728  500:0.61728 TEST REPORT=>
CLASS[  0 (  6)] FAIL=16.67% 
CLASS[  1 (  4)] FAIL=25.00% 
CLASS[  2 (  7)] FAIL= 0.00% 
GENERATION=  970 FITNESS=   -0.6173% TEST_ERROR=     11.76%
PROGRAMS=
if(!(x9<=(x4+cos((exp(((x13-cos((-5.19)))+(-41.81)))/(-9.94))))|x7<x9|x10-x6<=cos(sin((-4.57))))) CLASS=0.00
else 
if(x6>=x10-x12|x7+x11>=x3) CLASS=1.00
else 
CLASS=2.00
** CONFUSION MATRIX ** Number of classes: 3
   5    1    0 
   0    3    1 
   0    0    7 
TEST REPORT=>
CLASS[  0 (  6)] FAIL=16.67% 
CLASS[  1 (  4)] FAIL=25.00% 
CLASS[  2 (  7)] FAIL= 0.00% 
CLASS_ERROR:   11.7647058824 PRECISION:    0.8750000000 RECALL:    0.8611111111 F1SCORE:    0.8680000000
 50:0.61728  100:0.61728  150:0.61728  200:0.61728  250:0.61728  300:0.61728  350:0.61728  400:0.61728  450:0.61728  500:0.61728 TEST REPORT=>
CLASS[  0 (  6)] FAIL=16.67% 
CLASS[  1 (  4)] FAIL=25.00% 
CLASS[  2 (  7)] FAIL= 0.00% 
GENERATION=  971 FITNESS=   -0.6173% TEST_ERROR=     11.76%
PROGRAMS=
if(!(x9<=(x4+cos((exp(((x13-cos((-5.19)))+(-41.81)))/(-9.94))))|x7<x9|x10-x6<=cos(sin((-4.57))))) CLASS=0.00
else 
if(x6>=x10-x12|x7+x11>=x3) CLASS=1.00
else 
CLASS=2.00
** CONFUSION MATRIX ** Number of classes: 3
   5    1    0 
   0    3    1 
   0    0    7 
TEST REPORT=>
CLASS[  0 (  6)] FAIL=16.67% 
CLASS[  1 (  4)] FAIL=25.00% 
CLASS[  2 (  7)] FAIL= 0.00% 
CLASS_ERROR:   11.7647058824 PRECISION:    0.8750000000 RECALL:    0.8611111111 F1SCORE:    0.8680000000
 50:0.61728  100:0.61728  150:0.61728  200:0.61728  250:0.61728  300:0.61728  350:0.61728  400:0.61728  450:0.61728  500:0.61728 TEST REPORT=>
CLASS[  0 (  6)] FAIL=16.67% 
CLASS[  1 (  4)] FAIL=25.00% 
CLASS[  2 (  7)] FAIL= 0.00% 
GENERATION=  972 FITNESS=   -0.6173% TEST_ERROR=     11.76%
PROGRAMS=
if(!(x9<=(x4+cos((exp(((x13-cos((-5.19)))+(-41.81)))/(-9.94))))|x7<x9|x10-x6<=cos(sin((-4.57))))) CLASS=0.00
else 
if(x6>=x10-x12|x7+x11>=x3) CLASS=1.00
else 
CLASS=2.00
** CONFUSION MATRIX ** Number of classes: 3
   5    1    0 
   0    3    1 
   0    0    7 
TEST REPORT=>
CLASS[  0 (  6)] FAIL=16.67% 
CLASS[  1 (  4)] FAIL=25.00% 
CLASS[  2 (  7)] FAIL= 0.00% 
CLASS_ERROR:   11.7647058824 PRECISION:    0.8750000000 RECALL:    0.8611111111 F1SCORE:    0.8680000000
 50:0.61728  100:0.61728  150:0.61728  200:0.61728  250:0.61728  300:0.61728  350:0.61728  400:0.61728  450:0.61728  500:0.61728 TEST REPORT=>
CLASS[  0 (  6)] FAIL=16.67% 
CLASS[  1 (  4)] FAIL=25.00% 
CLASS[  2 (  7)] FAIL= 0.00% 
GENERATION=  973 FITNESS=   -0.6173% TEST_ERROR=     11.76%
PROGRAMS=
if(!(x9<=(x4+cos((exp(((x13-cos((-5.19)))+(-41.81)))/(-9.94))))|x7<x9|x10-x6<=cos(sin((-4.57))))) CLASS=0.00
else 
if(x6>=x10-x12|x7+x11>=x3) CLASS=1.00
else 
CLASS=2.00
** CONFUSION MATRIX ** Number of classes: 3
   5    1    0 
   0    3    1 
   0    0    7 
TEST REPORT=>
CLASS[  0 (  6)] FAIL=16.67% 
CLASS[  1 (  4)] FAIL=25.00% 
CLASS[  2 (  7)] FAIL= 0.00% 
CLASS_ERROR:   11.7647058824 PRECISION:    0.8750000000 RECALL:    0.8611111111 F1SCORE:    0.8680000000
 50:0.61728  100:0.61728  150:0.61728  200:0.61728  250:0.61728  300:0.61728  350:0.61728  400:0.61728  450:0.61728  500:0.61728 TEST REPORT=>
CLASS[  0 (  6)] FAIL=16.67% 
CLASS[  1 (  4)] FAIL=25.00% 
CLASS[  2 (  7)] FAIL= 0.00% 
GENERATION=  974 FITNESS=   -0.6173% TEST_ERROR=     11.76%
PROGRAMS=
if(!(x9<=(x4+cos((exp(((x13-cos((-5.19)))+(-41.81)))/(-9.94))))|x7<x9|x10-x6<=cos(sin((-4.57))))) CLASS=0.00
else 
if(x6>=x10-x12|x7+x11>=x3) CLASS=1.00
else 
CLASS=2.00
** CONFUSION MATRIX ** Number of classes: 3
   5    1    0 
   0    3    1 
   0    0    7 
TEST REPORT=>
CLASS[  0 (  6)] FAIL=16.67% 
CLASS[  1 (  4)] FAIL=25.00% 
CLASS[  2 (  7)] FAIL= 0.00% 
CLASS_ERROR:   11.7647058824 PRECISION:    0.8750000000 RECALL:    0.8611111111 F1SCORE:    0.8680000000
 50:0.61728  100:0.61728  150:0.61728  200:0.61728  250:0.61728  300:0.61728  350:0.61728  400:0.61728  450:0.61728  500:0.61728 
TARGETED STAGNATION BURST generation=975 stagnation=20
TARGETED_BEST[0] START fitness=-0.6172839506
TARGETED_BEST[0] END fitness=-0.6172839506 accepted=0
TARGETED_BEST[1] START fitness=-0.6172839506
TARGETED_BEST[1] END fitness=-0.6172839506 accepted=0
TARGETED_BEST[2] START fitness=-0.6172839506
TARGETED_BEST[2] END fitness=-0.6172839506 accepted=0
TARGETED_BEST[3] START fitness=-0.6172839506
TARGETED_BEST[3] END fitness=-0.6172839506 accepted=0
TARGETED_BEST[4] START fitness=-0.6172839506
TARGETED_BEST[4] END fitness=-0.6172839506 accepted=0
TARGETED_BEST[5] START fitness=-0.6172839506
TARGETED_BEST[5] END fitness=-0.6172839506 accepted=0
TARGETED_BEST[6] START fitness=-0.6172839506
TARGETED_BEST[6] END fitness=-0.6172839506 accepted=0
TARGETED_BEST[7] START fitness=-0.6172839506
TARGETED_BEST[7] END fitness=-0.6172839506 accepted=0
TARGETED_BEST[8] START fitness=-0.6172839506
TARGETED_BEST[8] END fitness=-0.6172839506 accepted=0
TARGETED_BEST[9] START fitness=-0.6172839506
TARGETED_BEST[9] END fitness=-0.6172839506 accepted=0
TARGETED_BEST[10] START fitness=-0.6172839506
TARGETED_BEST[10] END fitness=-0.6172839506 accepted=0
TARGETED_BEST[11] START fitness=-0.6172839506
TARGETED_BEST[11] END fitness=-0.6172839506 accepted=0
TARGETED_BEST[12] START fitness=-0.6172839506
TARGETED_BEST[12] END fitness=-0.6172839506 accepted=0
TARGETED_BEST[13] START fitness=-0.6172839506
TARGETED_BEST[13] END fitness=-0.6172839506 accepted=0
TARGETED_BEST[14] START fitness=-0.6172839506
TARGETED_BEST[14] END fitness=-0.6172839506 accepted=0
TARGETED_BEST[15] START fitness=-0.6172839506
TARGETED_BEST[15] END fitness=-0.6172839506 accepted=0
TARGETED_BEST[16] START fitness=-0.6172839506
TARGETED_BEST[16] END fitness=-0.6172839506 accepted=0
TARGETED_BEST[17] START fitness=-0.6172839506
TARGETED_BEST[17] END fitness=-0.6172839506 accepted=0
TARGETED_BEST[18] START fitness=-0.6172839506
TARGETED_BEST[18] END fitness=-0.6172839506 accepted=0
TARGETED_BEST[19] START fitness=-0.6172839506
TARGETED_BEST[19] END fitness=-0.6172839506 accepted=0
TEST REPORT=>
CLASS[  0 (  6)] FAIL=16.67% 
CLASS[  1 (  4)] FAIL=25.00% 
CLASS[  2 (  7)] FAIL= 0.00% 
GENERATION=  975 FITNESS=   -0.6173% TEST_ERROR=     11.76%
PROGRAMS=
if(!(x9<=(x4+cos((exp(((x13-cos((-5.19)))+(-41.81)))/(-9.94))))|x7<x9|x10-x6<=cos(sin((-4.57))))) CLASS=0.00
else 
if(x6>=x10-x12|x7+x11>=x3) CLASS=1.00
else 
CLASS=2.00
** CONFUSION MATRIX ** Number of classes: 3
   5    1    0 
   0    3    1 
   0    0    7 
TEST REPORT=>
CLASS[  0 (  6)] FAIL=16.67% 
CLASS[  1 (  4)] FAIL=25.00% 
CLASS[  2 (  7)] FAIL= 0.00% 
CLASS_ERROR:   11.7647058824 PRECISION:    0.8750000000 RECALL:    0.8611111111 F1SCORE:    0.8680000000
 50:0.61728  100:0.61728  150:0.61728  200:0.61728  250:0.61728  300:0.61728  350:0.61728  400:0.61728  450:0.61728  500:0.61728 TEST REPORT=>
CLASS[  0 (  6)] FAIL=16.67% 
CLASS[  1 (  4)] FAIL=25.00% 
CLASS[  2 (  7)] FAIL= 0.00% 
GENERATION=  976 FITNESS=   -0.6173% TEST_ERROR=     11.76%
PROGRAMS=
if(!(x9<=(x4+cos((exp(((x13-cos((-5.19)))+(-41.81)))/(-9.94))))|x7<x9|x10-x6<=cos(sin((-4.57))))) CLASS=0.00
else 
if(x6>=x10-x12|x7+x11>=x3) CLASS=1.00
else 
CLASS=2.00
** CONFUSION MATRIX ** Number of classes: 3
   5    1    0 
   0    3    1 
   0    0    7 
TEST REPORT=>
CLASS[  0 (  6)] FAIL=16.67% 
CLASS[  1 (  4)] FAIL=25.00% 
CLASS[  2 (  7)] FAIL= 0.00% 
CLASS_ERROR:   11.7647058824 PRECISION:    0.8750000000 RECALL:    0.8611111111 F1SCORE:    0.8680000000
 50:0.61728  100:0.61728  150:0.61728  200:0.61728  250:0.61728  300:0.61728  350:0.61728  400:0.61728  450:0.61728  500:0.61728 TEST REPORT=>
CLASS[  0 (  6)] FAIL=16.67% 
CLASS[  1 (  4)] FAIL=25.00% 
CLASS[  2 (  7)] FAIL= 0.00% 
GENERATION=  977 FITNESS=   -0.6173% TEST_ERROR=     11.76%
PROGRAMS=
if(!(x9<=(x4+cos((exp(((x13-cos((-5.19)))+(-41.81)))/(-9.94))))|x7<x9|x10-x6<=cos(sin((-4.57))))) CLASS=0.00
else 
if(x6>=x10-x12|x7+x11>=x3) CLASS=1.00
else 
CLASS=2.00
** CONFUSION MATRIX ** Number of classes: 3
   5    1    0 
   0    3    1 
   0    0    7 
TEST REPORT=>
CLASS[  0 (  6)] FAIL=16.67% 
CLASS[  1 (  4)] FAIL=25.00% 
CLASS[  2 (  7)] FAIL= 0.00% 
CLASS_ERROR:   11.7647058824 PRECISION:    0.8750000000 RECALL:    0.8611111111 F1SCORE:    0.8680000000
 50:0.61728  100:0.61728  150:0.61728  200:0.61728  250:0.61728  300:0.61728  350:0.61728  400:0.61728  450:0.61728  500:0.61728 TEST REPORT=>
CLASS[  0 (  6)] FAIL=16.67% 
CLASS[  1 (  4)] FAIL=25.00% 
CLASS[  2 (  7)] FAIL= 0.00% 
GENERATION=  978 FITNESS=   -0.6173% TEST_ERROR=     11.76%
PROGRAMS=
if(!(x9<=(x4+cos((exp(((x13-cos((-5.19)))+(-41.81)))/(-9.94))))|x7<x9|x10-x6<=cos(sin((-4.57))))) CLASS=0.00
else 
if(x6>=x10-x12|x7+x11>=x3) CLASS=1.00
else 
CLASS=2.00
** CONFUSION MATRIX ** Number of classes: 3
   5    1    0 
   0    3    1 
   0    0    7 
TEST REPORT=>
CLASS[  0 (  6)] FAIL=16.67% 
CLASS[  1 (  4)] FAIL=25.00% 
CLASS[  2 (  7)] FAIL= 0.00% 
CLASS_ERROR:   11.7647058824 PRECISION:    0.8750000000 RECALL:    0.8611111111 F1SCORE:    0.8680000000
 50:0.61728  100:0.61728  150:0.61728  200:0.61728  250:0.61728  300:0.61728  350:0.61728  400:0.61728  450:0.61728  500:0.61728 TEST REPORT=>
CLASS[  0 (  6)] FAIL=16.67% 
CLASS[  1 (  4)] FAIL=25.00% 
CLASS[  2 (  7)] FAIL= 0.00% 
GENERATION=  979 FITNESS=   -0.6173% TEST_ERROR=     11.76%
PROGRAMS=
if(!(x9<=(x4+cos((exp(((x13-cos((-5.19)))+(-41.81)))/(-9.94))))|x7<x9|x10-x6<=cos(sin((-4.57))))) CLASS=0.00
else 
if(x6>=x10-x12|x7+x11>=x3) CLASS=1.00
else 
CLASS=2.00
** CONFUSION MATRIX ** Number of classes: 3
   5    1    0 
   0    3    1 
   0    0    7 
TEST REPORT=>
CLASS[  0 (  6)] FAIL=16.67% 
CLASS[  1 (  4)] FAIL=25.00% 
CLASS[  2 (  7)] FAIL= 0.00% 
CLASS_ERROR:   11.7647058824 PRECISION:    0.8750000000 RECALL:    0.8611111111 F1SCORE:    0.8680000000
 50:0.61728  100:0.61728  150:0.61728  200:0.61728  250:0.61728  300:0.61728  350:0.61728  400:0.61728  450:0.61728  500:0.61728 TEST REPORT=>
CLASS[  0 (  6)] FAIL=16.67% 
CLASS[  1 (  4)] FAIL=25.00% 
CLASS[  2 (  7)] FAIL= 0.00% 
GENERATION=  980 FITNESS=   -0.6173% TEST_ERROR=     11.76%
PROGRAMS=
if(!(x9<=(x4+cos((exp(((x13-cos((-5.19)))+(-41.81)))/(-9.94))))|x7<x9|x10-x6<=cos(sin((-4.57))))) CLASS=0.00
else 
if(x6>=x10-x12|x7+x11>=x3) CLASS=1.00
else 
CLASS=2.00
** CONFUSION MATRIX ** Number of classes: 3
   5    1    0 
   0    3    1 
   0    0    7 
TEST REPORT=>
CLASS[  0 (  6)] FAIL=16.67% 
CLASS[  1 (  4)] FAIL=25.00% 
CLASS[  2 (  7)] FAIL= 0.00% 
CLASS_ERROR:   11.7647058824 PRECISION:    0.8750000000 RECALL:    0.8611111111 F1SCORE:    0.8680000000
 50:0.61728  100:0.61728  150:0.61728  200:0.61728  250:0.61728  300:0.61728  350:0.61728  400:0.61728  450:0.61728  500:0.61728 TEST REPORT=>
CLASS[  0 (  6)] FAIL=16.67% 
CLASS[  1 (  4)] FAIL=25.00% 
CLASS[  2 (  7)] FAIL= 0.00% 
GENERATION=  981 FITNESS=   -0.6173% TEST_ERROR=     11.76%
PROGRAMS=
if(!(x9<=(x4+cos((exp(((x13-cos((-5.19)))+(-41.81)))/(-9.94))))|x7<x9|x10-x6<=cos(sin((-4.57))))) CLASS=0.00
else 
if(x6>=x10-x12|x7+x11>=x3) CLASS=1.00
else 
CLASS=2.00
** CONFUSION MATRIX ** Number of classes: 3
   5    1    0 
   0    3    1 
   0    0    7 
TEST REPORT=>
CLASS[  0 (  6)] FAIL=16.67% 
CLASS[  1 (  4)] FAIL=25.00% 
CLASS[  2 (  7)] FAIL= 0.00% 
CLASS_ERROR:   11.7647058824 PRECISION:    0.8750000000 RECALL:    0.8611111111 F1SCORE:    0.8680000000
 50:0.61728  100:0.61728  150:0.61728  200:0.61728  250:0.61728  300:0.61728  350:0.61728  400:0.61728  450:0.61728  500:0.61728 TEST REPORT=>
CLASS[  0 (  6)] FAIL=16.67% 
CLASS[  1 (  4)] FAIL=25.00% 
CLASS[  2 (  7)] FAIL= 0.00% 
GENERATION=  982 FITNESS=   -0.6173% TEST_ERROR=     11.76%
PROGRAMS=
if(!(x9<=(x4+cos((exp(((x13-cos((-5.19)))+(-41.81)))/(-9.94))))|x7<x9|x10-x6<=cos(sin((-4.57))))) CLASS=0.00
else 
if(x6>=x10-x12|x7+x11>=x3) CLASS=1.00
else 
CLASS=2.00
** CONFUSION MATRIX ** Number of classes: 3
   5    1    0 
   0    3    1 
   0    0    7 
TEST REPORT=>
CLASS[  0 (  6)] FAIL=16.67% 
CLASS[  1 (  4)] FAIL=25.00% 
CLASS[  2 (  7)] FAIL= 0.00% 
CLASS_ERROR:   11.7647058824 PRECISION:    0.8750000000 RECALL:    0.8611111111 F1SCORE:    0.8680000000
 50:0.61728  100:0.61728  150:0.61728  200:0.61728  250:0.61728  300:0.61728  350:0.61728  400:0.61728  450:0.61728  500:0.61728 TEST REPORT=>
CLASS[  0 (  6)] FAIL=16.67% 
CLASS[  1 (  4)] FAIL=25.00% 
CLASS[  2 (  7)] FAIL= 0.00% 
GENERATION=  983 FITNESS=   -0.6173% TEST_ERROR=     11.76%
PROGRAMS=
if(!(x9<=(x4+cos((exp(((x13-cos((-5.19)))+(-41.81)))/(-9.94))))|x7<x9|x10-x6<=cos(sin((-4.57))))) CLASS=0.00
else 
if(x6>=x10-x12|x7+x11>=x3) CLASS=1.00
else 
CLASS=2.00
** CONFUSION MATRIX ** Number of classes: 3
   5    1    0 
   0    3    1 
   0    0    7 
TEST REPORT=>
CLASS[  0 (  6)] FAIL=16.67% 
CLASS[  1 (  4)] FAIL=25.00% 
CLASS[  2 (  7)] FAIL= 0.00% 
CLASS_ERROR:   11.7647058824 PRECISION:    0.8750000000 RECALL:    0.8611111111 F1SCORE:    0.8680000000
 50:0.61728  100:0.61728  150:0.61728  200:0.61728  250:0.61728  300:0.61728  350:0.61728  400:0.61728  450:0.61728  500:0.61728 TEST REPORT=>
CLASS[  0 (  6)] FAIL=16.67% 
CLASS[  1 (  4)] FAIL=25.00% 
CLASS[  2 (  7)] FAIL= 0.00% 
GENERATION=  984 FITNESS=   -0.6173% TEST_ERROR=     11.76%
PROGRAMS=
if(!(x9<=(x4+cos((exp(((x13-cos((-5.19)))+(-41.81)))/(-9.94))))|x7<x9|x10-x6<=cos(sin((-4.57))))) CLASS=0.00
else 
if(x6>=x10-x12|x7+x11>=x3) CLASS=1.00
else 
CLASS=2.00
** CONFUSION MATRIX ** Number of classes: 3
   5    1    0 
   0    3    1 
   0    0    7 
TEST REPORT=>
CLASS[  0 (  6)] FAIL=16.67% 
CLASS[  1 (  4)] FAIL=25.00% 
CLASS[  2 (  7)] FAIL= 0.00% 
CLASS_ERROR:   11.7647058824 PRECISION:    0.8750000000 RECALL:    0.8611111111 F1SCORE:    0.8680000000
 50:0.61728  100:0.61728  150:0.61728  200:0.61728  250:0.61728  300:0.61728  350:0.61728  400:0.61728  450:0.61728  500:0.61728 TEST REPORT=>
CLASS[  0 (  6)] FAIL=16.67% 
CLASS[  1 (  4)] FAIL=25.00% 
CLASS[  2 (  7)] FAIL= 0.00% 
GENERATION=  985 FITNESS=   -0.6173% TEST_ERROR=     11.76%
PROGRAMS=
if(!(x9<=(x4+cos((exp(((x13-cos((-5.19)))+(-41.81)))/(-9.94))))|x7<x9|x10-x6<=cos(sin((-4.57))))) CLASS=0.00
else 
if(x6>=x10-x12|x7+x11>=x3) CLASS=1.00
else 
CLASS=2.00
** CONFUSION MATRIX ** Number of classes: 3
   5    1    0 
   0    3    1 
   0    0    7 
TEST REPORT=>
CLASS[  0 (  6)] FAIL=16.67% 
CLASS[  1 (  4)] FAIL=25.00% 
CLASS[  2 (  7)] FAIL= 0.00% 
CLASS_ERROR:   11.7647058824 PRECISION:    0.8750000000 RECALL:    0.8611111111 F1SCORE:    0.8680000000
 50:0.61728  100:0.61728  150:0.61728  200:0.61728  250:0.61728  300:0.61728  350:0.61728  400:0.61728  450:0.61728  500:0.61728 TEST REPORT=>
CLASS[  0 (  6)] FAIL=16.67% 
CLASS[  1 (  4)] FAIL=25.00% 
CLASS[  2 (  7)] FAIL= 0.00% 
GENERATION=  986 FITNESS=   -0.6173% TEST_ERROR=     11.76%
PROGRAMS=
if(!(x9<=(x4+cos((exp(((x13-cos((-5.19)))+(-41.81)))/(-9.94))))|x7<x9|x10-x6<=cos(sin((-4.57))))) CLASS=0.00
else 
if(x6>=x10-x12|x7+x11>=x3) CLASS=1.00
else 
CLASS=2.00
** CONFUSION MATRIX ** Number of classes: 3
   5    1    0 
   0    3    1 
   0    0    7 
TEST REPORT=>
CLASS[  0 (  6)] FAIL=16.67% 
CLASS[  1 (  4)] FAIL=25.00% 
CLASS[  2 (  7)] FAIL= 0.00% 
CLASS_ERROR:   11.7647058824 PRECISION:    0.8750000000 RECALL:    0.8611111111 F1SCORE:    0.8680000000
 50:0.61728  100:0.61728  150:0.61728  200:0.61728  250:0.61728  300:0.61728  350:0.61728  400:0.61728  450:0.61728  500:0.61728 TEST REPORT=>
CLASS[  0 (  6)] FAIL=16.67% 
CLASS[  1 (  4)] FAIL=25.00% 
CLASS[  2 (  7)] FAIL= 0.00% 
GENERATION=  987 FITNESS=   -0.6173% TEST_ERROR=     11.76%
PROGRAMS=
if(!(x9<=(x4+cos((exp(((x13-cos((-5.19)))+(-41.81)))/(-9.94))))|x7<x9|x10-x6<=cos(sin((-4.57))))) CLASS=0.00
else 
if(x6>=x10-x12|x7+x11>=x3) CLASS=1.00
else 
CLASS=2.00
** CONFUSION MATRIX ** Number of classes: 3
   5    1    0 
   0    3    1 
   0    0    7 
TEST REPORT=>
CLASS[  0 (  6)] FAIL=16.67% 
CLASS[  1 (  4)] FAIL=25.00% 
CLASS[  2 (  7)] FAIL= 0.00% 
CLASS_ERROR:   11.7647058824 PRECISION:    0.8750000000 RECALL:    0.8611111111 F1SCORE:    0.8680000000
 50:0.61728  100:0.61728  150:0.61728  200:0.61728  250:0.61728  300:0.61728  350:0.61728  400:0.61728  450:0.61728  500:0.61728 TEST REPORT=>
CLASS[  0 (  6)] FAIL=16.67% 
CLASS[  1 (  4)] FAIL=25.00% 
CLASS[  2 (  7)] FAIL= 0.00% 
GENERATION=  988 FITNESS=   -0.6173% TEST_ERROR=     11.76%
PROGRAMS=
if(!(x9<=(x4+cos((exp(((x13-cos((-5.19)))+(-41.81)))/(-9.94))))|x7<x9|x10-x6<=cos(sin((-4.57))))) CLASS=0.00
else 
if(x6>=x10-x12|x7+x11>=x3) CLASS=1.00
else 
CLASS=2.00
** CONFUSION MATRIX ** Number of classes: 3
   5    1    0 
   0    3    1 
   0    0    7 
TEST REPORT=>
CLASS[  0 (  6)] FAIL=16.67% 
CLASS[  1 (  4)] FAIL=25.00% 
CLASS[  2 (  7)] FAIL= 0.00% 
CLASS_ERROR:   11.7647058824 PRECISION:    0.8750000000 RECALL:    0.8611111111 F1SCORE:    0.8680000000
 50:0.61728  100:0.61728  150:0.61728  200:0.61728  250:0.61728  300:0.61728  350:0.61728  400:0.61728  450:0.61728  500:0.61728 TEST REPORT=>
CLASS[  0 (  6)] FAIL=16.67% 
CLASS[  1 (  4)] FAIL=25.00% 
CLASS[  2 (  7)] FAIL= 0.00% 
GENERATION=  989 FITNESS=   -0.6173% TEST_ERROR=     11.76%
PROGRAMS=
if(!(x9<=(x4+cos((exp(((x13-cos((-5.19)))+(-41.81)))/(-9.94))))|x7<x9|x10-x6<=cos(sin((-4.57))))) CLASS=0.00
else 
if(x6>=x10-x12|x7+x11>=x3) CLASS=1.00
else 
CLASS=2.00
** CONFUSION MATRIX ** Number of classes: 3
   5    1    0 
   0    3    1 
   0    0    7 
TEST REPORT=>
CLASS[  0 (  6)] FAIL=16.67% 
CLASS[  1 (  4)] FAIL=25.00% 
CLASS[  2 (  7)] FAIL= 0.00% 
CLASS_ERROR:   11.7647058824 PRECISION:    0.8750000000 RECALL:    0.8611111111 F1SCORE:    0.8680000000
 50:0.61728  100:0.61728  150:0.61728  200:0.61728  250:0.61728  300:0.61728  350:0.61728  400:0.61728  450:0.61728  500:0.61728 TEST REPORT=>
CLASS[  0 (  6)] FAIL=16.67% 
CLASS[  1 (  4)] FAIL=25.00% 
CLASS[  2 (  7)] FAIL= 0.00% 
GENERATION=  990 FITNESS=   -0.6173% TEST_ERROR=     11.76%
PROGRAMS=
if(!(x9<=(x4+cos((exp(((x13-cos((-5.19)))+(-41.81)))/(-9.94))))|x7<x9|x10-x6<=cos(sin((-4.57))))) CLASS=0.00
else 
if(x6>=x10-x12|x7+x11>=x3) CLASS=1.00
else 
CLASS=2.00
** CONFUSION MATRIX ** Number of classes: 3
   5    1    0 
   0    3    1 
   0    0    7 
TEST REPORT=>
CLASS[  0 (  6)] FAIL=16.67% 
CLASS[  1 (  4)] FAIL=25.00% 
CLASS[  2 (  7)] FAIL= 0.00% 
CLASS_ERROR:   11.7647058824 PRECISION:    0.8750000000 RECALL:    0.8611111111 F1SCORE:    0.8680000000
 50:0.61728  100:0.61728  150:0.61728  200:0.61728  250:0.61728  300:0.61728  350:0.61728  400:0.61728  450:0.61728  500:0.61728 TEST REPORT=>
CLASS[  0 (  6)] FAIL=16.67% 
CLASS[  1 (  4)] FAIL=25.00% 
CLASS[  2 (  7)] FAIL= 0.00% 
GENERATION=  991 FITNESS=   -0.6173% TEST_ERROR=     11.76%
PROGRAMS=
if(!(x9<=(x4+cos((exp(((x13-cos((-5.19)))+(-41.81)))/(-9.94))))|x7<x9|x10-x6<=cos(sin((-4.57))))) CLASS=0.00
else 
if(x6>=x10-x12|x7+x11>=x3) CLASS=1.00
else 
CLASS=2.00
** CONFUSION MATRIX ** Number of classes: 3
   5    1    0 
   0    3    1 
   0    0    7 
TEST REPORT=>
CLASS[  0 (  6)] FAIL=16.67% 
CLASS[  1 (  4)] FAIL=25.00% 
CLASS[  2 (  7)] FAIL= 0.00% 
CLASS_ERROR:   11.7647058824 PRECISION:    0.8750000000 RECALL:    0.8611111111 F1SCORE:    0.8680000000
 50:0.61728  100:0.61728  150:0.61728  200:0.61728  250:0.61728  300:0.61728  350:0.61728  400:0.61728  450:0.61728  500:0.61728 TEST REPORT=>
CLASS[  0 (  6)] FAIL=16.67% 
CLASS[  1 (  4)] FAIL=25.00% 
CLASS[  2 (  7)] FAIL= 0.00% 
GENERATION=  992 FITNESS=   -0.6173% TEST_ERROR=     11.76%
PROGRAMS=
if(!(x9<=(x4+cos((exp(((x13-cos((-5.19)))+(-41.81)))/(-9.94))))|x7<x9|x10-x6<=cos(sin((-4.57))))) CLASS=0.00
else 
if(x6>=x10-x12|x7+x11>=x3) CLASS=1.00
else 
CLASS=2.00
** CONFUSION MATRIX ** Number of classes: 3
   5    1    0 
   0    3    1 
   0    0    7 
TEST REPORT=>
CLASS[  0 (  6)] FAIL=16.67% 
CLASS[  1 (  4)] FAIL=25.00% 
CLASS[  2 (  7)] FAIL= 0.00% 
CLASS_ERROR:   11.7647058824 PRECISION:    0.8750000000 RECALL:    0.8611111111 F1SCORE:    0.8680000000
 50:0.61728  100:0.61728  150:0.61728  200:0.61728  250:0.61728  300:0.61728  350:0.61728  400:0.61728  450:0.61728  500:0.61728 TEST REPORT=>
CLASS[  0 (  6)] FAIL=16.67% 
CLASS[  1 (  4)] FAIL=25.00% 
CLASS[  2 (  7)] FAIL= 0.00% 
GENERATION=  993 FITNESS=   -0.6173% TEST_ERROR=     11.76%
PROGRAMS=
if(!(x9<=(x4+cos((exp(((x13-cos((-5.19)))+(-41.81)))/(-9.94))))|x7<x9|x10-x6<=cos(sin((-4.57))))) CLASS=0.00
else 
if(x6>=x10-x12|x7+x11>=x3) CLASS=1.00
else 
CLASS=2.00
** CONFUSION MATRIX ** Number of classes: 3
   5    1    0 
   0    3    1 
   0    0    7 
TEST REPORT=>
CLASS[  0 (  6)] FAIL=16.67% 
CLASS[  1 (  4)] FAIL=25.00% 
CLASS[  2 (  7)] FAIL= 0.00% 
CLASS_ERROR:   11.7647058824 PRECISION:    0.8750000000 RECALL:    0.8611111111 F1SCORE:    0.8680000000
 50:0.61728  100:0.61728  150:0.61728  200:0.61728  250:0.61728  300:0.61728  350:0.61728  400:0.61728  450:0.61728  500:0.61728 TEST REPORT=>
CLASS[  0 (  6)] FAIL=16.67% 
CLASS[  1 (  4)] FAIL=25.00% 
CLASS[  2 (  7)] FAIL= 0.00% 
GENERATION=  994 FITNESS=   -0.6173% TEST_ERROR=     11.76%
PROGRAMS=
if(!(x9<=(x4+cos((exp(((x13-cos((-5.19)))+(-41.81)))/(-9.94))))|x7<x9|x10-x6<=cos(sin((-4.57))))) CLASS=0.00
else 
if(x6>=x10-x12|x7+x11>=x3) CLASS=1.00
else 
CLASS=2.00
** CONFUSION MATRIX ** Number of classes: 3
   5    1    0 
   0    3    1 
   0    0    7 
TEST REPORT=>
CLASS[  0 (  6)] FAIL=16.67% 
CLASS[  1 (  4)] FAIL=25.00% 
CLASS[  2 (  7)] FAIL= 0.00% 
CLASS_ERROR:   11.7647058824 PRECISION:    0.8750000000 RECALL:    0.8611111111 F1SCORE:    0.8680000000
 50:0.61728  100:0.61728  150:0.61728  200:0.61728  250:0.61728  300:0.61728  350:0.61728  400:0.61728  450:0.61728  500:0.61728 
TARGETED STAGNATION BURST generation=995 stagnation=20
TARGETED_BEST[0] START fitness=-0.6172839506
TARGETED_BEST[0] END fitness=-0.6172839506 accepted=0
TARGETED_BEST[1] START fitness=-0.6172839506
TARGETED_BEST[1] END fitness=-0.6172839506 accepted=0
TARGETED_BEST[2] START fitness=-0.6172839506
TARGETED_BEST[2] END fitness=-0.6172839506 accepted=0
TARGETED_BEST[3] START fitness=-0.6172839506
TARGETED_BEST[3] END fitness=-0.6172839506 accepted=0
TARGETED_BEST[4] START fitness=-0.6172839506
TARGETED_BEST[4] END fitness=-0.6172839506 accepted=0
TARGETED_BEST[5] START fitness=-0.6172839506
TARGETED_BEST[5] END fitness=-0.6172839506 accepted=0
TARGETED_BEST[6] START fitness=-0.6172839506
TARGETED_BEST[6] END fitness=-0.6172839506 accepted=0
TARGETED_BEST[7] START fitness=-0.6172839506
TARGETED_BEST[7] END fitness=-0.6172839506 accepted=0
TARGETED_BEST[8] START fitness=-0.6172839506
TARGETED_BEST[8] END fitness=-0.6172839506 accepted=0
TARGETED_BEST[9] START fitness=-0.6172839506
TARGETED_BEST[9] END fitness=-0.6172839506 accepted=0
TARGETED_BEST[10] START fitness=-0.6172839506
TARGETED_BEST[10] END fitness=-0.6172839506 accepted=0
TARGETED_BEST[11] START fitness=-0.6172839506
TARGETED_BEST[11] END fitness=-0.6172839506 accepted=0
TARGETED_BEST[12] START fitness=-0.6172839506
TARGETED_BEST[12] END fitness=-0.6172839506 accepted=0
TARGETED_BEST[13] START fitness=-0.6172839506
TARGETED_BEST[13] END fitness=-0.6172839506 accepted=0
TARGETED_BEST[14] START fitness=-0.6172839506
TARGETED_BEST[14] END fitness=-0.6172839506 accepted=0
TARGETED_BEST[15] START fitness=-0.6172839506
TARGETED_BEST[15] iter=1 type=VARIABLE codon=2 rule=8->1 fitness=-0.6172839506->-0.0000000000
TARGETED_BEST[15] END fitness=-0.0000000000 accepted=1
TARGETED_BEST[16] START fitness=-0.6172839506
TARGETED_BEST[16] END fitness=-0.6172839506 accepted=0
TARGETED_BEST[17] START fitness=-0.6172839506
TARGETED_BEST[17] END fitness=-0.6172839506 accepted=0
TARGETED_BEST[18] START fitness=-0.6172839506
TARGETED_BEST[18] END fitness=-0.6172839506 accepted=0
TARGETED_BEST[19] START fitness=-0.6172839506
TARGETED_BEST[19] END fitness=-0.6172839506 accepted=0
TEST REPORT=>
CLASS[  0 (  6)] FAIL=33.33% 
CLASS[  1 (  4)] FAIL=25.00% 
CLASS[  2 (  7)] FAIL= 0.00% 
GENERATION=  995 FITNESS=        -0% TEST_ERROR=     17.65%
PROGRAMS=
if(!(x2<=(x10+cos((exp(((x13-cos((-0.31)))+(-16.33)))/(-71.4))))|x7<=x9|x10-x6<exp(exp((-56.58))))) CLASS=0.00
else 
if(x6>x10-x12|x7+x11>x3) CLASS=1.00
else 
CLASS=2.00
